"term","estimate","std.error","statistic","p.value","age","cause","anio_def","coef","se"
"(Intercept)",6.48633807412066e-16,1.72906564605262e-15,0.375135443175838,0.708404840817304,"01.menor a 20 anios","covid",NA,NA,NA
"covid",1,2.07414391112285e-16,4821266232479703,0,"01.menor a 20 anios","covid",NA,NA,NA
"factor(anio_def)2016",-1.83520970995448e-15,1.8193902398818e-15,-1.00869492961208,0.315710447826823,"01.menor a 20 anios","covid",NA,NA,NA
"factor(anio_def)2017",-1.83520970995448e-15,1.8193902398818e-15,-1.00869492961208,0.315710447826823,"01.menor a 20 anios","covid",NA,NA,NA
"factor(anio_def)2018",-1.83520970995448e-15,1.8193902398818e-15,-1.00869492961208,0.315710447826823,"01.menor a 20 anios","covid",NA,NA,NA
"factor(anio_def)2019",-1.83520970995448e-15,1.8193902398818e-15,-1.00869492961208,0.315710447826823,"01.menor a 20 anios","covid",NA,NA,NA
"factor(anio_def)2020",-1.91442018257028e-15,2.05364264844995e-15,-0.932207063393062,0.353617726628922,"01.menor a 20 anios","covid",NA,NA,NA
"factor(anio_def)2021",-1.53684310095561e-15,1.9866477662985e-15,-0.773586101686781,0.441116729959295,"01.menor a 20 anios","covid",NA,NA,NA
"factor(anio_def)2022",-1.92584843480568e-15,1.73292955059737e-15,-1.11132528967598,0.269262794969747,"01.menor a 20 anios","covid",NA,NA,NA
"factor(anio_def)2023",-1.8300531058123e-15,1.94407150044916e-15,-0.941350719554029,0.348938087314634,"01.menor a 20 anios","covid",NA,NA,NA
"factor(anio_def)2024",-1.64610690481655e-15,1.68338155334363e-15,-0.977857278729805,0.330654858535781,"01.menor a 20 anios","covid",NA,NA,NA
"factor(month)2",1.80621599770285e-15,2.25740354179906e-15,0.800129867902737,0.425653064948592,"01.menor a 20 anios","covid",NA,NA,NA
"factor(month)3",-2.0706192436917e-16,3.73270988707955e-16,-0.554722790233166,0.580401822176184,"01.menor a 20 anios","covid",NA,NA,NA
"factor(month)4",-1.61548722494872e-16,3.88229884574965e-16,-0.41611614384538,0.678273541193562,"01.menor a 20 anios","covid",NA,NA,NA
"factor(month)5",-1.10371628129761e-16,3.94091255966121e-16,-0.280066168581141,0.780042136026786,"01.menor a 20 anios","covid",NA,NA,NA
"factor(month)6",-2.47008290976641e-16,3.90368283125133e-16,-0.63275706980903,0.528428582342535,"01.menor a 20 anios","covid",NA,NA,NA
"factor(month)7",-2.53215329360598e-16,3.92405240587111e-16,-0.64529038649367,0.520310979454614,"01.menor a 20 anios","covid",NA,NA,NA
"factor(month)8",-2.34425902524168e-16,4.06846806587572e-16,-0.576201898917225,0.565855815990409,"01.menor a 20 anios","covid",NA,NA,NA
"factor(month)9",-1.78005336731625e-16,3.84031026144652e-16,-0.463518113415596,0.644064524878885,"01.menor a 20 anios","covid",NA,NA,NA
"factor(month)10",-3.43927454330204e-16,4.16823309101023e-16,-0.825115694877918,0.411394958200305,"01.menor a 20 anios","covid",NA,NA,NA
"factor(month)11",-1.0315591977146e-16,3.94153372150217e-16,-0.261715177542985,0.794113655589204,"01.menor a 20 anios","covid",NA,NA,NA
"factor(month)12",-2.26915543729219e-16,3.75874883857426e-16,-0.603699671019494,0.547497433610234,"01.menor a 20 anios","covid",NA,NA,NA
"covid:factor(anio_def)2020",4.63014303005044e-17,2.25514673824121e-16,0.205314490251818,0.837770386781708,"01.menor a 20 anios","covid",NA,NA,NA
"covid:factor(anio_def)2021",3.37118960300667e-18,2.13912437267307e-16,0.0157596708544534,0.987459524060207,"01.menor a 20 anios","covid",NA,NA,NA
"covid:factor(anio_def)2022",7.15040388468854e-17,2.03944895191275e-16,0.350604700254074,0.726669412574868,"01.menor a 20 anios","covid",NA,NA,NA
"covid:factor(anio_def)2023",1.3283641957907e-16,2.99847738684507e-16,0.44301291102561,0.658774259322819,"01.menor a 20 anios","covid",NA,NA,NA
NA,NA,NA,NA,NA,"01.menor a 20 anios","covid",2015,1,2.07414391112285e-16
NA,NA,NA,NA,NA,"01.menor a 20 anios","covid",2016,NA,2.07414391112285e-16
NA,NA,NA,NA,NA,"01.menor a 20 anios","covid",2017,NA,2.07414391112285e-16
NA,NA,NA,NA,NA,"01.menor a 20 anios","covid",2018,NA,2.07414391112285e-16
NA,NA,NA,NA,NA,"01.menor a 20 anios","covid",2019,NA,2.07414391112285e-16
NA,NA,NA,NA,NA,"01.menor a 20 anios","covid",2020,1,3.70064196974922e-17
NA,NA,NA,NA,NA,"01.menor a 20 anios","covid",2021,1,1.61224493568944e-17
NA,NA,NA,NA,NA,"01.menor a 20 anios","covid",2022,1,2.53192918242308e-17
NA,NA,NA,NA,NA,"01.menor a 20 anios","covid",2023,1,1.51591185298127e-16
NA,NA,NA,NA,NA,"01.menor a 20 anios","covid",2024,NA,2.07414391112285e-16
"(Intercept)",3.52715002501277,6.55022135988073,0.53847798894494,0.591519968816283,"01.menor a 20 anios","resp",NA,NA,NA
"covid",1.63583207313997,1.719585508407,0.951294405042631,0.343894579401897,"01.menor a 20 anios","resp",NA,NA,NA
"factor(anio_def)2016",12.899999999999,8.09573456440949,1.59343168891802,0.114420557375826,"01.menor a 20 anios","resp",NA,NA,NA
"factor(anio_def)2017",0.133333333331379,6.34485343151757,0.0210144071522687,0.983278705969067,"01.menor a 20 anios","resp",NA,NA,NA
"factor(anio_def)2018",2.69999999999708,5.78961617785102,0.46635215825296,0.642042403647627,"01.menor a 20 anios","resp",NA,NA,NA
"factor(anio_def)2019",5.09999999999702,5.57248715236437,0.915210723784822,0.362422844046213,"01.menor a 20 anios","resp",NA,NA,NA
"factor(anio_def)2020",-15.9690457097634,10.7693853943867,-1.48281866837888,0.141467620386055,"01.menor a 20 anios","resp",NA,NA,NA
"factor(anio_def)2021",-5.05944240606933,7.16190964923716,-0.706437619833452,0.481663414528032,"01.menor a 20 anios","resp",NA,NA,NA
"factor(anio_def)2022",5.06883492558887,7.90148256227242,0.641504285511086,0.522756267129356,"01.menor a 20 anios","resp",NA,NA,NA
"factor(anio_def)2023",-7.08799215592782,5.47680635095858,-1.29418345322493,0.198772606106077,"01.menor a 20 anios","resp",NA,NA,NA
"factor(anio_def)2024",-6.9828460670519,5.74654521323099,-1.21513810610494,0.227356758353314,"01.menor a 20 anios","resp",NA,NA,NA
"factor(month)2",1.3425500950761,6.2502339662988,0.214799974259382,0.830388593155346,"01.menor a 20 anios","resp",NA,NA,NA
"factor(month)3",5.31027030237282,5.59344761230304,0.949373386584088,0.344865230558243,"01.menor a 20 anios","resp",NA,NA,NA
"factor(month)4",-13.0733876307285,5.32275871110047,-2.45613005215966,0.0158805958894316,"01.menor a 20 anios","resp",NA,NA,NA
"factor(month)5",-21.1522751189088,7.01624342311352,-3.01475787587802,0.0033064982978187,"01.menor a 20 anios","resp",NA,NA,NA
"factor(month)6",-7.54765743978105,11.9254367801102,-0.632904067075296,0.52833299642302,"01.menor a 20 anios","resp",NA,NA,NA
"factor(month)7",-17.0282866036458,8.25894303563345,-2.06179974001234,0.0419871186548175,"01.menor a 20 anios","resp",NA,NA,NA
"factor(month)8",-25.5615040165251,6.41046758852737,-3.98746326434468,0.000132006187830079,"01.menor a 20 anios","resp",NA,NA,NA
"factor(month)9",-12.3769592256403,5.31075820383823,-2.33054467000495,0.0219160843972792,"01.menor a 20 anios","resp",NA,NA,NA
"factor(month)10",2.77248749627438,6.59375372642501,0.420471799722123,0.675100500799785,"01.menor a 20 anios","resp",NA,NA,NA
"factor(month)11",0.298171652511171,6.42597319367609,0.0464010109479769,0.963089068084823,"01.menor a 20 anios","resp",NA,NA,NA
"factor(month)12",-5.30920981947484,5.94534464165716,-0.893002868542704,0.374136143740328,"01.menor a 20 anios","resp",NA,NA,NA
"covid:factor(anio_def)2020",-2.57669603812359,1.82740478464118,-1.41003025699614,0.161831066348439,"01.menor a 20 anios","resp",NA,NA,NA
"covid:factor(anio_def)2021",-2.52963721996651,1.77520453417903,-1.42498352796084,0.157473831477881,"01.menor a 20 anios","resp",NA,NA,NA
"covid:factor(anio_def)2022",-1.70860599639667,1.70931464238434,-0.999585420980963,0.320077417104893,"01.menor a 20 anios","resp",NA,NA,NA
"covid:factor(anio_def)2023",0.455162043801429,2.07369800777616,0.219492926209418,0.826742016184451,"01.menor a 20 anios","resp",NA,NA,NA
NA,NA,NA,NA,NA,"01.menor a 20 anios","resp",2015,1.63583207313997,1.719585508407
NA,NA,NA,NA,NA,"01.menor a 20 anios","resp",2016,NA,1.719585508407
NA,NA,NA,NA,NA,"01.menor a 20 anios","resp",2017,NA,1.719585508407
NA,NA,NA,NA,NA,"01.menor a 20 anios","resp",2018,NA,1.719585508407
NA,NA,NA,NA,NA,"01.menor a 20 anios","resp",2019,NA,1.719585508407
NA,NA,NA,NA,NA,"01.menor a 20 anios","resp",2020,-0.940863964983617,0.530212637161464
NA,NA,NA,NA,NA,"01.menor a 20 anios","resp",2021,-0.893805146826544,0.297333456786262
NA,NA,NA,NA,NA,"01.menor a 20 anios","resp",2022,-0.0727739232567037,0.172198317636251
NA,NA,NA,NA,NA,"01.menor a 20 anios","resp",2023,2.0909941169414,1.30631811908818
NA,NA,NA,NA,NA,"01.menor a 20 anios","resp",2024,NA,1.719585508407
"(Intercept)",-1.07537990559514,2.01764355369107,-0.532988051149,0.595299706216206,"01.menor a 20 anios","circ",NA,NA,NA
"covid",-0.0469684942271819,0.908516950895465,-0.0516979833792734,0.958879047006818,"01.menor a 20 anios","circ",NA,NA,NA
"factor(anio_def)2016",3.01666666666643,1.55292874158147,1.94256605978863,0.0550614253403816,"01.menor a 20 anios","circ",NA,NA,NA
"factor(anio_def)2017",4.11666666666641,1.61113846166485,2.55512903739665,0.0122201456545665,"01.menor a 20 anios","circ",NA,NA,NA
"factor(anio_def)2018",3.0499999999995,1.97931720381253,1.54093542668382,0.126692282701967,"01.menor a 20 anios","circ",NA,NA,NA
"factor(anio_def)2019",-0.0166666666674063,1.87270069965592,-0.00889980265958597,0.992917939580902,"01.menor a 20 anios","circ",NA,NA,NA
"factor(anio_def)2020",-1.13483335987738,2.25410433640061,-0.503452010428898,0.615824279486023,"01.menor a 20 anios","circ",NA,NA,NA
"factor(anio_def)2021",3.25477693529813,2.31993256258183,1.40296187388995,0.163922643192183,"01.menor a 20 anios","circ",NA,NA,NA
"factor(anio_def)2022",8.42046044866123,2.2897701561877,3.67742606213397,0.000392267852223999,"01.menor a 20 anios","circ",NA,NA,NA
"factor(anio_def)2023",7.73401016269241,2.29022719237342,3.37696198370497,0.00106737954565507,"01.menor a 20 anios","circ",NA,NA,NA
"factor(anio_def)2024",4.94305445303985,2.25328576475194,2.19370952870864,0.0307219614931103,"01.menor a 20 anios","circ",NA,NA,NA
"factor(month)2",-1.94223548274177,2.03997702466194,-0.952086939833857,0.343494644745581,"01.menor a 20 anios","circ",NA,NA,NA
"factor(month)3",0.00271064227479859,1.90249311379387,0.00142478427656074,0.998866206376933,"01.menor a 20 anios","circ",NA,NA,NA
"factor(month)4",-4.38834223047441,1.74100923303069,-2.5205737839973,0.013401196867614,"01.menor a 20 anios","circ",NA,NA,NA
"factor(month)5",-1.30813678550288,2.16103210289099,-0.605329640292189,0.546418680941835,"01.menor a 20 anios","circ",NA,NA,NA
"factor(month)6",1.02182014834878,2.61794454089993,0.390313901759556,0.697187537706867,"01.menor a 20 anios","circ",NA,NA,NA
"factor(month)7",0.250642709463107,1.55416910507519,0.161271195421801,0.872225920650103,"01.menor a 20 anios","circ",NA,NA,NA
"factor(month)8",0.124071010630345,2.36680360367067,0.052421337553282,0.958304214578026,"01.menor a 20 anios","circ",NA,NA,NA
"factor(month)9",-3.70742303055989,2.08735771063204,-1.77613209833465,0.0789468495844447,"01.menor a 20 anios","circ",NA,NA,NA
"factor(month)10",-0.125234691617243,1.9609696615711,-0.0638636558593706,0.949214404469341,"01.menor a 20 anios","circ",NA,NA,NA
"factor(month)11",-0.943400990235081,1.95247237086516,-0.48318276064365,0.630089501566677,"01.menor a 20 anios","circ",NA,NA,NA
"factor(month)12",-0.479912434711257,1.81751900389259,-0.26404809725974,0.792320886585039,"01.menor a 20 anios","circ",NA,NA,NA
"covid:factor(anio_def)2020",0.191294078091653,0.920343360742192,0.207850772061188,0.835795151110853,"01.menor a 20 anios","circ",NA,NA,NA
"covid:factor(anio_def)2021",0.0617924412857089,0.921299230874062,0.0670709789121225,0.946667650467325,"01.menor a 20 anios","circ",NA,NA,NA
"covid:factor(anio_def)2022",-0.0342548711534713,0.906278763929022,-0.0377972788471452,0.969929470059291,"01.menor a 20 anios","circ",NA,NA,NA
"covid:factor(anio_def)2023",-0.52853912779324,1.09324702414573,-0.483458098782609,0.629894763847325,"01.menor a 20 anios","circ",NA,NA,NA
NA,NA,NA,NA,NA,"01.menor a 20 anios","circ",2015,-0.0469684942271819,0.908516950895465
NA,NA,NA,NA,NA,"01.menor a 20 anios","circ",2016,NA,0.908516950895465
NA,NA,NA,NA,NA,"01.menor a 20 anios","circ",2017,NA,0.908516950895465
NA,NA,NA,NA,NA,"01.menor a 20 anios","circ",2018,NA,0.908516950895465
NA,NA,NA,NA,NA,"01.menor a 20 anios","circ",2019,NA,0.908516950895465
NA,NA,NA,NA,NA,"01.menor a 20 anios","circ",2020,0.144325583864471,0.127523269713792
NA,NA,NA,NA,NA,"01.menor a 20 anios","circ",2021,0.014823947058527,0.10830436153695
NA,NA,NA,NA,NA,"01.menor a 20 anios","circ",2022,-0.0812233653806532,0.0587537669375756
NA,NA,NA,NA,NA,"01.menor a 20 anios","circ",2023,-0.575507622020422,0.681814507085913
NA,NA,NA,NA,NA,"01.menor a 20 anios","circ",2024,NA,0.908516950895465
"(Intercept)",-0.328741309174578,0.358385922274517,-0.917282986698257,0.361341879415294,"01.menor a 20 anios","diabetes",NA,NA,NA
"covid",-0.568433019868638,0.255032771433392,-2.22886265429264,0.0282059635432825,"01.menor a 20 anios","diabetes",NA,NA,NA
"factor(anio_def)2016",0.525000000000018,0.399593093927413,1.31383652014613,0.192098684322863,"01.menor a 20 anios","diabetes",NA,NA,NA
"factor(anio_def)2017",0.4666666666667,0.406513470621784,1.14797343850108,0.253892681682734,"01.menor a 20 anios","diabetes",NA,NA,NA
"factor(anio_def)2018",-0.00833333333328554,0.340853758643865,-0.0244484126167213,0.980546758060962,"01.menor a 20 anios","diabetes",NA,NA,NA
"factor(anio_def)2019",0.266666666666786,0.368650744494207,0.723358546400485,0.471255818400026,"01.menor a 20 anios","diabetes",NA,NA,NA
"factor(anio_def)2020",-0.151909933487325,0.463054927185011,-0.328060289544505,0.743595690361142,"01.menor a 20 anios","diabetes",NA,NA,NA
"factor(anio_def)2021",-0.14539259957013,0.568902761111435,-0.255566696997715,0.798843826132293,"01.menor a 20 anios","diabetes",NA,NA,NA
"factor(anio_def)2022",-0.474743812827855,0.474870378094454,-0.999733474075374,0.320006123232608,"01.menor a 20 anios","diabetes",NA,NA,NA
"factor(anio_def)2023",-0.898937689061849,0.397196445137566,-2.26320678361185,0.0259239765503705,"01.menor a 20 anios","diabetes",NA,NA,NA
"factor(anio_def)2024",-0.337269731786887,0.670560817826888,-0.502966655403293,0.616164177311387,"01.menor a 20 anios","diabetes",NA,NA,NA
"factor(month)2",0.0777322593051165,0.351184940100879,0.221342803830903,0.825305638609108,"01.menor a 20 anios","diabetes",NA,NA,NA
"factor(month)3",0.861443052541811,0.472519359202075,1.82308520437448,0.0714690630967283,"01.menor a 20 anios","diabetes",NA,NA,NA
"factor(month)4",-0.119812479527636,0.489508914811512,-0.244760566973065,0.80717533697132,"01.menor a 20 anios","diabetes",NA,NA,NA
"factor(month)5",-0.274947398630228,0.489922388304612,-0.561206030166718,0.575992547871752,"01.menor a 20 anios","diabetes",NA,NA,NA
"factor(month)6",0.476251190796983,0.443001484032202,1.07505552004509,0.285101597785248,"01.menor a 20 anios","diabetes",NA,NA,NA
"factor(month)7",0.134948627522266,0.586898542108307,0.22993518954314,0.818641756056796,"01.menor a 20 anios","diabetes",NA,NA,NA
"factor(month)8",-0.376844424482725,0.321417897258262,-1.17244381130378,0.243981697746522,"01.menor a 20 anios","diabetes",NA,NA,NA
"factor(month)9",-0.0516333853870516,0.374544597545111,-0.137856441463777,0.890648749618083,"01.menor a 20 anios","diabetes",NA,NA,NA
"factor(month)10",-0.10346745705812,0.427088773218657,-0.242262179542584,0.809104795698478,"01.menor a 20 anios","diabetes",NA,NA,NA
"factor(month)11",0.349925924787906,0.471772036140421,0.741726719647606,0.460102137361172,"01.menor a 20 anios","diabetes",NA,NA,NA
"factor(month)12",-0.0287001993604445,0.387510102868775,-0.0740630996404329,0.941117557351964,"01.menor a 20 anios","diabetes",NA,NA,NA
"covid:factor(anio_def)2020",0.625199835386851,0.261562066571103,2.39025422754449,0.0188310321184182,"01.menor a 20 anios","diabetes",NA,NA,NA
"covid:factor(anio_def)2021",0.580436374561295,0.255524840355138,2.27154578691677,0.0253949876366059,"01.menor a 20 anios","diabetes",NA,NA,NA
"covid:factor(anio_def)2022",0.602938530308734,0.254389789694985,2.37013651778894,0.0198244293706097,"01.menor a 20 anios","diabetes",NA,NA,NA
"covid:factor(anio_def)2023",0.580136286665159,0.294408700493917,1.97051339071124,0.051721583265439,"01.menor a 20 anios","diabetes",NA,NA,NA
NA,NA,NA,NA,NA,"01.menor a 20 anios","diabetes",2015,-0.568433019868638,0.255032771433392
NA,NA,NA,NA,NA,"01.menor a 20 anios","diabetes",2016,NA,0.255032771433392
NA,NA,NA,NA,NA,"01.menor a 20 anios","diabetes",2017,NA,0.255032771433392
NA,NA,NA,NA,NA,"01.menor a 20 anios","diabetes",2018,NA,0.255032771433392
NA,NA,NA,NA,NA,"01.menor a 20 anios","diabetes",2019,NA,0.255032771433392
NA,NA,NA,NA,NA,"01.menor a 20 anios","diabetes",2020,0.0567668155182134,0.036408104809974
NA,NA,NA,NA,NA,"01.menor a 20 anios","diabetes",2021,0.0120033546926575,0.018946354880742
NA,NA,NA,NA,NA,"01.menor a 20 anios","diabetes",2022,0.0345055104400965,0.00800066554566426
NA,NA,NA,NA,NA,"01.menor a 20 anios","diabetes",2023,0.0117032667965212,0.137853657494105
NA,NA,NA,NA,NA,"01.menor a 20 anios","diabetes",2024,NA,0.255032771433392
"(Intercept)",-0.00168452931825058,0.0168772945063184,-0.0998103883071982,0.920707419979918,"01.menor a 20 anios","alzheimer",NA,NA,NA
"covid",0.00591244016104808,0.00815840064309174,0.724705787286205,0.470432618314305,"01.menor a 20 anios","alzheimer",NA,NA,NA
"factor(anio_def)2016",-0.00833333333333292,0.0130912616681339,-0.636556929697426,0.525960576315764,"01.menor a 20 anios","alzheimer",NA,NA,NA
"factor(anio_def)2017",-0.0166666666666622,0.0130912616681339,-1.27311385939458,0.206117199496038,"01.menor a 20 anios","alzheimer",NA,NA,NA
"factor(anio_def)2018",0.0583333333333382,0.0814353500911421,0.71631463815225,0.475572952576463,"01.menor a 20 anios","alzheimer",NA,NA,NA
"factor(anio_def)2019",-0.0333333333333244,0.013091261668134,-2.54622771878913,0.0125150684111064,"01.menor a 20 anios","alzheimer",NA,NA,NA
"factor(anio_def)2020",-0.0368108577846289,0.0115859702019678,-3.17719251326719,0.0020125827455641,"01.menor a 20 anios","alzheimer",NA,NA,NA
"factor(anio_def)2021",-0.0354136905544546,0.0176439213260482,-2.00713264925821,0.0476073915195461,"01.menor a 20 anios","alzheimer",NA,NA,NA
"factor(anio_def)2022",-0.060004409967195,0.0142339732155074,-4.21557699025472,5.72423411916558e-05,"01.menor a 20 anios","alzheimer",NA,NA,NA
"factor(anio_def)2023",-0.0684984201997671,0.0147566613523063,-4.64186434616944,1.11779810497637e-05,"01.menor a 20 anios","alzheimer",NA,NA,NA
"factor(anio_def)2024",-0.0804197368142721,0.0176729618132832,-4.55043912072666,1.59867069708862e-05,"01.menor a 20 anios","alzheimer",NA,NA,NA
"factor(month)2",-0.00205822142784458,0.0135479120230794,-0.151921670611554,0.879574308961589,"01.menor a 20 anios","alzheimer",NA,NA,NA
"factor(month)3",-0.00587524277544535,0.0140201070521285,-0.419058339112568,0.676129549544507,"01.menor a 20 anios","alzheimer",NA,NA,NA
"factor(month)4",-0.00586551122947201,0.0147221424339695,-0.39841424274894,0.691228380011259,"01.menor a 20 anios","alzheimer",NA,NA,NA
"factor(month)5",-0.00714209556394316,0.0152084223398656,-0.469614494149185,0.639718027136416,"01.menor a 20 anios","alzheimer",NA,NA,NA
"factor(month)6",-0.00875702278907091,0.0155172349287839,-0.564341703226193,0.573865745038566,"01.menor a 20 anios","alzheimer",NA,NA,NA
"factor(month)7",0.0904153535970961,0.103214877691427,0.875991481261097,0.383267705369419,"01.menor a 20 anios","alzheimer",NA,NA,NA
"factor(month)8",-0.00958368020093872,0.01521245266828,-0.629989154932392,0.53023010594025,"01.menor a 20 anios","alzheimer",NA,NA,NA
"factor(month)9",-0.0107562817340405,0.0142565687997362,-0.754478997375548,0.45244767466573,"01.menor a 20 anios","alzheimer",NA,NA,NA
"factor(month)10",-0.00810584486398617,0.0151377678154181,-0.535471607361437,0.593588428871412,"01.menor a 20 anios","alzheimer",NA,NA,NA
"factor(month)11",-0.0076025173441604,0.01425361881926,-0.533374537411343,0.595033250265174,"01.menor a 20 anios","alzheimer",NA,NA,NA
"factor(month)12",-0.00445458382479708,0.0143563406287093,-0.310286857912034,0.757029734411417,"01.menor a 20 anios","alzheimer",NA,NA,NA
"covid:factor(anio_def)2020",-0.00636414331286435,0.00850845651213879,-0.747978590921255,0.456340330019473,"01.menor a 20 anios","alzheimer",NA,NA,NA
"covid:factor(anio_def)2021",-0.00673808031834235,0.00872921831894732,-0.771899621724081,0.442110156596521,"01.menor a 20 anios","alzheimer",NA,NA,NA
"covid:factor(anio_def)2022",-0.00579307754434243,0.00806661875649433,-0.718154374120941,0.4744432765787,"01.menor a 20 anios","alzheimer",NA,NA,NA
"covid:factor(anio_def)2023",-0.00453862501120928,0.00785444619499714,-0.577841505121028,0.564752793248013,"01.menor a 20 anios","alzheimer",NA,NA,NA
NA,NA,NA,NA,NA,"01.menor a 20 anios","alzheimer",2015,0.00591244016104808,0.00815840064309174
NA,NA,NA,NA,NA,"01.menor a 20 anios","alzheimer",2016,NA,0.00815840064309174
NA,NA,NA,NA,NA,"01.menor a 20 anios","alzheimer",2017,NA,0.00815840064309174
NA,NA,NA,NA,NA,"01.menor a 20 anios","alzheimer",2018,NA,0.00815840064309174
NA,NA,NA,NA,NA,"01.menor a 20 anios","alzheimer",2019,NA,0.00815840064309174
NA,NA,NA,NA,NA,"01.menor a 20 anios","alzheimer",2020,-0.000451703151816261,0.00075428388664222
NA,NA,NA,NA,NA,"01.menor a 20 anios","alzheimer",2021,-0.000825640157294267,0.00114103324810673
NA,NA,NA,NA,NA,"01.menor a 20 anios","alzheimer",2022,0.000119362616705654,0.000210439877972922
NA,NA,NA,NA,NA,"01.menor a 20 anios","alzheimer",2023,0.00137381514983881,0.00283069263710402
NA,NA,NA,NA,NA,"01.menor a 20 anios","alzheimer",2024,NA,0.00815840064309174
"(Intercept)",-0.987999656972935,1.21951464070424,-0.810158094045009,0.419895588698116,"01.menor a 20 anios","metabolic",NA,NA,NA
"covid",0.327923296136504,0.64444093741183,0.508849263135722,0.612050196476275,"01.menor a 20 anios","metabolic",NA,NA,NA
"factor(anio_def)2016",0.162766475464399,1.08534723570617,0.149967190323654,0.881111814585627,"01.menor a 20 anios","metabolic",NA,NA,NA
"factor(anio_def)2017",1.5755329509288,1.07628872682557,1.46385715250936,0.146569163918067,"01.menor a 20 anios","metabolic",NA,NA,NA
"factor(anio_def)2018",0.571632759726529,1.00696424225634,0.567679303532816,0.571606144367496,"01.menor a 20 anios","metabolic",NA,NA,NA
"factor(anio_def)2019",-0.0989340981424065,0.972353545223659,-0.101747043170033,0.919174185974945,"01.menor a 20 anios","metabolic",NA,NA,NA
"factor(anio_def)2020",-1.756847900456,1.03336745697633,-1.70011924470372,0.0924151168849101,"01.menor a 20 anios","metabolic",NA,NA,NA
"factor(anio_def)2021",0.188238985780891,1.39124088633136,0.135302942596281,0.892661672997357,"01.menor a 20 anios","metabolic",NA,NA,NA
"factor(anio_def)2022",-1.87698254252204,1.18223513582287,-1.58765586104459,0.115722374985526,"01.menor a 20 anios","metabolic",NA,NA,NA
"factor(anio_def)2023",-2.40890211168311,1.44904807132932,-1.66240317305226,0.0997632164533663,"01.menor a 20 anios","metabolic",NA,NA,NA
"factor(anio_def)2024",-2.58569807561221,1.15355314591921,-2.24150754107805,0.0273460897839243,"01.menor a 20 anios","metabolic",NA,NA,NA
"factor(month)2",0.0595253870882484,1.09283635331857,0.054468710623956,0.956677336103117,"01.menor a 20 anios","metabolic",NA,NA,NA
"factor(month)3",0.967999381938371,1.16335072790756,0.832078717722077,0.407473418149648,"01.menor a 20 anios","metabolic",NA,NA,NA
"factor(month)4",0.782343107849928,1.23468154948384,0.633639587614304,0.527854853890411,"01.menor a 20 anios","metabolic",NA,NA,NA
"factor(month)5",0.666553021138679,1.24570909566461,0.535079195823854,0.593858665111201,"01.menor a 20 anios","metabolic",NA,NA,NA
"factor(month)6",1.51949896690702,1.24940075002338,1.21618221125494,0.226960724988804,"01.menor a 20 anios","metabolic",NA,NA,NA
"factor(month)7",1.68082678912236,1.59503833978302,1.05378456880918,0.294682729193775,"01.menor a 20 anios","metabolic",NA,NA,NA
"factor(month)8",-0.746130145913992,1.18045819774039,-0.632068248873378,0.52887661177512,"01.menor a 20 anios","metabolic",NA,NA,NA
"factor(month)9",1.3732496576843,1.24259514786755,1.10514648318156,0.271916794801136,"01.menor a 20 anios","metabolic",NA,NA,NA
"factor(month)10",-0.242274862637148,1.09757380501448,-0.220736739096968,0.825776165517386,"01.menor a 20 anios","metabolic",NA,NA,NA
"factor(month)11",0.226838400661252,1.08576173620189,0.208920975107076,0.834962000444764,"01.menor a 20 anios","metabolic",NA,NA,NA
"factor(month)12",0.260919705087915,1.17349892515202,0.222343369470164,0.824528974943987,"01.menor a 20 anios","metabolic",NA,NA,NA
"covid:factor(anio_def)2020",-0.313596448591264,0.650147955718177,-0.482346281078212,0.630681276551569,"01.menor a 20 anios","metabolic",NA,NA,NA
"covid:factor(anio_def)2021",-0.415374624419211,0.645929298203084,-0.643065155234087,0.521747439194465,"01.menor a 20 anios","metabolic",NA,NA,NA
"covid:factor(anio_def)2022",-0.31485082917654,0.642132443425572,-0.490320700036446,0.625049540317449,"01.menor a 20 anios","metabolic",NA,NA,NA
"covid:factor(anio_def)2023",-0.482147859587779,0.836180336191661,-0.576607507638478,0.565582850429156,"01.menor a 20 anios","metabolic",NA,NA,NA
NA,NA,NA,NA,NA,"01.menor a 20 anios","metabolic",2015,0.327923296136504,0.64444093741183
NA,NA,NA,NA,NA,"01.menor a 20 anios","metabolic",2016,NA,0.64444093741183
NA,NA,NA,NA,NA,"01.menor a 20 anios","metabolic",2017,NA,0.64444093741183
NA,NA,NA,NA,NA,"01.menor a 20 anios","metabolic",2018,NA,0.64444093741183
NA,NA,NA,NA,NA,"01.menor a 20 anios","metabolic",2019,NA,0.64444093741183
NA,NA,NA,NA,NA,"01.menor a 20 anios","metabolic",2020,0.0143268475452391,0.0400640695963013
NA,NA,NA,NA,NA,"01.menor a 20 anios","metabolic",2021,-0.0874513282827077,0.0423626734828757
NA,NA,NA,NA,NA,"01.menor a 20 anios","metabolic",2022,0.0130724669599638,0.0169899664532044
NA,NA,NA,NA,NA,"01.menor a 20 anios","metabolic",2023,-0.154224563451275,0.55466541128203
NA,NA,NA,NA,NA,"01.menor a 20 anios","metabolic",2024,NA,0.64444093741183
"(Intercept)",0.862674357865455,0.900200383865366,0.958313696958473,0.340362960770581,"01.menor a 20 anios","anemia",NA,NA,NA
"covid",0.456130678201811,0.305710812458041,1.49203318827467,0.139039052848188,"01.menor a 20 anios","anemia",NA,NA,NA
"factor(anio_def)2016",0.758333333333248,0.64448534541355,1.17664945949492,0.242306508957374,"01.menor a 20 anios","anemia",NA,NA,NA
"factor(anio_def)2017",0.349999999999945,0.692671093526542,0.505290322161442,0.614537655161083,"01.menor a 20 anios","anemia",NA,NA,NA
"factor(anio_def)2018",-0.141666666666805,0.704966511946736,-0.200955172006112,0.841167809921014,"01.menor a 20 anios","anemia",NA,NA,NA
"factor(anio_def)2019",0.449999999999892,0.62070480608597,0.724982303323048,0.470263759484899,"01.menor a 20 anios","anemia",NA,NA,NA
"factor(anio_def)2020",-0.146465625359183,0.587472312913373,-0.249314941555008,0.8036611503797,"01.menor a 20 anios","anemia",NA,NA,NA
"factor(anio_def)2021",1.32297095854013,0.79244512602217,1.6694795829978,0.0983495572420013,"01.menor a 20 anios","anemia",NA,NA,NA
"factor(anio_def)2022",1.00449421507795,0.515108389738862,1.95006378286167,0.0541479516973536,"01.menor a 20 anios","anemia",NA,NA,NA
"factor(anio_def)2023",1.35503162333726,0.683360848580921,1.98289326371439,0.0502980940668644,"01.menor a 20 anios","anemia",NA,NA,NA
"factor(anio_def)2024",1.82354687831482,0.631956955342822,2.88555551592211,0.00484592385033987,"01.menor a 20 anios","anemia",NA,NA,NA
"factor(month)2",-1.82514850357987,0.81440055272219,-2.24109438221669,0.0273738179926481,"01.menor a 20 anios","anemia",NA,NA,NA
"factor(month)3",-2.33899620835869,0.852384349070008,-2.74406282906372,0.00726882928343801,"01.menor a 20 anios","anemia",NA,NA,NA
"factor(month)4",-2.09659580845517,0.885299500466558,-2.36823335758153,0.0199207712385389,"01.menor a 20 anios","anemia",NA,NA,NA
"factor(month)5",-1.39723803954198,0.752563131649013,-1.85663897257411,0.0664945146055878,"01.menor a 20 anios","anemia",NA,NA,NA
"factor(month)6",-0.339462205743451,0.817140584025284,-0.415426931888806,0.678776156810126,"01.menor a 20 anios","anemia",NA,NA,NA
"factor(month)7",-1.34727456675605,0.824544981595247,-1.6339612717665,0.105611970519845,"01.menor a 20 anios","anemia",NA,NA,NA
"factor(month)8",-1.18485594474374,0.74346938767451,-1.59368491075314,0.114363752584095,"01.menor a 20 anios","anemia",NA,NA,NA
"factor(month)9",-1.11800476865595,0.792661284937765,-1.41044452391002,0.161709120172931,"01.menor a 20 anios","anemia",NA,NA,NA
"factor(month)10",-0.6639775734348,0.893244519518689,-0.743332378677872,0.459134318682001,"01.menor a 20 anios","anemia",NA,NA,NA
"factor(month)11",-0.0966207293844553,0.961921471778607,-0.100445548019426,0.920204535879819,"01.menor a 20 anios","anemia",NA,NA,NA
"factor(month)12",-1.34391794673158,0.784088909159405,-1.71398668063338,0.0898269349431918,"01.menor a 20 anios","anemia",NA,NA,NA
"covid:factor(anio_def)2020",-0.438629999873832,0.309202428269937,-1.41858523662985,0.159327047499935,"01.menor a 20 anios","anemia",NA,NA,NA
"covid:factor(anio_def)2021",-0.466864883402205,0.307705789536937,-1.51724439148443,0.132561005903916,"01.menor a 20 anios","anemia",NA,NA,NA
"covid:factor(anio_def)2022",-0.440380264993102,0.30563520076584,-1.44086893096616,0.152944519724264,"01.menor a 20 anios","anemia",NA,NA,NA
"covid:factor(anio_def)2023",-0.859904395704914,0.40957207658718,-2.09951909532065,0.0384504326744914,"01.menor a 20 anios","anemia",NA,NA,NA
NA,NA,NA,NA,NA,"01.menor a 20 anios","anemia",2015,0.456130678201811,0.305710812458041
NA,NA,NA,NA,NA,"01.menor a 20 anios","anemia",2016,NA,0.305710812458041
NA,NA,NA,NA,NA,"01.menor a 20 anios","anemia",2017,NA,0.305710812458041
NA,NA,NA,NA,NA,"01.menor a 20 anios","anemia",2018,NA,0.305710812458041
NA,NA,NA,NA,NA,"01.menor a 20 anios","anemia",2019,NA,0.305710812458041
NA,NA,NA,NA,NA,"01.menor a 20 anios","anemia",2020,0.0175006783279786,0.0273115023646876
NA,NA,NA,NA,NA,"01.menor a 20 anios","anemia",2021,-0.0107342052003939,0.0285602672994486
NA,NA,NA,NA,NA,"01.menor a 20 anios","anemia",2022,0.0157504132087086,0.0099761442310295
NA,NA,NA,NA,NA,"01.menor a 20 anios","anemia",2023,-0.403773717503103,0.26521629454842
NA,NA,NA,NA,NA,"01.menor a 20 anios","anemia",2024,NA,0.305710812458041
"(Intercept)",0,4.32823074057191e-15,0,1,"02.de 20 a 39 anios","covid",NA,NA,NA
"covid",1,4.05930867366393e-16,2463473661137973,0,"02.de 20 a 39 anios","covid",NA,NA,NA
"factor(anio_def)2016",1.74813367187419e-15,3.19174019052766e-15,0.547705504684322,0.585192333247049,"02.de 20 a 39 anios","covid",NA,NA,NA
"factor(anio_def)2017",1.74813367187419e-15,3.19174019052766e-15,0.547705504684322,0.585192333247049,"02.de 20 a 39 anios","covid",NA,NA,NA
"factor(anio_def)2018",1.74813367187419e-15,3.19174019052766e-15,0.547705504684322,0.585192333247049,"02.de 20 a 39 anios","covid",NA,NA,NA
"factor(anio_def)2019",1.74813367187419e-15,3.19174019052766e-15,0.547705504684323,0.585192333247048,"02.de 20 a 39 anios","covid",NA,NA,NA
"factor(anio_def)2020",4.01302107649042e-15,3.73682483072202e-15,1.07391201308065,0.285611163652215,"02.de 20 a 39 anios","covid",NA,NA,NA
"factor(anio_def)2021",-5.16502794378821e-16,4.70557080382226e-15,-0.109764110649291,0.912830449928795,"02.de 20 a 39 anios","covid",NA,NA,NA
"factor(anio_def)2022",3.59315872596569e-15,2.90468576320544e-15,1.23702149522725,0.219160599626514,"02.de 20 a 39 anios","covid",NA,NA,NA
"factor(anio_def)2023",3.49090025822086e-15,3.01200880427491e-15,1.15899404187208,0.24939441686982,"02.de 20 a 39 anios","covid",NA,NA,NA
"factor(anio_def)2024",1.86666233296323e-15,2.646946992507e-15,0.70521334135039,0.482421333180377,"02.de 20 a 39 anios","covid",NA,NA,NA
"factor(month)2",-4.08909950618209e-15,4.11523880988474e-15,-0.993648168451399,0.322945153603995,"02.de 20 a 39 anios","covid",NA,NA,NA
"factor(month)3",-9.85495543007419e-16,2.17232305868874e-15,-0.453659753352839,0.651119364944169,"02.de 20 a 39 anios","covid",NA,NA,NA
"factor(month)4",4.93781365905238e-16,2.4551868398797e-15,0.201117633039053,0.841041141996735,"02.de 20 a 39 anios","covid",NA,NA,NA
"factor(month)5",-3.3304373154233e-15,3.53535609044089e-15,-0.942037302671814,0.348588320680951,"02.de 20 a 39 anios","covid",NA,NA,NA
"factor(month)6",1.87093832605741e-15,2.89350328865179e-15,0.646599688825362,0.519466750728093,"02.de 20 a 39 anios","covid",NA,NA,NA
"factor(month)7",-1.4087053176633e-15,2.49868929715051e-15,-0.563777705083131,0.574248003704269,"02.de 20 a 39 anios","covid",NA,NA,NA
"factor(month)8",-2.08606227679605e-15,2.99163056775478e-15,-0.697299425698021,0.487336483063902,"02.de 20 a 39 anios","covid",NA,NA,NA
"factor(month)9",-1.44867749234393e-16,2.27063780321077e-15,-0.0638004656795304,0.949264585603137,"02.de 20 a 39 anios","covid",NA,NA,NA
"factor(month)10",-9.35155318340599e-16,2.35052526134345e-15,-0.397849507818567,0.691643212755158,"02.de 20 a 39 anios","covid",NA,NA,NA
"factor(month)11",6.70924809389306e-16,2.50969733492428e-15,0.267332956868103,0.789798476597694,"02.de 20 a 39 anios","covid",NA,NA,NA
"factor(month)12",-1.36921203680292e-16,2.26208510415215e-15,-0.0605287588114909,0.951863016511169,"02.de 20 a 39 anios","covid",NA,NA,NA
"covid:factor(anio_def)2020",-5.83854984220296e-16,4.10572087397387e-16,-1.42205230735813,0.158320766894704,"02.de 20 a 39 anios","covid",NA,NA,NA
"covid:factor(anio_def)2021",-5.25968088794917e-16,4.06724556397041e-16,-1.2931800662694,0.199117907519261,"02.de 20 a 39 anios","covid",NA,NA,NA
"covid:factor(anio_def)2022",-5.75966785463387e-16,4.00236378990621e-16,-1.43906655091161,0.153453301338021,"02.de 20 a 39 anios","covid",NA,NA,NA
"covid:factor(anio_def)2023",-5.22541829755227e-16,3.94682223771789e-16,-1.32395582644069,0.188728271135309,"02.de 20 a 39 anios","covid",NA,NA,NA
NA,NA,NA,NA,NA,"02.de 20 a 39 anios","covid",2015,1,4.05930867366393e-16
NA,NA,NA,NA,NA,"02.de 20 a 39 anios","covid",2016,NA,4.05930867366393e-16
NA,NA,NA,NA,NA,"02.de 20 a 39 anios","covid",2017,NA,4.05930867366393e-16
NA,NA,NA,NA,NA,"02.de 20 a 39 anios","covid",2018,NA,4.05930867366393e-16
NA,NA,NA,NA,NA,"02.de 20 a 39 anios","covid",2019,NA,4.05930867366393e-16
NA,NA,NA,NA,NA,"02.de 20 a 39 anios","covid",2020,1,1.35177068770969e-17
NA,NA,NA,NA,NA,"02.de 20 a 39 anios","covid",2021,1,2.36198214180768e-17
NA,NA,NA,NA,NA,"02.de 20 a 39 anios","covid",2022,1,1.33565440994265e-17
NA,NA,NA,NA,NA,"02.de 20 a 39 anios","covid",2023,1,1.48337083788457e-16
NA,NA,NA,NA,NA,"02.de 20 a 39 anios","covid",2024,NA,4.05930867366393e-16
"(Intercept)",-12.1855759582833,5.77849029218038,-2.10878193821199,0.0376223256871637,"02.de 20 a 39 anios","resp",NA,NA,NA
"covid",1.16362708427371,1.78355080932175,0.652421606489702,0.515721535994988,"02.de 20 a 39 anios","resp",NA,NA,NA
"factor(anio_def)2016",27.6916666666666,8.84564151886902,3.13054362508319,0.0023251563911076,"02.de 20 a 39 anios","resp",NA,NA,NA
"factor(anio_def)2017",12.2166666666665,4.12542241796477,2.96131291027731,0.00387824592562205,"02.de 20 a 39 anios","resp",NA,NA,NA
"factor(anio_def)2018",15.8249999999998,5.38661604466014,2.93783701470377,0.00415714834303678,"02.de 20 a 39 anios","resp",NA,NA,NA
"factor(anio_def)2019",5.93333333333301,4.73594266541288,1.25283048223214,0.213375094817703,"02.de 20 a 39 anios","resp",NA,NA,NA
"factor(anio_def)2020",2.7168013031396,7.19471486851246,0.377610697962421,0.706571088557216,"02.de 20 a 39 anios","resp",NA,NA,NA
"factor(anio_def)2021",16.3261083894038,5.52248661463639,2.95629659764756,0.00393634914808587,"02.de 20 a 39 anios","resp",NA,NA,NA
"factor(anio_def)2022",18.3008494831965,7.57145048520249,2.41708633226399,0.0175750204130155,"02.de 20 a 39 anios","resp",NA,NA,NA
"factor(anio_def)2023",11.9439921437822,3.95269486920696,3.02173391546881,0.00323791408641967,"02.de 20 a 39 anios","resp",NA,NA,NA
"factor(anio_def)2024",30.2325989559817,5.96412357010223,5.06907655427124,1.99729628272901e-06,"02.de 20 a 39 anios","resp",NA,NA,NA
"factor(month)2",0.0661237180466571,6.09442878516247,0.0108498631090156,0.991366225684117,"02.de 20 a 39 anios","resp",NA,NA,NA
"factor(month)3",6.65984578229687,7.06857050611428,0.942177173805671,0.34851709376892,"02.de 20 a 39 anios","resp",NA,NA,NA
"factor(month)4",4.25103524767152,6.19394387730045,0.686321240857656,0.494200025786075,"02.de 20 a 39 anios","resp",NA,NA,NA
"factor(month)5",-2.91074526584315,7.39160268169193,-0.393790817930826,0.694627331603391,"02.de 20 a 39 anios","resp",NA,NA,NA
"factor(month)6",-1.44288483150354,10.8456961852751,-0.13303754842981,0.894448072190295,"02.de 20 a 39 anios","resp",NA,NA,NA
"factor(month)7",-2.0494887699058,6.89899801060241,-0.297070497303541,0.767068156250931,"02.de 20 a 39 anios","resp",NA,NA,NA
"factor(month)8",-5.29010082096077,6.7996092622601,-0.778000708117515,0.438522452803138,"02.de 20 a 39 anios","resp",NA,NA,NA
"factor(month)9",-3.0712835764025,6.22632217507187,-0.493274117535854,0.622969369676527,"02.de 20 a 39 anios","resp",NA,NA,NA
"factor(month)10",1.0750439361815,5.54886127666314,0.193741361079401,0.846796451547391,"02.de 20 a 39 anios","resp",NA,NA,NA
"factor(month)11",-2.89157668555447,4.96171460329537,-0.582777712292037,0.561438385615323,"02.de 20 a 39 anios","resp",NA,NA,NA
"factor(month)12",3.83094276541456,5.38806864466445,0.711004817878138,0.478841798726046,"02.de 20 a 39 anios","resp",NA,NA,NA
"covid:factor(anio_def)2020",-1.15557572406747,1.78802688511983,-0.646285429869264,0.51966931711407,"02.de 20 a 39 anios","resp",NA,NA,NA
"covid:factor(anio_def)2021",-1.11865148608609,1.78500202899452,-0.626694798053654,0.532378392848591,"02.de 20 a 39 anios","resp",NA,NA,NA
"covid:factor(anio_def)2022",-1.06658824858422,1.78290478711894,-0.598230626946582,0.551124779648545,"02.de 20 a 39 anios","resp",NA,NA,NA
"covid:factor(anio_def)2023",-0.235039419039401,1.75852925165587,-0.133656815101644,0.893959688850507,"02.de 20 a 39 anios","resp",NA,NA,NA
NA,NA,NA,NA,NA,"02.de 20 a 39 anios","resp",2015,1.16362708427371,1.78355080932175
NA,NA,NA,NA,NA,"02.de 20 a 39 anios","resp",2016,NA,1.78355080932175
NA,NA,NA,NA,NA,"02.de 20 a 39 anios","resp",2017,NA,1.78355080932175
NA,NA,NA,NA,NA,"02.de 20 a 39 anios","resp",2018,NA,1.78355080932175
NA,NA,NA,NA,NA,"02.de 20 a 39 anios","resp",2019,NA,1.78355080932175
NA,NA,NA,NA,NA,"02.de 20 a 39 anios","resp",2020,0.00805136020623798,0.0420311253078539
NA,NA,NA,NA,NA,"02.de 20 a 39 anios","resp",2021,0.0449755981876196,0.0232801631398235
NA,NA,NA,NA,NA,"02.de 20 a 39 anios","resp",2022,0.0970388356894805,0.0619030864767933
NA,NA,NA,NA,NA,"02.de 20 a 39 anios","resp",2023,0.928587665234304,0.332464082997386
NA,NA,NA,NA,NA,"02.de 20 a 39 anios","resp",2024,NA,1.78355080932175
"(Intercept)",1.2101966248365,5.62191066602368,0.215264293001024,0.830027635462031,"02.de 20 a 39 anios","circ",NA,NA,NA
"covid",-0.182049161370278,1.37822364113944,-0.132089710215513,0.895195661451854,"02.de 20 a 39 anios","circ",NA,NA,NA
"factor(anio_def)2016",8.93333333333386,4.95140151964062,1.8042029711988,0.0744022081325337,"02.de 20 a 39 anios","circ",NA,NA,NA
"factor(anio_def)2017",9.3666666666677,4.22814869386942,2.21531155710035,0.0291536503834073,"02.de 20 a 39 anios","circ",NA,NA,NA
"factor(anio_def)2018",8.3000000000011,4.31918144169264,1.92166041460588,0.0576776259346986,"02.de 20 a 39 anios","circ",NA,NA,NA
"factor(anio_def)2019",0.316666666668278,4.43504946919596,0.0714009322483809,0.943230362229244,"02.de 20 a 39 anios","circ",NA,NA,NA
"factor(anio_def)2020",-6.45201137858852,5.47059020648068,-1.17939950445296,0.2412155685901,"02.de 20 a 39 anios","circ",NA,NA,NA
"factor(anio_def)2021",1.64354900348984,6.3143145369482,0.260289378027118,0.795209878753077,"02.de 20 a 39 anios","circ",NA,NA,NA
"factor(anio_def)2022",14.8570255713347,6.60025170878626,2.25097863336894,0.0267171758231244,"02.de 20 a 39 anios","circ",NA,NA,NA
"factor(anio_def)2023",12.4076379142338,4.44608737083782,2.7906869297298,0.00636953381540288,"02.de 20 a 39 anios","circ",NA,NA,NA
"factor(anio_def)2024",15.105122903429,6.75489632899422,2.23617390522973,0.0277059437944425,"02.de 20 a 39 anios","circ",NA,NA,NA
"factor(month)2",-15.4803709053364,5.59815012765165,-2.76526540952738,0.00684640933979065,"02.de 20 a 39 anios","circ",NA,NA,NA
"factor(month)3",-0.131474911811509,6.4158408217567,-0.0204922340600574,0.983694142811156,"02.de 20 a 39 anios","circ",NA,NA,NA
"factor(month)4",-7.77137045733284,6.7497953988799,-1.15134904068684,0.252508811422013,"02.de 20 a 39 anios","circ",NA,NA,NA
"factor(month)5",-8.45039569472958,7.21817647595319,-1.17071059745927,0.244674468722252,"02.de 20 a 39 anios","circ",NA,NA,NA
"factor(month)6",-5.90616663793411,6.63522542641152,-0.890122981266711,0.375672354241273,"02.de 20 a 39 anios","circ",NA,NA,NA
"factor(month)7",-6.9190392509809,6.31030869155022,-1.09646605089951,0.275675977709959,"02.de 20 a 39 anios","circ",NA,NA,NA
"factor(month)8",-12.6765775938887,7.17186389516824,-1.76754296779517,0.0803824250916815,"02.de 20 a 39 anios","circ",NA,NA,NA
"factor(month)9",-9.36315265707035,6.25615508603884,-1.49663052278948,0.137839643163144,"02.de 20 a 39 anios","circ",NA,NA,NA
"factor(month)10",0.113117324035256,6.63209296403527,0.0170560522370046,0.986428049033252,"02.de 20 a 39 anios","circ",NA,NA,NA
"factor(month)11",-3.91946585079099,6.55947087517593,-0.597527746578471,0.551591834755502,"02.de 20 a 39 anios","circ",NA,NA,NA
"factor(month)12",-8.61746285706008,6.02621285704661,-1.42999642752138,0.15603351317713,"02.de 20 a 39 anios","circ",NA,NA,NA
"covid:factor(anio_def)2020",0.194713928488608,1.38277589876964,0.140813799735633,0.888318359318877,"02.de 20 a 39 anios","circ",NA,NA,NA
"covid:factor(anio_def)2021",0.218304042384264,1.37980741156014,0.158213414825356,0.874628025354564,"02.de 20 a 39 anios","circ",NA,NA,NA
"covid:factor(anio_def)2022",0.143060324397749,1.37701398663686,0.103891700292131,0.917476634715636,"02.de 20 a 39 anios","circ",NA,NA,NA
"covid:factor(anio_def)2023",-1.92262535011199,1.39408256035308,-1.37913306197952,0.171126351332219,"02.de 20 a 39 anios","circ",NA,NA,NA
NA,NA,NA,NA,NA,"02.de 20 a 39 anios","circ",2015,-0.182049161370278,1.37822364113944
NA,NA,NA,NA,NA,"02.de 20 a 39 anios","circ",2016,NA,1.37822364113944
NA,NA,NA,NA,NA,"02.de 20 a 39 anios","circ",2017,NA,1.37822364113944
NA,NA,NA,NA,NA,"02.de 20 a 39 anios","circ",2018,NA,1.37822364113944
NA,NA,NA,NA,NA,"02.de 20 a 39 anios","circ",2019,NA,1.37822364113944
NA,NA,NA,NA,NA,"02.de 20 a 39 anios","circ",2020,0.0126647671183306,0.0382274739275126
NA,NA,NA,NA,NA,"02.de 20 a 39 anios","circ",2021,0.0362548810139865,0.0274588163155387
NA,NA,NA,NA,NA,"02.de 20 a 39 anios","circ",2022,-0.038988836972529,0.0492996311834376
NA,NA,NA,NA,NA,"02.de 20 a 39 anios","circ",2023,-2.10467451148227,0.385812679174997
NA,NA,NA,NA,NA,"02.de 20 a 39 anios","circ",2024,NA,1.37822364113944
"(Intercept)",0.650744206731673,1.19390870695478,0.545053573142523,0.587007582859694,"02.de 20 a 39 anios","diabetes",NA,NA,NA
"covid",-0.632542197287742,0.343119950786433,-1.84350165543552,0.0684065753860759,"02.de 20 a 39 anios","diabetes",NA,NA,NA
"factor(anio_def)2016",2.27500000000004,1.80715549581824,1.25888447633001,0.21118946898898,"02.de 20 a 39 anios","diabetes",NA,NA,NA
"factor(anio_def)2017",0.716666666666734,1.46762500789257,0.48831729005206,0.626462326014107,"02.de 20 a 39 anios","diabetes",NA,NA,NA
"factor(anio_def)2018",2.40833333333342,1.63331000557003,1.47451085533081,0.143685491625356,"02.de 20 a 39 anios","diabetes",NA,NA,NA
"factor(anio_def)2019",-0.0666666666665513,1.49165724225452,-0.0446930198024514,0.964446804107258,"02.de 20 a 39 anios","diabetes",NA,NA,NA
"factor(anio_def)2020",2.41946631493078,1.58558752870047,1.5259115445451,0.130389645149133,"02.de 20 a 39 anios","diabetes",NA,NA,NA
"factor(anio_def)2021",3.31885337142999,1.98585547878327,1.67124617419967,0.0979991911384523,"02.de 20 a 39 anios","diabetes",NA,NA,NA
"factor(anio_def)2022",1.89522345824531,1.41224580816871,1.3419926242889,0.182830980954639,"02.de 20 a 39 anios","diabetes",NA,NA,NA
"factor(anio_def)2023",1.02319616350516,1.87407860187438,0.545972918362014,0.586377990175954,"02.de 20 a 39 anios","diabetes",NA,NA,NA
"factor(anio_def)2024",2.55635549321961,2.23756807962454,1.14247048681914,0.256160168620629,"02.de 20 a 39 anios","diabetes",NA,NA,NA
"factor(month)2",-3.09260757769587,0.958311961278253,-3.22714074607894,0.00172161125733668,"02.de 20 a 39 anios","diabetes",NA,NA,NA
"factor(month)3",-0.92872654976918,0.86490375973494,-1.07379178239877,0.285664776776318,"02.de 20 a 39 anios","diabetes",NA,NA,NA
"factor(month)4",-1.93589864925767,1.36112259953914,-1.42228088043879,0.158254598160072,"02.de 20 a 39 anios","diabetes",NA,NA,NA
"factor(month)5",-3.97075373082249,1.53383957466589,-2.5887672977061,0.0111612997561236,"02.de 20 a 39 anios","diabetes",NA,NA,NA
"factor(month)6",-0.475888917946494,1.71694239580554,-0.277172326287173,0.782256406206379,"02.de 20 a 39 anios","diabetes",NA,NA,NA
"factor(month)7",-0.628815792327173,1.43743674637324,-0.437456322105111,0.662783890161103,"02.de 20 a 39 anios","diabetes",NA,NA,NA
"factor(month)8",-2.20564804645881,1.70114885155787,-1.29656381594058,0.197955217388138,"02.de 20 a 39 anios","diabetes",NA,NA,NA
"factor(month)9",-2.83227991565847,1.67976277085122,-1.68611899537648,0.0950894871902725,"02.de 20 a 39 anios","diabetes",NA,NA,NA
"factor(month)10",-2.3456644253298,1.16828310342466,-2.00778768301435,0.0475364188750932,"02.de 20 a 39 anios","diabetes",NA,NA,NA
"factor(month)11",0.607696999886413,1.49806138190293,0.405655607458808,0.685917533055497,"02.de 20 a 39 anios","diabetes",NA,NA,NA
"factor(month)12",-2.8003438752493,1.5647058150916,-1.78969353103949,0.0767233983208909,"02.de 20 a 39 anios","diabetes",NA,NA,NA
"covid:factor(anio_def)2020",0.647288786707552,0.343749011489585,1.88302733992637,0.0627888191437557,"02.de 20 a 39 anios","diabetes",NA,NA,NA
"covid:factor(anio_def)2021",0.638606420061177,0.343539643948926,1.85890167644267,0.0661697482482267,"02.de 20 a 39 anios","diabetes",NA,NA,NA
"covid:factor(anio_def)2022",0.674419292387858,0.342366876783747,1.96987307511599,0.0517961317661241,"02.de 20 a 39 anios","diabetes",NA,NA,NA
"covid:factor(anio_def)2023",0.294045759188739,0.393894397390419,0.746509118019488,0.457222942370988,"02.de 20 a 39 anios","diabetes",NA,NA,NA
NA,NA,NA,NA,NA,"02.de 20 a 39 anios","diabetes",2015,-0.632542197287742,0.343119950786433
NA,NA,NA,NA,NA,"02.de 20 a 39 anios","diabetes",2016,NA,0.343119950786433
NA,NA,NA,NA,NA,"02.de 20 a 39 anios","diabetes",2017,NA,0.343119950786433
NA,NA,NA,NA,NA,"02.de 20 a 39 anios","diabetes",2018,NA,0.343119950786433
NA,NA,NA,NA,NA,"02.de 20 a 39 anios","diabetes",2019,NA,0.343119950786433
NA,NA,NA,NA,NA,"02.de 20 a 39 anios","diabetes",2020,0.0147465894198092,0.0128538700222828
NA,NA,NA,NA,NA,"02.de 20 a 39 anios","diabetes",2021,0.00606422277343444,0.00348765265657595
NA,NA,NA,NA,NA,"02.de 20 a 39 anios","diabetes",2022,0.0418770951001153,0.00719761982870848
NA,NA,NA,NA,NA,"02.de 20 a 39 anios","diabetes",2023,-0.338496438099003,0.21497518590771
NA,NA,NA,NA,NA,"02.de 20 a 39 anios","diabetes",2024,NA,0.343119950786433
"(Intercept)",0.0894590429029338,0.148925207648714,0.600697788610446,0.549486947662543,"02.de 20 a 39 anios","alzheimer",NA,NA,NA
"covid",-0.0144328994403766,0.0406982129771698,-0.354632264774696,0.723659471132785,"02.de 20 a 39 anios","alzheimer",NA,NA,NA
"factor(anio_def)2016",0.0333333333333366,0.0955572031027427,0.348831194834122,0.7279961798476,"02.de 20 a 39 anios","alzheimer",NA,NA,NA
"factor(anio_def)2017",0.15000000000002,0.148244824388158,1.01183970920473,0.314212158744147,"02.de 20 a 39 anios","alzheimer",NA,NA,NA
"factor(anio_def)2018",0.100000000000023,0.129851374210084,0.770111218370589,0.443165041320145,"02.de 20 a 39 anios","alzheimer",NA,NA,NA
"factor(anio_def)2019",-0.0333333333333074,0.125563986234094,-0.265468900224008,0.791229593798298,"02.de 20 a 39 anios","alzheimer",NA,NA,NA
"factor(anio_def)2020",-0.110296914968017,0.236522488498113,-0.466327390974061,0.64206006371956,"02.de 20 a 39 anios","alzheimer",NA,NA,NA
"factor(anio_def)2021",-0.235311611181151,0.0995700330476104,-2.36327742372682,0.0201736020448835,"02.de 20 a 39 anios","alzheimer",NA,NA,NA
"factor(anio_def)2022",-0.114277725406413,0.176766001744462,-0.646491544067485,0.519536454467319,"02.de 20 a 39 anios","alzheimer",NA,NA,NA
"factor(anio_def)2023",0.205415499095828,0.295390487322594,0.695403230339964,0.488518233140368,"02.de 20 a 39 anios","alzheimer",NA,NA,NA
"factor(anio_def)2024",-0.330584418065656,0.194104177941524,-1.7031288124321,0.0918483089111818,"02.de 20 a 39 anios","alzheimer",NA,NA,NA
"factor(month)2",-0.290614027729451,0.147373622816699,-1.97195415417665,0.0515541763961664,"02.de 20 a 39 anios","alzheimer",NA,NA,NA
"factor(month)3",-0.308516879313355,0.154733722498852,-1.99385676458242,0.0490654519720927,"02.de 20 a 39 anios","alzheimer",NA,NA,NA
"factor(month)4",0.17013539802215,0.248442933854775,0.684806749712598,0.49515099020269,"02.de 20 a 39 anios","alzheimer",NA,NA,NA
"factor(month)5",-0.329235348348004,0.160603258101795,-2.04999171398706,0.0431502742368768,"02.de 20 a 39 anios","alzheimer",NA,NA,NA
"factor(month)6",-0.138598885713639,0.194546236805631,-0.712421314281764,0.477968553897264,"02.de 20 a 39 anios","alzheimer",NA,NA,NA
"factor(month)7",-0.148994275909364,0.219005878627329,-0.68032089751755,0.497973520713343,"02.de 20 a 39 anios","alzheimer",NA,NA,NA
"factor(month)8",-0.146018597999555,0.212801211486357,-0.68617371573994,0.494292614655034,"02.de 20 a 39 anios","alzheimer",NA,NA,NA
"factor(month)9",-0.145429918380242,0.191467306389963,-0.759554835351597,0.44942139540988,"02.de 20 a 39 anios","alzheimer",NA,NA,NA
"factor(month)10",-0.166258502332062,0.213358664705871,-0.779244201594811,0.437793315847726,"02.de 20 a 39 anios","alzheimer",NA,NA,NA
"factor(month)11",-0.24306811075785,0.202974243922816,-1.19753179546406,0.234110415282174,"02.de 20 a 39 anios","alzheimer",NA,NA,NA
"factor(month)12",0.0730906337714866,0.354205060362727,0.206351184527509,0.836962891416053,"02.de 20 a 39 anios","alzheimer",NA,NA,NA
"covid:factor(anio_def)2020",0.0168014651688341,0.0406517656520709,0.413302224376524,0.680326536670244,"02.de 20 a 39 anios","alzheimer",NA,NA,NA
"covid:factor(anio_def)2021",0.0145128348938151,0.0407323662950781,0.356297367765957,0.722416345157992,"02.de 20 a 39 anios","alzheimer",NA,NA,NA
"covid:factor(anio_def)2022",0.0128080616068032,0.0406052863078693,0.315428427463667,0.75313559908302,"02.de 20 a 39 anios","alzheimer",NA,NA,NA
"covid:factor(anio_def)2023",-0.0408106612705782,0.0493673610000567,-0.826672936204374,0.410515957333089,"02.de 20 a 39 anios","alzheimer",NA,NA,NA
NA,NA,NA,NA,NA,"02.de 20 a 39 anios","alzheimer",2015,-0.0144328994403766,0.0406982129771698
NA,NA,NA,NA,NA,"02.de 20 a 39 anios","alzheimer",2016,NA,0.0406982129771698
NA,NA,NA,NA,NA,"02.de 20 a 39 anios","alzheimer",2017,NA,0.0406982129771698
NA,NA,NA,NA,NA,"02.de 20 a 39 anios","alzheimer",2018,NA,0.0406982129771698
NA,NA,NA,NA,NA,"02.de 20 a 39 anios","alzheimer",2019,NA,0.0406982129771698
NA,NA,NA,NA,NA,"02.de 20 a 39 anios","alzheimer",2020,0.00236856572845742,0.00188956359499658
NA,NA,NA,NA,NA,"02.de 20 a 39 anios","alzheimer",2021,7.99354534385035e-05,0.000221102675064678
NA,NA,NA,NA,NA,"02.de 20 a 39 anios","alzheimer",2022,-0.00162483783357346,0.00116575030096512
NA,NA,NA,NA,NA,"02.de 20 a 39 anios","alzheimer",2023,-0.0552435607109548,0.0292270480555986
NA,NA,NA,NA,NA,"02.de 20 a 39 anios","alzheimer",2024,NA,0.0406982129771698
"(Intercept)",-0.609000503266742,0.800696468984091,-0.760588471233588,0.448806560996675,"02.de 20 a 39 anios","metabolic",NA,NA,NA
"covid",0.149841738907367,0.173998846755626,0.861165126673588,0.391338468075079,"02.de 20 a 39 anios","metabolic",NA,NA,NA
"factor(anio_def)2016",1.99820683143361,0.951239919712741,2.10063390951574,0.0383499410683568,"02.de 20 a 39 anios","metabolic",NA,NA,NA
"factor(anio_def)2017",0.413080329533902,0.856794664139643,0.482122901580742,0.630839349129052,"02.de 20 a 39 anios","metabolic",NA,NA,NA
"factor(anio_def)2018",1.07795382763419,0.759050375311956,1.42013476666969,0.158876706827837,"02.de 20 a 39 anios","metabolic",NA,NA,NA
"factor(anio_def)2019",1.24282732573447,0.742558652551338,1.67370930426072,0.0975123729975216,"02.de 20 a 39 anios","metabolic",NA,NA,NA
"factor(anio_def)2020",1.49298854752393,1.07387420592684,1.3902825296333,0.167726307322342,"02.de 20 a 39 anios","metabolic",NA,NA,NA
"factor(anio_def)2021",-0.220287160277123,0.743909536526254,-0.296120898390107,0.767790974026151,"02.de 20 a 39 anios","metabolic",NA,NA,NA
"factor(anio_def)2022",0.936246642291162,1.1523207313092,0.812487892348733,0.418564674392985,"02.de 20 a 39 anios","metabolic",NA,NA,NA
"factor(anio_def)2023",0.734967002179713,0.919523688643843,0.799290992996252,0.426136798832427,"02.de 20 a 39 anios","metabolic",NA,NA,NA
"factor(anio_def)2024",0.692590468967489,0.867776548871294,0.798120748789919,0.426812159566068,"02.de 20 a 39 anios","metabolic",NA,NA,NA
"factor(month)2",-0.778486770899862,0.72794067202826,-1.06943711323447,0.287611264932521,"02.de 20 a 39 anios","metabolic",NA,NA,NA
"factor(month)3",0.431165458639784,1.30036385661812,0.331572933564245,0.740949869481867,"02.de 20 a 39 anios","metabolic",NA,NA,NA
"factor(month)4",-1.35829058080079,0.850797062167414,-1.59649185593158,0.113735585104926,"02.de 20 a 39 anios","metabolic",NA,NA,NA
"factor(month)5",0.394261088260256,0.886412636979793,0.444782792812603,0.657499196785207,"02.de 20 a 39 anios","metabolic",NA,NA,NA
"factor(month)6",-0.16487191326888,0.923593735632622,-0.178511294423137,0.858705621650821,"02.de 20 a 39 anios","metabolic",NA,NA,NA
"factor(month)7",0.450815159880776,0.991019301130862,0.454900484144301,0.65022970768851,"02.de 20 a 39 anios","metabolic",NA,NA,NA
"factor(month)8",-0.968799664922274,0.989055461817751,-0.979520059615009,0.329837371892331,"02.de 20 a 39 anios","metabolic",NA,NA,NA
"factor(month)9",-0.633059322653464,0.884476000809771,-0.715745053651964,0.475923005288168,"02.de 20 a 39 anios","metabolic",NA,NA,NA
"factor(month)10",-0.101756095880632,0.973775211050507,-0.104496494392024,0.916997993378775,"02.de 20 a 39 anios","metabolic",NA,NA,NA
"factor(month)11",-0.663539181266255,0.920697476113524,-0.720691865114267,0.472887609662816,"02.de 20 a 39 anios","metabolic",NA,NA,NA
"factor(month)12",-0.658258741293515,0.996043945188371,-0.660873191864066,0.510310106657732,"02.de 20 a 39 anios","metabolic",NA,NA,NA
"covid:factor(anio_def)2020",-0.15700122176595,0.174941659904987,-0.897449023012697,0.371772208981347,"02.de 20 a 39 anios","metabolic",NA,NA,NA
"covid:factor(anio_def)2021",-0.147514358490594,0.174144710557841,-0.84707917925304,0.399102525442567,"02.de 20 a 39 anios","metabolic",NA,NA,NA
"covid:factor(anio_def)2022",-0.148637005313386,0.173145033356458,-0.858453762328736,0.39282566619193,"02.de 20 a 39 anios","metabolic",NA,NA,NA
"covid:factor(anio_def)2023",-0.247201451310516,0.183422501142922,-1.34771606411527,0.180988957818137,"02.de 20 a 39 anios","metabolic",NA,NA,NA
NA,NA,NA,NA,NA,"02.de 20 a 39 anios","metabolic",2015,0.149841738907367,0.173998846755626
NA,NA,NA,NA,NA,"02.de 20 a 39 anios","metabolic",2016,NA,0.173998846755626
NA,NA,NA,NA,NA,"02.de 20 a 39 anios","metabolic",2017,NA,0.173998846755626
NA,NA,NA,NA,NA,"02.de 20 a 39 anios","metabolic",2018,NA,0.173998846755626
NA,NA,NA,NA,NA,"02.de 20 a 39 anios","metabolic",2019,NA,0.173998846755626
NA,NA,NA,NA,NA,"02.de 20 a 39 anios","metabolic",2020,-0.0071594828585832,0.00820720402259266
NA,NA,NA,NA,NA,"02.de 20 a 39 anios","metabolic",2021,0.00232738041677233,0.00249018238511436
NA,NA,NA,NA,NA,"02.de 20 a 39 anios","metabolic",2022,0.00120473359398041,0.00672794106260629
NA,NA,NA,NA,NA,"02.de 20 a 39 anios","metabolic",2023,-0.0973597124031497,0.0750178997876571
NA,NA,NA,NA,NA,"02.de 20 a 39 anios","metabolic",2024,NA,0.173998846755626
"(Intercept)",0.0584659573659034,0.599375524868188,0.0975447860984329,0.92250145868165,"02.de 20 a 39 anios","anemia",NA,NA,NA
"covid",0.0871014665820278,0.170334394668644,0.511355717390306,0.610301075529864,"02.de 20 a 39 anios","anemia",NA,NA,NA
"factor(anio_def)2016",0.74908286655266,0.642458853621955,1.16596239950558,0.246579520314041,"02.de 20 a 39 anios","anemia",NA,NA,NA
"factor(anio_def)2017",-0.335167600228011,0.516953634629121,-0.648351375783384,0.51833839988036,"02.de 20 a 39 anios","anemia",NA,NA,NA
"factor(anio_def)2018",-0.00275140034201592,0.474064883846354,-0.00580384760772043,0.995381525168768,"02.de 20 a 39 anios","anemia",NA,NA,NA
"factor(anio_def)2019",-0.337001867122687,0.639361320830821,-0.527091420989885,0.599371873692285,"02.de 20 a 39 anios","anemia",NA,NA,NA
"factor(anio_def)2020",-1.12128879766011,0.56723332630276,-1.97676819337943,0.0509981557106096,"02.de 20 a 39 anios","anemia",NA,NA,NA
"factor(anio_def)2021",-0.990945067093326,0.637646682053038,-1.55406606038123,0.12352919911649,"02.de 20 a 39 anios","anemia",NA,NA,NA
"factor(anio_def)2022",0.132360324798486,0.719801692274912,0.183884431252398,0.854500211831775,"02.de 20 a 39 anios","anemia",NA,NA,NA
"factor(anio_def)2023",0.520692226123175,0.648538600378632,0.802870061734464,0.424075214021671,"02.de 20 a 39 anios","anemia",NA,NA,NA
"factor(anio_def)2024",0.440658799185554,0.818352659175039,0.538470541086493,0.591525088955319,"02.de 20 a 39 anios","anemia",NA,NA,NA
"factor(month)2",-0.509064335302849,0.573397432706879,-0.887803652868957,0.376912420234009,"02.de 20 a 39 anios","anemia",NA,NA,NA
"factor(month)3",-0.0197154079669686,0.643992603084365,-0.0306143391593984,0.975642013958617,"02.de 20 a 39 anios","anemia",NA,NA,NA
"factor(month)4",-0.126637477713017,0.569051962520981,-0.222541149233534,0.824375474059134,"02.de 20 a 39 anios","anemia",NA,NA,NA
"factor(month)5",-0.872469356655323,0.585485041807936,-1.49016506717439,0.139528758408464,"02.de 20 a 39 anios","anemia",NA,NA,NA
"factor(month)6",-0.174470027249229,0.789783214684664,-0.220908755725949,0.825642611510199,"02.de 20 a 39 anios","anemia",NA,NA,NA
"factor(month)7",0.583508304670646,0.712347721372292,0.819134093033322,0.414781872497322,"02.de 20 a 39 anios","anemia",NA,NA,NA
"factor(month)8",0.0174069910290554,0.758444057112455,0.0229509228344767,0.981738070313208,"02.de 20 a 39 anios","anemia",NA,NA,NA
"factor(month)9",-0.111669298924887,0.675695438692157,-0.165265728507844,0.869089735968877,"02.de 20 a 39 anios","anemia",NA,NA,NA
"factor(month)10",0.0234234165228158,0.578739372735357,0.0404731691436635,0.967801737163072,"02.de 20 a 39 anios","anemia",NA,NA,NA
"factor(month)11",0.183167311180329,0.524507721986339,0.349217568211702,0.727707061476216,"02.de 20 a 39 anios","anemia",NA,NA,NA
"factor(month)12",0.128636178969701,0.552181782226211,0.232959838789109,0.816299106236638,"02.de 20 a 39 anios","anemia",NA,NA,NA
"covid:factor(anio_def)2020",-0.0642671775248606,0.17059308675383,-0.376727912881956,0.707224887698964,"02.de 20 a 39 anios","anemia",NA,NA,NA
"covid:factor(anio_def)2021",-0.0846629859829168,0.170470473389008,-0.496643109506234,0.620600226727222,"02.de 20 a 39 anios","anemia",NA,NA,NA
"covid:factor(anio_def)2022",-0.0923276687529263,0.170198559726828,-0.542470329367734,0.588778359144267,"02.de 20 a 39 anios","anemia",NA,NA,NA
"covid:factor(anio_def)2023",-0.192866137909408,0.176293262677027,-1.09400742252268,0.276747237673479,"02.de 20 a 39 anios","anemia",NA,NA,NA
NA,NA,NA,NA,NA,"02.de 20 a 39 anios","anemia",2015,0.0871014665820278,0.170334394668644
NA,NA,NA,NA,NA,"02.de 20 a 39 anios","anemia",2016,NA,0.170334394668644
NA,NA,NA,NA,NA,"02.de 20 a 39 anios","anemia",2017,NA,0.170334394668644
NA,NA,NA,NA,NA,"02.de 20 a 39 anios","anemia",2018,NA,0.170334394668644
NA,NA,NA,NA,NA,"02.de 20 a 39 anios","anemia",2019,NA,0.170334394668644
NA,NA,NA,NA,NA,"02.de 20 a 39 anios","anemia",2020,0.0228342890571672,0.00375168669927574
NA,NA,NA,NA,NA,"02.de 20 a 39 anios","anemia",2021,0.00243848059911093,0.00167940888043318
NA,NA,NA,NA,NA,"02.de 20 a 39 anios","anemia",2022,-0.00522620217089852,0.00470416262928672
NA,NA,NA,NA,NA,"02.de 20 a 39 anios","anemia",2023,-0.10576467132738,0.0518198193811974
NA,NA,NA,NA,NA,"02.de 20 a 39 anios","anemia",2024,NA,0.170334394668644
"(Intercept)",-2.07562818371861e-14,8.76776337592331e-15,-2.36734055736311,0.0199661095380996,"03.de 40 a 49 anios","covid",NA,NA,NA
"covid",1,1.05579341746825e-15,947154986434715,0,"03.de 40 a 49 anios","covid",NA,NA,NA
"factor(anio_def)2016",4.23468921654277e-15,6.74566052178377e-15,0.627764946496743,0.531680046412807,"03.de 40 a 49 anios","covid",NA,NA,NA
"factor(anio_def)2017",4.23468921654277e-15,6.74566052178377e-15,0.627764946496743,0.531680046412807,"03.de 40 a 49 anios","covid",NA,NA,NA
"factor(anio_def)2018",4.23468921654277e-15,6.74566052178376e-15,0.627764946496743,0.531680046412807,"03.de 40 a 49 anios","covid",NA,NA,NA
"factor(anio_def)2019",4.23468921654277e-15,6.74566052178376e-15,0.627764946496743,0.531680046412807,"03.de 40 a 49 anios","covid",NA,NA,NA
"factor(anio_def)2020",1.01963812383539e-14,7.86750405888534e-15,1.29601219929952,0.19814441334917,"03.de 40 a 49 anios","covid",NA,NA,NA
"factor(anio_def)2021",9.43683573527018e-15,8.45249199661324e-15,1.11645603912448,0.267072739163772,"03.de 40 a 49 anios","covid",NA,NA,NA
"factor(anio_def)2022",5.25272581159447e-15,6.13894172156705e-15,0.855640279682219,0.394372550752326,"03.de 40 a 49 anios","covid",NA,NA,NA
"factor(anio_def)2023",7.79332229751113e-15,6.70557026879434e-15,1.16221618521826,0.248089995102691,"03.de 40 a 49 anios","covid",NA,NA,NA
"factor(anio_def)2024",5.04567439499538e-15,6.11377901483791e-15,0.825295514075618,0.411293399483011,"03.de 40 a 49 anios","covid",NA,NA,NA
"factor(month)2",-1.1147091482161e-14,8.51323679889781e-15,-1.309383463127,0.193596021849181,"03.de 40 a 49 anios","covid",NA,NA,NA
"factor(month)3",-1.7653009716412e-15,4.44204903825971e-15,-0.397406907586234,0.691968395751165,"03.de 40 a 49 anios","covid",NA,NA,NA
"factor(month)4",-4.87897412033943e-15,4.97709749204899e-15,-0.980285021166189,0.329461734545247,"03.de 40 a 49 anios","covid",NA,NA,NA
"factor(month)5",-8.26793711019381e-15,6.74793717193116e-15,-1.22525401460246,0.22354077657827,"03.de 40 a 49 anios","covid",NA,NA,NA
"factor(month)6",1.46480450840722e-15,5.64180184922616e-15,0.259634164324318,0.795713776463677,"03.de 40 a 49 anios","covid",NA,NA,NA
"factor(month)7",-7.70065768190072e-16,4.69910423930191e-15,-0.163875012975765,0.870181378680839,"03.de 40 a 49 anios","covid",NA,NA,NA
"factor(month)8",1.24918025775434e-15,5.49524367992108e-15,0.227320266491309,0.820668392529746,"03.de 40 a 49 anios","covid",NA,NA,NA
"factor(month)9",-4.66886198039081e-15,4.80313480440857e-15,-0.97204475212844,0.333522976169644,"03.de 40 a 49 anios","covid",NA,NA,NA
"factor(month)10",-3.86675030849678e-15,4.65961542005918e-15,-0.829843229518643,0.408729959609017,"03.de 40 a 49 anios","covid",NA,NA,NA
"factor(month)11",-5.79116971826942e-16,4.9582602128402e-15,-0.116798422625587,0.907268977969598,"03.de 40 a 49 anios","covid",NA,NA,NA
"factor(month)12",-1.74397849987262e-15,4.74382430489543e-15,-0.367631342938419,0.713974597027471,"03.de 40 a 49 anios","covid",NA,NA,NA
"covid:factor(anio_def)2020",-2.73315816571558e-18,1.05797993569526e-15,-0.00258337429047695,0.997944242469794,"03.de 40 a 49 anios","covid",NA,NA,NA
"covid:factor(anio_def)2021",3.4351669952666e-17,1.05667903280801e-15,0.0325090863792198,0.974134998704734,"03.de 40 a 49 anios","covid",NA,NA,NA
"covid:factor(anio_def)2022",7.85345417703503e-17,1.04694703919769e-15,0.0750129078453997,0.940363851833079,"03.de 40 a 49 anios","covid",NA,NA,NA
"covid:factor(anio_def)2023",-1.5781999654835e-16,9.89890402260002e-16,-0.159431787789874,0.873670764527131,"03.de 40 a 49 anios","covid",NA,NA,NA
NA,NA,NA,NA,NA,"03.de 40 a 49 anios","covid",2015,1,1.05579341746825e-15
NA,NA,NA,NA,NA,"03.de 40 a 49 anios","covid",2016,NA,1.05579341746825e-15
NA,NA,NA,NA,NA,"03.de 40 a 49 anios","covid",2017,NA,1.05579341746825e-15
NA,NA,NA,NA,NA,"03.de 40 a 49 anios","covid",2018,NA,1.05579341746825e-15
NA,NA,NA,NA,NA,"03.de 40 a 49 anios","covid",2019,NA,1.05579341746825e-15
NA,NA,NA,NA,NA,"03.de 40 a 49 anios","covid",2020,1,2.13566211492002e-17
NA,NA,NA,NA,NA,"03.de 40 a 49 anios","covid",2021,1,1.91081001282569e-17
NA,NA,NA,NA,NA,"03.de 40 a 49 anios","covid",2022,1,2.23098610450126e-17
NA,NA,NA,NA,NA,"03.de 40 a 49 anios","covid",2023,1,1.74959599587398e-16
NA,NA,NA,NA,NA,"03.de 40 a 49 anios","covid",2024,NA,1.05579341746825e-15
"(Intercept)",-5.59215228666335,7.47421350537219,-0.748192740633368,0.456211786166354,"03.de 40 a 49 anios","resp",NA,NA,NA
"covid",2.54163408270717,2.41042657792104,1.0544333131687,0.294387309414337,"03.de 40 a 49 anios","resp",NA,NA,NA
"factor(anio_def)2016",30.25,13.5766345055722,2.22809268287989,0.0282590793047936,"03.de 40 a 49 anios","resp",NA,NA,NA
"factor(anio_def)2017",10.5833333333334,5.74481918589919,1.84223958855145,0.0685926558684038,"03.de 40 a 49 anios","resp",NA,NA,NA
"factor(anio_def)2018",12.5833333333338,7.66506490818898,1.64164732902528,0.104004806190182,"03.de 40 a 49 anios","resp",NA,NA,NA
"factor(anio_def)2019",8.83333333333382,7.88186045631086,1.12071678790775,0.265263525915729,"03.de 40 a 49 anios","resp",NA,NA,NA
"factor(anio_def)2020",2.65307857105283,9.93210839755619,0.26712138700637,0.789960871828021,"03.de 40 a 49 anios","resp",NA,NA,NA
"factor(anio_def)2021",19.6316056425102,6.80484820148733,2.88494394896559,0.00485456827702224,"03.de 40 a 49 anios","resp",NA,NA,NA
"factor(anio_def)2022",20.7118069245052,7.10989411215205,2.91309639747027,0.00447099435673798,"03.de 40 a 49 anios","resp",NA,NA,NA
"factor(anio_def)2023",13.31756572042,5.82464158548696,2.28641806108772,0.0244750791162177,"03.de 40 a 49 anios","resp",NA,NA,NA
"factor(anio_def)2024",27.3854736885963,9.68409632475923,2.82788117447574,0.00572637809095822,"03.de 40 a 49 anios","resp",NA,NA,NA
"factor(month)2",-5.96339121314755,7.06198788828123,-0.844435208256771,0.400570292016686,"03.de 40 a 49 anios","resp",NA,NA,NA
"factor(month)3",6.65356492666674,7.33388489953211,0.90723607171572,0.36660187069084,"03.de 40 a 49 anios","resp",NA,NA,NA
"factor(month)4",-5.55020578490319,8.62260113153007,-0.643681146818664,0.521349589077249,"03.de 40 a 49 anios","resp",NA,NA,NA
"factor(month)5",-12.3045201415332,9.8092476031902,-1.25437960578459,0.212814254101626,"03.de 40 a 49 anios","resp",NA,NA,NA
"factor(month)6",-4.2808904721667,16.7594210898565,-0.255431882116601,0.79894762717134,"03.de 40 a 49 anios","resp",NA,NA,NA
"factor(month)7",-9.23488266166917,10.5634270280957,-0.874231689877445,0.384220199420157,"03.de 40 a 49 anios","resp",NA,NA,NA
"factor(month)8",-19.3657962579338,7.52606026794006,-2.57316518450288,0.0116416697404504,"03.de 40 a 49 anios","resp",NA,NA,NA
"factor(month)9",-12.3518695848883,9.27058213006769,-1.33237259662766,0.185958830812349,"03.de 40 a 49 anios","resp",NA,NA,NA
"factor(month)10",-8.22637904460626,9.74444507041718,-0.844212162432978,0.400694263591114,"03.de 40 a 49 anios","resp",NA,NA,NA
"factor(month)11",0.944761506116365,7.53591360137787,0.125367879210243,0.900500052006979,"03.de 40 a 49 anios","resp",NA,NA,NA
"factor(month)12",-12.6145638284695,8.19300097471892,-1.53967561671165,0.126999100768361,"03.de 40 a 49 anios","resp",NA,NA,NA
"covid:factor(anio_def)2020",-2.51419731810171,2.41384435018932,-1.04157391834503,0.300280774027889,"03.de 40 a 49 anios","resp",NA,NA,NA
"covid:factor(anio_def)2021",-2.48097327057405,2.41175150963442,-1.028701862801,0.306259553957985,"03.de 40 a 49 anios","resp",NA,NA,NA
"covid:factor(anio_def)2022",-2.44184367308299,2.39985268333804,-1.01749731974654,0.311528645533181,"03.de 40 a 49 anios","resp",NA,NA,NA
"covid:factor(anio_def)2023",-2.26603997126829,2.32378906614089,-0.975148736297093,0.33198933116611,"03.de 40 a 49 anios","resp",NA,NA,NA
NA,NA,NA,NA,NA,"03.de 40 a 49 anios","resp",2015,2.54163408270717,2.41042657792104
NA,NA,NA,NA,NA,"03.de 40 a 49 anios","resp",2016,NA,2.41042657792104
NA,NA,NA,NA,NA,"03.de 40 a 49 anios","resp",2017,NA,2.41042657792104
NA,NA,NA,NA,NA,"03.de 40 a 49 anios","resp",2018,NA,2.41042657792104
NA,NA,NA,NA,NA,"03.de 40 a 49 anios","resp",2019,NA,2.41042657792104
NA,NA,NA,NA,NA,"03.de 40 a 49 anios","resp",2020,0.0274367646054574,0.0271670425134508
NA,NA,NA,NA,NA,"03.de 40 a 49 anios","resp",2021,0.0606608121331149,0.00719883792554136
NA,NA,NA,NA,NA,"03.de 40 a 49 anios","resp",2022,0.0997904096241764,0.0350675457140076
NA,NA,NA,NA,NA,"03.de 40 a 49 anios","resp",2023,0.27559411143888,0.274198163764071
NA,NA,NA,NA,NA,"03.de 40 a 49 anios","resp",2024,NA,2.41042657792104
"(Intercept)",4.13193869124273,5.42636558442017,0.761456010834598,0.448290899717908,"03.de 40 a 49 anios","circ",NA,NA,NA
"covid",3.56881098735653,3.65210086974161,0.977193980846706,0.33098133247785,"03.de 40 a 49 anios","circ",NA,NA,NA
"factor(anio_def)2016",1.84166666666692,5.65686409607121,0.325563180481211,0.745478456686073,"03.de 40 a 49 anios","circ",NA,NA,NA
"factor(anio_def)2017",0.516666666668013,5.70853501365079,0.0905077511887921,0.928076315727599,"03.de 40 a 49 anios","circ",NA,NA,NA
"factor(anio_def)2018",1.60833333333484,5.86050181902395,0.27443611195785,0.784351715360737,"03.de 40 a 49 anios","circ",NA,NA,NA
"factor(anio_def)2019",0.116666666668353,6.11315388041678,0.019084529679858,0.984814123502841,"03.de 40 a 49 anios","circ",NA,NA,NA
"factor(anio_def)2020",-9.4698630491599,6.52561384747573,-1.45118348564604,0.150057939844069,"03.de 40 a 49 anios","circ",NA,NA,NA
"factor(anio_def)2021",12.717458594249,7.15095157678952,1.77842885071788,0.0785665845027253,"03.de 40 a 49 anios","circ",NA,NA,NA
"factor(anio_def)2022",18.6164172474355,6.89692881754473,2.69923291075271,0.008241199698441,"03.de 40 a 49 anios","circ",NA,NA,NA
"factor(anio_def)2023",16.7582472870767,7.28979138139426,2.29886514034527,0.0237278609951786,"03.de 40 a 49 anios","circ",NA,NA,NA
"factor(anio_def)2024",20.5795807721296,12.0344703641395,1.71005288553895,0.0905550330975529,"03.de 40 a 49 anios","circ",NA,NA,NA
"factor(month)2",-17.6132058199753,5.78795242267813,-3.0430806153423,0.00303614157199335,"03.de 40 a 49 anios","circ",NA,NA,NA
"factor(month)3",4.9050073806106,7.03677089996893,0.697053726821241,0.487489519443443,"03.de 40 a 49 anios","circ",NA,NA,NA
"factor(month)4",-4.63333261927469,7.6428363356577,-0.606232086595632,0.545821880897307,"03.de 40 a 49 anios","circ",NA,NA,NA
"factor(month)5",2.52965811710523,7.07763307798374,0.357415832275085,0.721581743975441,"03.de 40 a 49 anios","circ",NA,NA,NA
"factor(month)6",-6.78384959874784,9.69659991161728,-0.69961116892327,0.485897878522545,"03.de 40 a 49 anios","circ",NA,NA,NA
"factor(month)7",-2.13250750841281,5.76129231061496,-0.370143952682933,0.712107924026282,"03.de 40 a 49 anios","circ",NA,NA,NA
"factor(month)8",-7.41216163719633,7.38941831305968,-1.00307782333779,0.318398487743071,"03.de 40 a 49 anios","circ",NA,NA,NA
"factor(month)9",-15.169946931844,7.29493193150187,-2.07951864037761,0.040292325454471,"03.de 40 a 49 anios","circ",NA,NA,NA
"factor(month)10",8.42021481033779,6.07720596575296,1.38554047004305,0.169166051720655,"03.de 40 a 49 anios","circ",NA,NA,NA
"factor(month)11",-19.5433201332464,7.34504352708631,-2.66074939667498,0.00916867887335963,"03.de 40 a 49 anios","circ",NA,NA,NA
"factor(month)12",-1.94982034779312,8.34489503969426,-0.233654268689826,0.815761491251337,"03.de 40 a 49 anios","circ",NA,NA,NA
"covid:factor(anio_def)2020",-3.48080983611571,3.65325065573357,-0.952797977508819,0.343136092734061,"03.de 40 a 49 anios","circ",NA,NA,NA
"covid:factor(anio_def)2021",-3.54607020102368,3.65306744806744,-0.970710300708967,0.334183739497641,"03.de 40 a 49 anios","circ",NA,NA,NA
"covid:factor(anio_def)2022",-3.42191306867189,3.64796060110133,-0.938034546655688,0.350630635472327,"03.de 40 a 49 anios","circ",NA,NA,NA
"covid:factor(anio_def)2023",-3.45212867591531,3.63920118813467,-0.948595171701609,0.345258951372792,"03.de 40 a 49 anios","circ",NA,NA,NA
NA,NA,NA,NA,NA,"03.de 40 a 49 anios","circ",2015,3.56881098735653,3.65210086974161
NA,NA,NA,NA,NA,"03.de 40 a 49 anios","circ",2016,NA,3.65210086974161
NA,NA,NA,NA,NA,"03.de 40 a 49 anios","circ",2017,NA,3.65210086974161
NA,NA,NA,NA,NA,"03.de 40 a 49 anios","circ",2018,NA,3.65210086974161
NA,NA,NA,NA,NA,"03.de 40 a 49 anios","circ",2019,NA,3.65210086974161
NA,NA,NA,NA,NA,"03.de 40 a 49 anios","circ",2020,0.0880011512408125,0.0188594176935163
NA,NA,NA,NA,NA,"03.de 40 a 49 anios","circ",2021,0.0227407863328448,0.0108644022749422
NA,NA,NA,NA,NA,"03.de 40 a 49 anios","circ",2022,0.146897918684633,0.0317652817672754
NA,NA,NA,NA,NA,"03.de 40 a 49 anios","circ",2023,0.116682311441216,0.388274942965305
NA,NA,NA,NA,NA,"03.de 40 a 49 anios","circ",2024,NA,3.65210086974161
"(Intercept)",0.463782143736701,1.9985399673578,0.232060479806092,0.816995504118567,"03.de 40 a 49 anios","diabetes",NA,NA,NA
"covid",1.32629378767688,0.493386498883988,2.68814365751167,0.0084993039906993,"03.de 40 a 49 anios","diabetes",NA,NA,NA
"factor(anio_def)2016",4.10833333333345,2.42662344075189,1.69302466313458,0.0937625752595014,"03.de 40 a 49 anios","diabetes",NA,NA,NA
"factor(anio_def)2017",2.30000000000009,2.19617533605231,1.04727521625592,0.297658076733184,"03.de 40 a 49 anios","diabetes",NA,NA,NA
"factor(anio_def)2018",2.24166666666684,1.95114839950521,1.14889603847422,0.253513918735478,"03.de 40 a 49 anios","diabetes",NA,NA,NA
"factor(anio_def)2019",0.933333333333602,1.57214215673944,0.593669808631874,0.554158899415897,"03.de 40 a 49 anios","diabetes",NA,NA,NA
"factor(anio_def)2020",-6.41594811550722,2.68789576371219,-2.38697802278102,0.0189897312917875,"03.de 40 a 49 anios","diabetes",NA,NA,NA
"factor(anio_def)2021",3.52127173677546,2.46739198126267,1.42712295554007,0.156857878820721,"03.de 40 a 49 anios","diabetes",NA,NA,NA
"factor(anio_def)2022",1.24441892118097,1.97824334968846,0.629052498206019,0.530840454813025,"03.de 40 a 49 anios","diabetes",NA,NA,NA
"factor(anio_def)2023",2.84890062022304,2.43052656182614,1.17213309451865,0.244105789135677,"03.de 40 a 49 anios","diabetes",NA,NA,NA
"factor(anio_def)2024",-0.679347461767366,2.14917228400425,-0.316097256056939,0.752629506216006,"03.de 40 a 49 anios","diabetes",NA,NA,NA
"factor(month)2",-3.39340229206633,2.17012479014857,-1.56368993500784,0.121250898709814,"03.de 40 a 49 anios","diabetes",NA,NA,NA
"factor(month)3",-2.19510224867032,2.21639056196689,-0.990395053262778,0.324523628642499,"03.de 40 a 49 anios","diabetes",NA,NA,NA
"factor(month)4",-2.70707111345019,2.0722038331713,-1.30637298807969,0.19461321436582,"03.de 40 a 49 anios","diabetes",NA,NA,NA
"factor(month)5",-2.28496459037647,2.35662040932653,-0.969593822294639,0.334737230368322,"03.de 40 a 49 anios","diabetes",NA,NA,NA
"factor(month)6",-0.674694668914412,3.12521859156664,-0.215887192894304,0.829543455294298,"03.de 40 a 49 anios","diabetes",NA,NA,NA
"factor(month)7",-0.959076820310946,2.83110672504742,-0.338763922894812,0.735543145427733,"03.de 40 a 49 anios","diabetes",NA,NA,NA
"factor(month)8",-4.2868882032666,2.01671499889396,-2.12567874271659,0.0361514035077872,"03.de 40 a 49 anios","diabetes",NA,NA,NA
"factor(month)9",-1.67673326394366,2.30144663239413,-0.728556222135555,0.468084353524803,"03.de 40 a 49 anios","diabetes",NA,NA,NA
"factor(month)10",-3.47831905378994,2.4932508452418,-1.39509390337842,0.166275093621339,"03.de 40 a 49 anios","diabetes",NA,NA,NA
"factor(month)11",-3.16425778323756,2.39279089959069,-1.3224129963796,0.189239255985882,"03.de 40 a 49 anios","diabetes",NA,NA,NA
"factor(month)12",-3.74487568546536,2.94921402175567,-1.26978769863438,0.207294731304301,"03.de 40 a 49 anios","diabetes",NA,NA,NA
"covid:factor(anio_def)2020",-1.2713395241761,0.494269433968847,-2.57215890120414,0.0116732825185428,"03.de 40 a 49 anios","diabetes",NA,NA,NA
"covid:factor(anio_def)2021",-1.32055926922424,0.493458574511891,-2.67612994774786,0.00878719454722007,"03.de 40 a 49 anios","diabetes",NA,NA,NA
"covid:factor(anio_def)2022",-1.29202311763866,0.490344788920335,-2.63492780352271,0.00984302716056986,"03.de 40 a 49 anios","diabetes",NA,NA,NA
"covid:factor(anio_def)2023",-1.3988211731719,0.461115633854864,-3.03355833216486,0.00312466381453812,"03.de 40 a 49 anios","diabetes",NA,NA,NA
NA,NA,NA,NA,NA,"03.de 40 a 49 anios","diabetes",2015,1.32629378767688,0.493386498883988
NA,NA,NA,NA,NA,"03.de 40 a 49 anios","diabetes",2016,NA,0.493386498883988
NA,NA,NA,NA,NA,"03.de 40 a 49 anios","diabetes",2017,NA,0.493386498883988
NA,NA,NA,NA,NA,"03.de 40 a 49 anios","diabetes",2018,NA,0.493386498883988
NA,NA,NA,NA,NA,"03.de 40 a 49 anios","diabetes",2019,NA,0.493386498883988
NA,NA,NA,NA,NA,"03.de 40 a 49 anios","diabetes",2020,0.0549542635007765,0.00939586222790639
NA,NA,NA,NA,NA,"03.de 40 a 49 anios","diabetes",2021,0.00573451845263939,0.00278797133344129
NA,NA,NA,NA,NA,"03.de 40 a 49 anios","diabetes",2022,0.0342706700382154,0.00972511050955545
NA,NA,NA,NA,NA,"03.de 40 a 49 anios","diabetes",2023,-0.0725273854950226,0.0892180182661657
NA,NA,NA,NA,NA,"03.de 40 a 49 anios","diabetes",2024,NA,0.493386498883988
"(Intercept)",-0.0924690222162717,0.113452210480755,-0.815048220078159,0.417104981810027,"03.de 40 a 49 anios","alzheimer",NA,NA,NA
"covid",0.00421128206110394,0.0194512422107774,0.21650453042894,0.829063663636085,"03.de 40 a 49 anios","alzheimer",NA,NA,NA
"factor(anio_def)2016",0.0833333333333326,0.15206015446911,0.548028729973841,0.584971266525384,"03.de 40 a 49 anios","alzheimer",NA,NA,NA
"factor(anio_def)2017",-0.0833333333333349,0.103474685733566,-0.805349953397367,0.422650249724957,"03.de 40 a 49 anios","alzheimer",NA,NA,NA
"factor(anio_def)2018",0.0833333333333309,0.152753831386245,0.545540053411942,0.586674388273251,"03.de 40 a 49 anios","alzheimer",NA,NA,NA
"factor(anio_def)2019",-3.26388999237121e-15,0.125858417171827,-2.59330290791374e-14,0.999999999999979,"03.de 40 a 49 anios","alzheimer",NA,NA,NA
"factor(anio_def)2020",0.388179557373524,0.235636104143639,1.64736876288235,0.102821311296684,"03.de 40 a 49 anios","alzheimer",NA,NA,NA
"factor(anio_def)2021",-0.0650732972894623,0.113521826117426,-0.573222784684166,0.567862660152987,"03.de 40 a 49 anios","alzheimer",NA,NA,NA
"factor(anio_def)2022",0.328731260913858,0.197121350250468,1.66765934028031,0.0987116264715019,"03.de 40 a 49 anios","alzheimer",NA,NA,NA
"factor(anio_def)2023",0.0130755580669201,0.153356622170401,0.0852624287224537,0.932234098215255,"03.de 40 a 49 anios","alzheimer",NA,NA,NA
"factor(anio_def)2024",-0.0907030769402726,0.105542002920055,-0.859402649473856,0.39230480099399,"03.de 40 a 49 anios","alzheimer",NA,NA,NA
"factor(month)2",0.168145249291804,0.124223628179329,1.35356897682195,0.179119778476245,"03.de 40 a 49 anios","alzheimer",NA,NA,NA
"factor(month)3",0.0454154883314738,0.142870726069204,0.317878193671916,0.751282423889064,"03.de 40 a 49 anios","alzheimer",NA,NA,NA
"factor(month)4",0.141123506575883,0.151913038379516,0.928975603946005,0.355281153638888,"03.de 40 a 49 anios","alzheimer",NA,NA,NA
"factor(month)5",0.140985687081716,0.116523729035129,1.2099311294716,0.229339258540304,"03.de 40 a 49 anios","alzheimer",NA,NA,NA
"factor(month)6",0.0420286999064799,0.1172935511333,0.358320636560109,0.720906822911622,"03.de 40 a 49 anios","alzheimer",NA,NA,NA
"factor(month)7",0.140461446749907,0.140600811438136,0.999008791721728,0.320355189237382,"03.de 40 a 49 anios","alzheimer",NA,NA,NA
"factor(month)8",0.238322137483521,0.151464529154199,1.57345180957118,0.118974174532992,"03.de 40 a 49 anios","alzheimer",NA,NA,NA
"factor(month)9",-0.0668660362078616,0.0863814506493581,-0.774078644259935,0.440826841478787,"03.de 40 a 49 anios","alzheimer",NA,NA,NA
"factor(month)10",0.127471589386553,0.164129922730125,0.776650517262181,0.439314955504715,"03.de 40 a 49 anios","alzheimer",NA,NA,NA
"factor(month)11",-0.0815888306223427,0.0873839963718302,-0.933681612307725,0.35286035201058,"03.de 40 a 49 anios","alzheimer",NA,NA,NA
"factor(month)12",0.0141293286179983,0.113722037492675,0.124244420250635,0.901387053036618,"03.de 40 a 49 anios","alzheimer",NA,NA,NA
"covid:factor(anio_def)2020",-0.00453280364805183,0.0195264030702564,-0.232137154587187,0.816936127038012,"03.de 40 a 49 anios","alzheimer",NA,NA,NA
"covid:factor(anio_def)2021",-0.00424765663489652,0.0194632302133388,-0.218240065412445,0.827715162071797,"03.de 40 a 49 anios","alzheimer",NA,NA,NA
"covid:factor(anio_def)2022",-0.00560887840868733,0.019295537829331,-0.290682667583451,0.771934393821278,"03.de 40 a 49 anios","alzheimer",NA,NA,NA
"covid:factor(anio_def)2023",-0.00658865625509061,0.0176416981173328,-0.373470638215792,0.709639152034203,"03.de 40 a 49 anios","alzheimer",NA,NA,NA
NA,NA,NA,NA,NA,"03.de 40 a 49 anios","alzheimer",2015,0.00421128206110394,0.0194512422107774
NA,NA,NA,NA,NA,"03.de 40 a 49 anios","alzheimer",2016,NA,0.0194512422107774
NA,NA,NA,NA,NA,"03.de 40 a 49 anios","alzheimer",2017,NA,0.0194512422107774
NA,NA,NA,NA,NA,"03.de 40 a 49 anios","alzheimer",2018,NA,0.0194512422107774
NA,NA,NA,NA,NA,"03.de 40 a 49 anios","alzheimer",2019,NA,0.0194512422107774
NA,NA,NA,NA,NA,"03.de 40 a 49 anios","alzheimer",2020,-0.00032152158694789,0.00074301527554768
NA,NA,NA,NA,NA,"03.de 40 a 49 anios","alzheimer",2021,-3.6374573792579e-05,6.72274226086734e-05
NA,NA,NA,NA,NA,"03.de 40 a 49 anios","alzheimer",2022,-0.00139759634758339,0.000891493390214108
NA,NA,NA,NA,NA,"03.de 40 a 49 anios","alzheimer",2023,-0.00237737419398666,0.0067232498077952
NA,NA,NA,NA,NA,"03.de 40 a 49 anios","alzheimer",2024,NA,0.0194512422107774
"(Intercept)",0.241493256600025,0.521309237510865,0.46324377015282,0.644260414212912,"03.de 40 a 49 anios","metabolic",NA,NA,NA
"covid",0.530377666501271,0.333063184598268,1.59242357314574,0.114646929884892,"03.de 40 a 49 anios","metabolic",NA,NA,NA
"factor(anio_def)2016",0.183333333333365,0.569984040792804,0.321646432553379,0.748434709850484,"03.de 40 a 49 anios","metabolic",NA,NA,NA
"factor(anio_def)2017",0.366666666666837,0.603276268503129,0.6077922932003,0.544790870317254,"03.de 40 a 49 anios","metabolic",NA,NA,NA
"factor(anio_def)2018",0.0500000000001892,0.504465109044756,0.0991148824838809,0.921258119718089,"03.de 40 a 49 anios","metabolic",NA,NA,NA
"factor(anio_def)2019",0.0666666666668766,0.654782063044173,0.101815047218817,0.919120353233347,"03.de 40 a 49 anios","metabolic",NA,NA,NA
"factor(anio_def)2020",-0.785094784309021,0.760280877418054,-1.03263781534955,0.304422943093411,"03.de 40 a 49 anios","metabolic",NA,NA,NA
"factor(anio_def)2021",-0.898817065319138,0.782387272988861,-1.1488135049609,0.253547785643289,"03.de 40 a 49 anios","metabolic",NA,NA,NA
"factor(anio_def)2022",-2.32593988953575,0.733578349816078,-3.17067684742728,0.00205375394721653,"03.de 40 a 49 anios","metabolic",NA,NA,NA
"factor(anio_def)2023",-1.96628274029533,0.602102204455961,-3.26569596613916,0.00152441947149431,"03.de 40 a 49 anios","metabolic",NA,NA,NA
"factor(anio_def)2024",-2.19482758304334,1.28968826910783,-1.7018279809288,0.092092952280949,"03.de 40 a 49 anios","metabolic",NA,NA,NA
"factor(month)2",-0.814433047831274,0.693035352426507,-1.17516811368961,0.242895616658813,"03.de 40 a 49 anios","metabolic",NA,NA,NA
"factor(month)3",-0.478116405140498,0.66478784137883,-0.719201488626569,0.473800973174193,"03.de 40 a 49 anios","metabolic",NA,NA,NA
"factor(month)4",0.149296037905726,0.739885709851197,0.201782567115335,0.840522748552359,"03.de 40 a 49 anios","metabolic",NA,NA,NA
"factor(month)5",-0.334517403679197,0.532076540857476,-0.628701658487144,0.5310691639357,"03.de 40 a 49 anios","metabolic",NA,NA,NA
"factor(month)6",-0.704856333643919,0.594294973345834,-1.18603785200409,0.238596631754775,"03.de 40 a 49 anios","metabolic",NA,NA,NA
"factor(month)7",0.352368883641135,0.561162960138898,0.627926126047088,0.531574906410867,"03.de 40 a 49 anios","metabolic",NA,NA,NA
"factor(month)8",-0.256261617656353,0.791021890557453,-0.323962738219241,0.7466859691202,"03.de 40 a 49 anios","metabolic",NA,NA,NA
"factor(month)9",-1.09338057405682,0.609207741658861,-1.79475817408289,0.075906443351916,"03.de 40 a 49 anios","metabolic",NA,NA,NA
"factor(month)10",-1.11120455444253,0.620822949783982,-1.78988962123449,0.0766916329013462,"03.de 40 a 49 anios","metabolic",NA,NA,NA
"factor(month)11",-0.528988301661214,0.860511278657234,-0.614737208891279,0.540213511259289,"03.de 40 a 49 anios","metabolic",NA,NA,NA
"factor(month)12",0.322174238533562,0.62311968668644,0.517034279957975,0.60634667427041,"03.de 40 a 49 anios","metabolic",NA,NA,NA
"covid:factor(anio_def)2020",-0.53212601168363,0.333443546019183,-1.59585038617906,0.113878895997459,"03.de 40 a 49 anios","metabolic",NA,NA,NA
"covid:factor(anio_def)2021",-0.530712028256943,0.333107625553614,-1.59321488775562,0.114469209910011,"03.de 40 a 49 anios","metabolic",NA,NA,NA
"covid:factor(anio_def)2022",-0.513645005740274,0.332522147080743,-1.54469412112737,0.125780361545841,"03.de 40 a 49 anios","metabolic",NA,NA,NA
"covid:factor(anio_def)2023",-0.497114137962651,0.328495936766033,-1.51330376520521,0.133557603993509,"03.de 40 a 49 anios","metabolic",NA,NA,NA
NA,NA,NA,NA,NA,"03.de 40 a 49 anios","metabolic",2015,0.530377666501271,0.333063184598268
NA,NA,NA,NA,NA,"03.de 40 a 49 anios","metabolic",2016,NA,0.333063184598268
NA,NA,NA,NA,NA,"03.de 40 a 49 anios","metabolic",2017,NA,0.333063184598268
NA,NA,NA,NA,NA,"03.de 40 a 49 anios","metabolic",2018,NA,0.333063184598268
NA,NA,NA,NA,NA,"03.de 40 a 49 anios","metabolic",2019,NA,0.333063184598268
NA,NA,NA,NA,NA,"03.de 40 a 49 anios","metabolic",2020,-0.00174834518235845,0.00226198764308275
NA,NA,NA,NA,NA,"03.de 40 a 49 anios","metabolic",2021,-0.000334361755671586,0.00088928301361984
NA,NA,NA,NA,NA,"03.de 40 a 49 anios","metabolic",2022,0.0167326607609967,0.00647731281442256
NA,NA,NA,NA,NA,"03.de 40 a 49 anios","metabolic",2023,0.0332635285386205,0.0228918874806228
NA,NA,NA,NA,NA,"03.de 40 a 49 anios","metabolic",2024,NA,0.333063184598268
"(Intercept)",-0.205738912920099,0.540649509753907,-0.38054027462958,0.704402993935419,"03.de 40 a 49 anios","anemia",NA,NA,NA
"covid",-0.136397075907219,0.201076383805663,-0.678334637443273,0.499226062971487,"03.de 40 a 49 anios","anemia",NA,NA,NA
"factor(anio_def)2016",-0.483333333333331,0.538111713134811,-0.898202587930369,0.37137248766695,"03.de 40 a 49 anios","anemia",NA,NA,NA
"factor(anio_def)2017",0.366666666666615,0.535178326659864,0.68512988736865,0.49494800546144,"03.de 40 a 49 anios","anemia",NA,NA,NA
"factor(anio_def)2018",-0.450000000000104,0.477101195813429,-0.943196126836113,0.347998493468108,"03.de 40 a 49 anios","anemia",NA,NA,NA
"factor(anio_def)2019",-0.0166666666667664,0.585757623379796,-0.0284531792699521,0.977361032016049,"03.de 40 a 49 anios","anemia",NA,NA,NA
"factor(anio_def)2020",1.15478729127985,0.549230379757758,2.1025553826596,0.0381772679716884,"03.de 40 a 49 anios","anemia",NA,NA,NA
"factor(anio_def)2021",0.590592057341365,0.522506894843236,1.13030481161125,0.261223647964076,"03.de 40 a 49 anios","anemia",NA,NA,NA
"factor(anio_def)2022",0.428227560954059,0.617572937498722,0.693404025585148,0.48976587877095,"03.de 40 a 49 anios","anemia",NA,NA,NA
"factor(anio_def)2023",1.70845469084234,0.68499717034404,2.49410474204479,0.0143741419260817,"03.de 40 a 49 anios","anemia",NA,NA,NA
"factor(anio_def)2024",1.72202821617071,0.769016696694283,2.23925985426984,0.027497236002718,"03.de 40 a 49 anios","anemia",NA,NA,NA
"factor(month)2",0.304935389192624,0.623901717515112,0.488755489257389,0.626153192840207,"03.de 40 a 49 anios","anemia",NA,NA,NA
"factor(month)3",-0.193243728391807,0.641232703127329,-0.301362870997294,0.763803454860599,"03.de 40 a 49 anios","anemia",NA,NA,NA
"factor(month)4",-0.230712745943881,0.581141335344907,-0.396999373322761,0.692267866452473,"03.de 40 a 49 anios","anemia",NA,NA,NA
"factor(month)5",0.301948584084496,0.685610266137755,0.440408492984595,0.660652373809029,"03.de 40 a 49 anios","anemia",NA,NA,NA
"factor(month)6",0.3922875314892,0.745831005660613,0.525973750771778,0.600145171286732,"03.de 40 a 49 anios","anemia",NA,NA,NA
"factor(month)7",0.473731419726911,0.669038557381075,0.708077904480294,0.480648989940045,"03.de 40 a 49 anios","anemia",NA,NA,NA
"factor(month)8",1.51754673670341,0.802327918539194,1.89142955347537,0.0616459409436026,"03.de 40 a 49 anios","anemia",NA,NA,NA
"factor(month)9",0.750902515484736,0.609233192641478,1.2325371049286,0.220822370390442,"03.de 40 a 49 anios","anemia",NA,NA,NA
"factor(month)10",1.18453863934412,0.797846342290992,1.48467013829098,0.140977008807989,"03.de 40 a 49 anios","anemia",NA,NA,NA
"factor(month)11",-0.56303614126592,0.664017615742476,-0.847923500698633,0.398634504872907,"03.de 40 a 49 anios","anemia",NA,NA,NA
"factor(month)12",-0.0700312459205293,0.582869406395921,-0.120149119428924,0.904621454045584,"03.de 40 a 49 anios","anemia",NA,NA,NA
"covid:factor(anio_def)2020",0.134512636485939,0.201297681094524,0.668227451774645,0.505625942204651,"03.de 40 a 49 anios","anemia",NA,NA,NA
"covid:factor(anio_def)2021",0.136581819484892,0.201104867550791,0.679157203643501,0.498707143780754,"03.de 40 a 49 anios","anemia",NA,NA,NA
"covid:factor(anio_def)2022",0.135304278967202,0.200533889448912,0.674720264684599,0.501509653919156,"03.de 40 a 49 anios","anemia",NA,NA,NA
"covid:factor(anio_def)2023",0.122738647269172,0.194460541987247,0.631175075492801,0.529457850404504,"03.de 40 a 49 anios","anemia",NA,NA,NA
NA,NA,NA,NA,NA,"03.de 40 a 49 anios","anemia",2015,-0.136397075907219,0.201076383805663
NA,NA,NA,NA,NA,"03.de 40 a 49 anios","anemia",2016,NA,0.201076383805663
NA,NA,NA,NA,NA,"03.de 40 a 49 anios","anemia",2017,NA,0.201076383805663
NA,NA,NA,NA,NA,"03.de 40 a 49 anios","anemia",2018,NA,0.201076383805663
NA,NA,NA,NA,NA,"03.de 40 a 49 anios","anemia",2019,NA,0.201076383805663
NA,NA,NA,NA,NA,"03.de 40 a 49 anios","anemia",2020,-0.00188443942127992,0.00318028419223672
NA,NA,NA,NA,NA,"03.de 40 a 49 anios","anemia",2021,0.000184743577672924,0.000524215398392296
NA,NA,NA,NA,NA,"03.de 40 a 49 anios","anemia",2022,-0.00109279694001649,0.00250705115842744
NA,NA,NA,NA,NA,"03.de 40 a 49 anios","anemia",2023,-0.013658428638047,0.024593712554322
NA,NA,NA,NA,NA,"03.de 40 a 49 anios","anemia",2024,NA,0.201076383805663
"(Intercept)",-2.07562818371861e-14,6.6382389550865e-15,-3.12677533569077,0.00235228412762882,"04.de 50 a 59 anios","covid",NA,NA,NA
"covid",1,9.19516279302499e-16,1087528326043942,0,"04.de 50 a 59 anios","covid",NA,NA,NA
"factor(anio_def)2016",-4.54621387101403e-15,5.71631373982374e-15,-0.795305170068257,0.428439655898457,"04.de 50 a 59 anios","covid",NA,NA,NA
"factor(anio_def)2017",-4.54621387101402e-15,5.71631373982372e-15,-0.795305170068257,0.428439655898457,"04.de 50 a 59 anios","covid",NA,NA,NA
"factor(anio_def)2018",-4.54621387101404e-15,5.71631373982373e-15,-0.795305170068259,0.428439655898456,"04.de 50 a 59 anios","covid",NA,NA,NA
"factor(anio_def)2019",-4.54621387101403e-15,5.71631373982373e-15,-0.795305170068258,0.428439655898457,"04.de 50 a 59 anios","covid",NA,NA,NA
"factor(anio_def)2020",-4.34903536104636e-15,7.26725535385194e-15,-0.598442623698533,0.550983949287292,"04.de 50 a 59 anios","covid",NA,NA,NA
"factor(anio_def)2021",2.93510351060196e-14,1.68769769751071e-14,1.73911685423943,0.0852878997609209,"04.de 50 a 59 anios","covid",NA,NA,NA
"factor(anio_def)2022",-5.39162501914513e-15,5.61700263805211e-15,-0.959875821068665,0.339580232000198,"04.de 50 a 59 anios","covid",NA,NA,NA
"factor(anio_def)2023",-8.72108648181953e-15,6.03817095910786e-15,-1.44432586306037,0.151972335649066,"04.de 50 a 59 anios","covid",NA,NA,NA
"factor(anio_def)2024",-6.3971467298743e-15,6.51607992487626e-15,-0.981747738460372,0.328744245824245,"04.de 50 a 59 anios","covid",NA,NA,NA
"factor(month)2",1.05197465922132e-14,7.18350438853283e-15,1.46443101072035,0.146412698141086,"04.de 50 a 59 anios","covid",NA,NA,NA
"factor(month)3",4.97739046534694e-15,4.28451201343544e-15,1.16171700528293,0.24829176022425,"04.de 50 a 59 anios","covid",NA,NA,NA
"factor(month)4",1.27831684771375e-14,1.11896614182419e-14,1.14240887184467,0.25618563767604,"04.de 50 a 59 anios","covid",NA,NA,NA
"factor(month)5",3.46695144299129e-15,6.6211097035511e-15,0.523620903174563,0.601774564528466,"04.de 50 a 59 anios","covid",NA,NA,NA
"factor(month)6",-5.75684989835114e-15,8.51793441217793e-15,-0.675850460895858,0.500794983123668,"04.de 50 a 59 anios","covid",NA,NA,NA
"factor(month)7",2.14411681124984e-14,1.69396130673335e-14,1.26574131459034,0.2087339146063,"04.de 50 a 59 anios","covid",NA,NA,NA
"factor(month)8",1.18681507942246e-14,6.4002102945917e-15,1.85433763078902,0.0668261938436621,"04.de 50 a 59 anios","covid",NA,NA,NA
"factor(month)9",-2.58693676202309e-15,6.57557938019682e-15,-0.393415790829622,0.694903310944196,"04.de 50 a 59 anios","covid",NA,NA,NA
"factor(month)10",-3.52598526601304e-15,6.67735945514324e-15,-0.528050839512189,0.598708433857857,"04.de 50 a 59 anios","covid",NA,NA,NA
"factor(month)11",7.96741764257583e-15,8.45557217522346e-15,0.942268302779318,0.3484706929993,"04.de 50 a 59 anios","covid",NA,NA,NA
"factor(month)12",-1.87447100744823e-16,6.41315889285732e-15,-0.0292285134169361,0.976744307230501,"04.de 50 a 59 anios","covid",NA,NA,NA
"covid:factor(anio_def)2020",6.15713116725763e-16,9.21739910585296e-16,0.667990080124437,0.505776771856854,"04.de 50 a 59 anios","covid",NA,NA,NA
"covid:factor(anio_def)2021",5.88426696690563e-16,9.18043812384907e-16,0.640957096766374,0.523110169296146,"04.de 50 a 59 anios","covid",NA,NA,NA
"covid:factor(anio_def)2022",6.07587252295397e-16,9.1536537430333e-16,0.663764731933215,0.508465645334613,"04.de 50 a 59 anios","covid",NA,NA,NA
"covid:factor(anio_def)2023",5.52321991824109e-16,8.9220172091298e-16,0.619055062188094,0.537377522769647,"04.de 50 a 59 anios","covid",NA,NA,NA
NA,NA,NA,NA,NA,"04.de 50 a 59 anios","covid",2015,1,9.19516279302499e-16
NA,NA,NA,NA,NA,"04.de 50 a 59 anios","covid",2016,NA,9.19516279302499e-16
NA,NA,NA,NA,NA,"04.de 50 a 59 anios","covid",2017,NA,9.19516279302499e-16
NA,NA,NA,NA,NA,"04.de 50 a 59 anios","covid",2018,NA,9.19516279302499e-16
NA,NA,NA,NA,NA,"04.de 50 a 59 anios","covid",2019,NA,9.19516279302499e-16
NA,NA,NA,NA,NA,"04.de 50 a 59 anios","covid",2020,1,1.97392046442146e-17
NA,NA,NA,NA,NA,"04.de 50 a 59 anios","covid",2021,1,1.92869363907986e-17
NA,NA,NA,NA,NA,"04.de 50 a 59 anios","covid",2022,1,1.16081347082793e-17
NA,NA,NA,NA,NA,"04.de 50 a 59 anios","covid",2023,1,1.43783427002054e-16
NA,NA,NA,NA,NA,"04.de 50 a 59 anios","covid",2024,NA,9.19516279302499e-16
"(Intercept)",-6.29413166560308,10.1961696712539,-0.617303543246065,0.538527012776199,"04.de 50 a 59 anios","resp",NA,NA,NA
"covid",1.92095724404926,1.84003763593808,1.0439771483641,0.299173343708094,"04.de 50 a 59 anios","resp",NA,NA,NA
"factor(anio_def)2016",50.1249999999995,24.5942687575155,2.03807645164007,0.0443519299630464,"04.de 50 a 59 anios","resp",NA,NA,NA
"factor(anio_def)2017",15.9166666666657,10.1644710642101,1.56591194624082,0.120729647034056,"04.de 50 a 59 anios","resp",NA,NA,NA
"factor(anio_def)2018",17.2916666666653,15.6351859145317,1.10594570228896,0.271572482962712,"04.de 50 a 59 anios","resp",NA,NA,NA
"factor(anio_def)2019",16.4166666666653,11.6614846564103,1.40776814877007,0.162498198968377,"04.de 50 a 59 anios","resp",NA,NA,NA
"factor(anio_def)2020",-10.7212907696513,21.9633356247917,-0.488144922647785,0.626583943058716,"04.de 50 a 59 anios","resp",NA,NA,NA
"factor(anio_def)2021",37.4287175221553,13.1355455680666,2.84942238053264,0.00538166605244496,"04.de 50 a 59 anios","resp",NA,NA,NA
"factor(anio_def)2022",35.9609883559197,16.1725628466537,2.22358006562704,0.0285721418906073,"04.de 50 a 59 anios","resp",NA,NA,NA
"factor(anio_def)2023",7.3963635348185,9.18146732652385,0.805575326010424,0.422520890344224,"04.de 50 a 59 anios","resp",NA,NA,NA
"factor(anio_def)2024",40.6121282678485,12.995098218335,3.12518825063964,0.00236379735357987,"04.de 50 a 59 anios","resp",NA,NA,NA
"factor(month)2",-3.4613011097727,11.7228241821116,-0.295261709636017,0.768445150086023,"04.de 50 a 59 anios","resp",NA,NA,NA
"factor(month)3",24.0643313987374,12.3637771837066,1.94635757674848,0.0545978731382517,"04.de 50 a 59 anios","resp",NA,NA,NA
"factor(month)4",-17.8894260034868,10.4313768351607,-1.71496306635071,0.0896469613178254,"04.de 50 a 59 anios","resp",NA,NA,NA
"factor(month)5",-33.0545085518079,17.3615200909263,-1.90389484208144,0.0599826660238126,"04.de 50 a 59 anios","resp",NA,NA,NA
"factor(month)6",-8.00946363749324,29.5013010924868,-0.27149526769628,0.786605495662473,"04.de 50 a 59 anios","resp",NA,NA,NA
"factor(month)7",-32.6727116403434,14.7279342978412,-2.21841780249743,0.0289339915440984,"04.de 50 a 59 anios","resp",NA,NA,NA
"factor(month)8",-44.2811237461273,16.3321123566355,-2.71129188798022,0.00796862913119478,"04.de 50 a 59 anios","resp",NA,NA,NA
"factor(month)9",-19.1798448942252,13.5942260704728,-1.41088170777773,0.161580504476662,"04.de 50 a 59 anios","resp",NA,NA,NA
"factor(month)10",-18.2399178148766,10.1223469900497,-1.80194552042194,0.0747594741491666,"04.de 50 a 59 anios","resp",NA,NA,NA
"factor(month)11",-13.024897811872,11.2219637486911,-1.16066119117443,0.248718897255226,"04.de 50 a 59 anios","resp",NA,NA,NA
"factor(month)12",1.87844380146547,11.6079725856628,0.16182359043349,0.871792101936944,"04.de 50 a 59 anios","resp",NA,NA,NA
"covid:factor(anio_def)2020",-1.8655657348737,1.84158967122007,-1.01301922139786,0.313651422801653,"04.de 50 a 59 anios","resp",NA,NA,NA
"covid:factor(anio_def)2021",-1.86568810327483,1.84215835250386,-1.01277292516086,0.31376845586671,"04.de 50 a 59 anios","resp",NA,NA,NA
"covid:factor(anio_def)2022",-1.7387616968568,1.83289894265923,-0.948640242180592,0.345236141008271,"04.de 50 a 59 anios","resp",NA,NA,NA
"covid:factor(anio_def)2023",-0.787839135804966,1.77821975418652,-0.44304936662082,0.658747985708998,"04.de 50 a 59 anios","resp",NA,NA,NA
NA,NA,NA,NA,NA,"04.de 50 a 59 anios","resp",2015,1.92095724404926,1.84003763593808
NA,NA,NA,NA,NA,"04.de 50 a 59 anios","resp",2016,NA,1.84003763593808
NA,NA,NA,NA,NA,"04.de 50 a 59 anios","resp",2017,NA,1.84003763593808
NA,NA,NA,NA,NA,"04.de 50 a 59 anios","resp",2018,NA,1.84003763593808
NA,NA,NA,NA,NA,"04.de 50 a 59 anios","resp",2019,NA,1.84003763593808
NA,NA,NA,NA,NA,"04.de 50 a 59 anios","resp",2020,0.0553915091755626,0.0234036404927978
NA,NA,NA,NA,NA,"04.de 50 a 59 anios","resp",2021,0.0552691407744277,0.00650839360262407
NA,NA,NA,NA,NA,"04.de 50 a 59 anios","resp",2022,0.182195547192455,0.0344050059486943
NA,NA,NA,NA,NA,"04.de 50 a 59 anios","resp",2023,1.13311810824429,0.243835035882751
NA,NA,NA,NA,NA,"04.de 50 a 59 anios","resp",2024,NA,1.84003763593808
"(Intercept)",4.33301231866077,13.4730534870765,0.321605812878056,0.748465388240993,"04.de 50 a 59 anios","circ",NA,NA,NA
"covid",4.5064736326265,2.74320365633494,1.64277764147025,0.103770130236096,"04.de 50 a 59 anios","circ",NA,NA,NA
"factor(anio_def)2016",33.0083333333319,17.3289106178071,1.90481294879625,0.0598616699903951,"04.de 50 a 59 anios","circ",NA,NA,NA
"factor(anio_def)2017",-2.56666666667136,14.5740699548913,-0.176111866802858,0.860584913129865,"04.de 50 a 59 anios","circ",NA,NA,NA
"factor(anio_def)2018",1.60833333332757,14.2538203440579,0.11283524658693,0.910401796527204,"04.de 50 a 59 anios","circ",NA,NA,NA
"factor(anio_def)2019",15.6999999999927,14.6719158625717,1.07007156713894,0.287327106713752,"04.de 50 a 59 anios","circ",NA,NA,NA
"factor(anio_def)2020",-5.50729166748473,26.1477613379516,-0.210621918882642,0.83363820708212,"04.de 50 a 59 anios","circ",NA,NA,NA
"factor(anio_def)2021",79.8844704612013,18.3972761278375,4.342190110433,3.5575243522562e-05,"04.de 50 a 59 anios","circ",NA,NA,NA
"factor(anio_def)2022",69.41197333576,16.0790324792537,4.31692475435449,3.9143015210019e-05,"04.de 50 a 59 anios","circ",NA,NA,NA
"factor(anio_def)2023",67.0770382098899,16.4378055077722,4.08065651939819,9.41499736935245e-05,"04.de 50 a 59 anios","circ",NA,NA,NA
"factor(anio_def)2024",67.8889124354378,23.2058142059631,2.92551305603372,0.00431085361260859,"04.de 50 a 59 anios","circ",NA,NA,NA
"factor(month)2",-33.6593056237035,17.4371370938879,-1.9303229333158,0.0565810970213744,"04.de 50 a 59 anios","circ",NA,NA,NA
"factor(month)3",23.8027623629852,12.1091450891872,1.9656847934079,0.0522860069109298,"04.de 50 a 59 anios","circ",NA,NA,NA
"factor(month)4",-22.4341598804022,16.9970397015224,-1.31988630222431,0.190078333174511,"04.de 50 a 59 anios","circ",NA,NA,NA
"factor(month)5",-4.92890165799336,14.6202078330468,-0.337129383814387,0.736770957094229,"04.de 50 a 59 anios","circ",NA,NA,NA
"factor(month)6",-28.0887746634773,13.3615128833537,-2.10221513901104,0.0382077949280474,"04.de 50 a 59 anios","circ",NA,NA,NA
"factor(month)7",-4.81563087407937,11.0730798830138,-0.434895343026163,0.664635210446268,"04.de 50 a 59 anios","circ",NA,NA,NA
"factor(month)8",-19.8728001272325,11.5981134596169,-1.71345108809523,0.0899257842130594,"04.de 50 a 59 anios","circ",NA,NA,NA
"factor(month)9",-24.9970961926364,13.1022093966066,-1.9078535105011,0.0594624259480914,"04.de 50 a 59 anios","circ",NA,NA,NA
"factor(month)10",-9.17639892157784,13.6835867894239,-0.670613565199902,0.504111105930278,"04.de 50 a 59 anios","circ",NA,NA,NA
"factor(month)11",-29.3285711541576,12.0989614345394,-2.42405691702034,0.0172611834238852,"04.de 50 a 59 anios","circ",NA,NA,NA
"factor(month)12",-13.0972711162407,15.0470436344137,-0.870421554855218,0.386287486554292,"04.de 50 a 59 anios","circ",NA,NA,NA
"covid:factor(anio_def)2020",-4.44886145313743,2.73921304597616,-1.62413853120067,0.107694990931577,"04.de 50 a 59 anios","circ",NA,NA,NA
"covid:factor(anio_def)2021",-4.49018228509748,2.74441086043032,-1.63611882966876,0.105158814327426,"04.de 50 a 59 anios","circ",NA,NA,NA
"covid:factor(anio_def)2022",-4.36557993683609,2.74379203592798,-1.59107537294079,0.114950227834238,"04.de 50 a 59 anios","circ",NA,NA,NA
"covid:factor(anio_def)2023",-4.85343118887744,2.79815349926235,-1.73451213100243,0.086105217678507,"04.de 50 a 59 anios","circ",NA,NA,NA
NA,NA,NA,NA,NA,"04.de 50 a 59 anios","circ",2015,4.5064736326265,2.74320365633494
NA,NA,NA,NA,NA,"04.de 50 a 59 anios","circ",2016,NA,2.74320365633494
NA,NA,NA,NA,NA,"04.de 50 a 59 anios","circ",2017,NA,2.74320365633494
NA,NA,NA,NA,NA,"04.de 50 a 59 anios","circ",2018,NA,2.74320365633494
NA,NA,NA,NA,NA,"04.de 50 a 59 anios","circ",2019,NA,2.74320365633494
NA,NA,NA,NA,NA,"04.de 50 a 59 anios","circ",2020,0.0576121794890678,0.0264297818583567
NA,NA,NA,NA,NA,"04.de 50 a 59 anios","circ",2021,0.0162913475290161,0.00643797585121208
NA,NA,NA,NA,NA,"04.de 50 a 59 anios","circ",2022,0.140893695790409,0.0564989229300309
NA,NA,NA,NA,NA,"04.de 50 a 59 anios","circ",2023,-0.346957556250946,0.367696679932411
NA,NA,NA,NA,NA,"04.de 50 a 59 anios","circ",2024,NA,2.74320365633494
"(Intercept)",1.08338249799813,4.50729328206905,0.240362104305051,0.810572979397129,"04.de 50 a 59 anios","diabetes",NA,NA,NA
"covid",0.422667656565684,0.781349232335804,0.540945890868978,0.589824514047093,"04.de 50 a 59 anios","diabetes",NA,NA,NA
"factor(anio_def)2016",2.35833333333334,4.84477508263555,0.486778703470877,0.627548269251286,"04.de 50 a 59 anios","diabetes",NA,NA,NA
"factor(anio_def)2017",-5.61666666666642,4.11971790480794,-1.36336195740768,0.176024976724471,"04.de 50 a 59 anios","diabetes",NA,NA,NA
"factor(anio_def)2018",-0.174999999999728,5.04077772516418,-0.034716865043683,0.972379127974443,"04.de 50 a 59 anios","diabetes",NA,NA,NA
"factor(anio_def)2019",1.26666666666695,4.60858579528825,0.27484931884353,0.784035191928116,"04.de 50 a 59 anios","diabetes",NA,NA,NA
"factor(anio_def)2020",-7.8646644319035,5.04099077376051,-1.56014259594381,0.122086758358002,"04.de 50 a 59 anios","diabetes",NA,NA,NA
"factor(anio_def)2021",0.536076964880839,4.3359864156901,0.123634373701219,0.901868753662131,"04.de 50 a 59 anios","diabetes",NA,NA,NA
"factor(anio_def)2022",0.10283486133443,4.16365384699641,0.0246982254321198,0.980348026319104,"04.de 50 a 59 anios","diabetes",NA,NA,NA
"factor(anio_def)2023",-14.5816027209282,4.82265543743987,-3.02356303702032,0.00322015045186832,"04.de 50 a 59 anios","diabetes",NA,NA,NA
"factor(anio_def)2024",-11.9596696363629,5.75981042934607,-2.07639987167438,0.0405862870061345,"04.de 50 a 59 anios","diabetes",NA,NA,NA
"factor(month)2",-0.430025596219041,4.8512635274849,-0.0886419782769425,0.929555025660487,"04.de 50 a 59 anios","diabetes",NA,NA,NA
"factor(month)3",-1.71061413657694,4.70810914883241,-0.363333576708001,0.717171532036941,"04.de 50 a 59 anios","diabetes",NA,NA,NA
"factor(month)4",-2.57321402966655,5.62551511342014,-0.457418383523304,0.648425822882666,"04.de 50 a 59 anios","diabetes",NA,NA,NA
"factor(month)5",0.277054857974559,5.31502707301771,0.0521267068198123,0.958538348001606,"04.de 50 a 59 anios","diabetes",NA,NA,NA
"factor(month)6",2.6328827858534,5.34088062419276,0.492967915052649,0.6231848946434,"04.de 50 a 59 anios","diabetes",NA,NA,NA
"factor(month)7",-2.77388967123147,4.89353307681859,-0.566848047757521,0.572168513612856,"04.de 50 a 59 anios","diabetes",NA,NA,NA
"factor(month)8",6.04024322618888,5.39154583709227,1.12031751351046,0.265432701991946,"04.de 50 a 59 anios","diabetes",NA,NA,NA
"factor(month)9",-5.46586904272581,4.89891886662067,-1.11572965210102,0.267382038279987,"04.de 50 a 59 anios","diabetes",NA,NA,NA
"factor(month)10",-3.2464435013516,4.60519729906254,-0.704952098797691,0.482583146803705,"04.de 50 a 59 anios","diabetes",NA,NA,NA
"factor(month)11",-2.71461582171551,4.24894037167002,-0.638892425936433,0.524446649173333,"04.de 50 a 59 anios","diabetes",NA,NA,NA
"factor(month)12",2.163900955246,5.23375864227751,0.413450658149639,0.680218181177428,"04.de 50 a 59 anios","diabetes",NA,NA,NA
"covid:factor(anio_def)2020",-0.40540348151074,0.782007441388425,-0.518413841166219,0.605387744602404,"04.de 50 a 59 anios","diabetes",NA,NA,NA
"covid:factor(anio_def)2021",-0.41728814157651,0.781634607523422,-0.533866000251282,0.594694500045149,"04.de 50 a 59 anios","diabetes",NA,NA,NA
"covid:factor(anio_def)2022",-0.39484548047164,0.780413764396234,-0.505943767889731,0.614080601953723,"04.de 50 a 59 anios","diabetes",NA,NA,NA
"covid:factor(anio_def)2023",0.0294747046600014,0.785810931772983,0.0375086467599773,0.970158988994682,"04.de 50 a 59 anios","diabetes",NA,NA,NA
NA,NA,NA,NA,NA,"04.de 50 a 59 anios","diabetes",2015,0.422667656565684,0.781349232335804
NA,NA,NA,NA,NA,"04.de 50 a 59 anios","diabetes",2016,NA,0.781349232335804
NA,NA,NA,NA,NA,"04.de 50 a 59 anios","diabetes",2017,NA,0.781349232335804
NA,NA,NA,NA,NA,"04.de 50 a 59 anios","diabetes",2018,NA,0.781349232335804
NA,NA,NA,NA,NA,"04.de 50 a 59 anios","diabetes",2019,NA,0.781349232335804
NA,NA,NA,NA,NA,"04.de 50 a 59 anios","diabetes",2020,0.0172641750549435,0.00473495754611072
NA,NA,NA,NA,NA,"04.de 50 a 59 anios","diabetes",2021,0.00537951498917383,0.00150637660451615
NA,NA,NA,NA,NA,"04.de 50 a 59 anios","diabetes",2022,0.0278221760940437,0.0125630916767743
NA,NA,NA,NA,NA,"04.de 50 a 59 anios","diabetes",2023,0.452142361225685,0.142909978571111
NA,NA,NA,NA,NA,"04.de 50 a 59 anios","diabetes",2024,NA,0.781349232335804
"(Intercept)",-0.00284815950393734,0.209105304191836,-0.0136206946779523,0.989161461332696,"04.de 50 a 59 anios","alzheimer",NA,NA,NA
"covid",0.00724934574630648,0.0482538740228897,0.150233445357521,0.880902336273071,"04.de 50 a 59 anios","alzheimer",NA,NA,NA
"factor(anio_def)2016",0.391666666666652,0.30121018222789,1.30031018131493,0.19667382355291,"04.de 50 a 59 anios","alzheimer",NA,NA,NA
"factor(anio_def)2017",-0.0500000000000303,0.242758820954156,-0.205965739178938,0.837263099743857,"04.de 50 a 59 anios","alzheimer",NA,NA,NA
"factor(anio_def)2018",0.0916666666666215,0.253295057066098,0.361896784439425,0.718241430999018,"04.de 50 a 59 anios","alzheimer",NA,NA,NA
"factor(anio_def)2019",0.14999999999994,0.219451307791904,0.683522925924772,0.495957893419955,"04.de 50 a 59 anios","alzheimer",NA,NA,NA
"factor(anio_def)2020",0.541479388692631,0.366008254194128,1.47941851717211,0.142372079673146,"04.de 50 a 59 anios","alzheimer",NA,NA,NA
"factor(anio_def)2021",0.359813794921826,0.231755487566567,1.55255782160703,0.123889308893895,"04.de 50 a 59 anios","alzheimer",NA,NA,NA
"factor(anio_def)2022",0.483733493985471,0.211373550817561,2.28852423642629,0.0243472039891617,"04.de 50 a 59 anios","alzheimer",NA,NA,NA
"factor(anio_def)2023",1.139650752402,0.244625586808651,4.65875531366001,1.04584337683393e-05,"04.de 50 a 59 anios","alzheimer",NA,NA,NA
"factor(anio_def)2024",1.25325196276089,0.248940868897877,5.03433593812598,2.30430840393663e-06,"04.de 50 a 59 anios","alzheimer",NA,NA,NA
"factor(month)2",-0.228513504787967,0.240344460024916,-0.950775003360913,0.34415684743163,"04.de 50 a 59 anios","alzheimer",NA,NA,NA
"factor(month)3",-0.107562208570621,0.285629887153571,-0.376578969527754,0.707335218231585,"04.de 50 a 59 anios","alzheimer",NA,NA,NA
"factor(month)4",-0.0391683218005776,0.294126543033801,-0.133168266272644,0.894344978450792,"04.de 50 a 59 anios","alzheimer",NA,NA,NA
"factor(month)5",-0.509097658211712,0.236433636507425,-2.15323701708459,0.0338591795158691,"04.de 50 a 59 anios","alzheimer",NA,NA,NA
"factor(month)6",-0.117830213314695,0.321595334110092,-0.366392794972449,0.714895382755941,"04.de 50 a 59 anios","alzheimer",NA,NA,NA
"factor(month)7",0.0560881333746945,0.251851310964467,0.222703360804058,0.824249583463514,"04.de 50 a 59 anios","alzheimer",NA,NA,NA
"factor(month)8",-0.504022602175801,0.201344442386984,-2.50328539591409,0.0140297339607231,"04.de 50 a 59 anios","alzheimer",NA,NA,NA
"factor(month)9",0.209436451658381,0.276477270985284,0.757517791288993,0.450634503652434,"04.de 50 a 59 anios","alzheimer",NA,NA,NA
"factor(month)10",-0.0782378207887484,0.340543311519137,-0.229744112253257,0.818789804642477,"04.de 50 a 59 anios","alzheimer",NA,NA,NA
"factor(month)11",0.123305263368824,0.229627770503723,0.536978881510435,0.592550968849063,"04.de 50 a 59 anios","alzheimer",NA,NA,NA
"factor(month)12",-0.170219605120253,0.243597115957694,-0.698775124865663,0.486417881575416,"04.de 50 a 59 anios","alzheimer",NA,NA,NA
"covid:factor(anio_def)2020",-0.00705465900666244,0.0482768056422133,-0.146129366117253,0.884132185575449,"04.de 50 a 59 anios","alzheimer",NA,NA,NA
"covid:factor(anio_def)2021",-0.00685360655031581,0.0482599276361515,-0.142014439018383,0.887372537481002,"04.de 50 a 59 anios","alzheimer",NA,NA,NA
"covid:factor(anio_def)2022",-0.00644464473809753,0.0481660011742406,-0.133800701345001,0.893846219112301,"04.de 50 a 59 anios","alzheimer",NA,NA,NA
"covid:factor(anio_def)2023",-0.0266494301278596,0.0477327607886351,-0.558304813875436,0.577963688828008,"04.de 50 a 59 anios","alzheimer",NA,NA,NA
NA,NA,NA,NA,NA,"04.de 50 a 59 anios","alzheimer",2015,0.00724934574630648,0.0482538740228897
NA,NA,NA,NA,NA,"04.de 50 a 59 anios","alzheimer",2016,NA,0.0482538740228897
NA,NA,NA,NA,NA,"04.de 50 a 59 anios","alzheimer",2017,NA,0.0482538740228897
NA,NA,NA,NA,NA,"04.de 50 a 59 anios","alzheimer",2018,NA,0.0482538740228897
NA,NA,NA,NA,NA,"04.de 50 a 59 anios","alzheimer",2019,NA,0.0482538740228897
NA,NA,NA,NA,NA,"04.de 50 a 59 anios","alzheimer",2020,0.00019468673964404,0.000391406679363142
NA,NA,NA,NA,NA,"04.de 50 a 59 anios","alzheimer",2021,0.000395739195990677,0.000191030331187614
NA,NA,NA,NA,NA,"04.de 50 a 59 anios","alzheimer",2022,0.000804701008208959,0.000498846817422461
NA,NA,NA,NA,NA,"04.de 50 a 59 anios","alzheimer",2023,-0.0194000843815531,0.00799113318984483
NA,NA,NA,NA,NA,"04.de 50 a 59 anios","alzheimer",2024,NA,0.0482538740228897
"(Intercept)",0.56872019646196,0.924594206964908,0.615102487315871,0.539973300247777,"04.de 50 a 59 anios","metabolic",NA,NA,NA
"covid",0.204041290885294,0.208173784875507,0.980148826170957,0.329528593015984,"04.de 50 a 59 anios","metabolic",NA,NA,NA
"factor(anio_def)2016",0.466666666666684,0.941135560924518,0.495854886418548,0.621154164046681,"04.de 50 a 59 anios","metabolic",NA,NA,NA
"factor(anio_def)2017",0.683333333333348,1.00850638828025,0.677569662695544,0.499708911770761,"04.de 50 a 59 anios","metabolic",NA,NA,NA
"factor(anio_def)2018",0.233333333333355,1.09403075543787,0.213278586706611,0.831571562131432,"04.de 50 a 59 anios","metabolic",NA,NA,NA
"factor(anio_def)2019",0.116666666666701,1.02441365269172,0.113886286423605,0.909570828674985,"04.de 50 a 59 anios","metabolic",NA,NA,NA
"factor(anio_def)2020",-0.840985842141394,0.922597462964065,-0.911541464074187,0.36434189967977,"04.de 50 a 59 anios","metabolic",NA,NA,NA
"factor(anio_def)2021",-0.270298236698325,1.19111880526569,-0.226928023890977,0.820972496519553,"04.de 50 a 59 anios","metabolic",NA,NA,NA
"factor(anio_def)2022",1.85748069623256,1.03278081135702,1.79852363232033,0.0753037387159244,"04.de 50 a 59 anios","metabolic",NA,NA,NA
"factor(anio_def)2023",1.55732316654664,1.21677241563876,1.27988040041909,0.203736948872007,"04.de 50 a 59 anios","metabolic",NA,NA,NA
"factor(anio_def)2024",0.754542794010855,1.24217180302673,0.607438352868986,0.545024673784313,"04.de 50 a 59 anios","metabolic",NA,NA,NA
"factor(month)2",-2.33291819791694,1.00337738368959,-2.32506555941932,0.022220412057173,"04.de 50 a 59 anios","metabolic",NA,NA,NA
"factor(month)3",-1.38453704127344,0.886600423813363,-1.56162461023693,0.121736996380429,"04.de 50 a 59 anios","metabolic",NA,NA,NA
"factor(month)4",-0.0739639562070293,0.934993948542476,-0.0791063475034557,0.93711619602525,"04.de 50 a 59 anios","metabolic",NA,NA,NA
"factor(month)5",-0.905752837300623,0.850100027660086,-1.06546618965973,0.289394131240658,"04.de 50 a 59 anios","metabolic",NA,NA,NA
"factor(month)6",0.0484375989714169,1.20859521042542,0.0400776029505917,0.968116257135889,"04.de 50 a 59 anios","metabolic",NA,NA,NA
"factor(month)7",-0.717487456555787,0.992591126234931,-0.722842908416219,0.471571100445525,"04.de 50 a 59 anios","metabolic",NA,NA,NA
"factor(month)8",-0.566240610368695,1.34257835110422,-0.421756100791423,0.67416601945631,"04.de 50 a 59 anios","metabolic",NA,NA,NA
"factor(month)9",-1.59638044832127,1.22165458839446,-1.30673634224162,0.194490231675659,"04.de 50 a 59 anios","metabolic",NA,NA,NA
"factor(month)10",-0.667081682370411,1.04497667485286,-0.638369925782641,0.52478514978732,"04.de 50 a 59 anios","metabolic",NA,NA,NA
"factor(month)11",-1.53104380978996,1.03499974375391,-1.4792697476783,0.142411755960332,"04.de 50 a 59 anios","metabolic",NA,NA,NA
"factor(month)12",-0.697673916321356,1.00704577580952,-0.692792654594598,0.490147765236755,"04.de 50 a 59 anios","metabolic",NA,NA,NA
"covid:factor(anio_def)2020",-0.204411953257925,0.208208395306125,-0.98176614327862,0.328735224496561,"04.de 50 a 59 anios","metabolic",NA,NA,NA
"covid:factor(anio_def)2021",-0.203324457065047,0.208226125715339,-0.976459876812034,0.331342903968833,"04.de 50 a 59 anios","metabolic",NA,NA,NA
"covid:factor(anio_def)2022",-0.206311510102627,0.208029211323505,-0.991742980661465,0.323868969769364,"04.de 50 a 59 anios","metabolic",NA,NA,NA
"covid:factor(anio_def)2023",-0.268413982460612,0.210501990680105,-1.27511374877454,0.205411576331926,"04.de 50 a 59 anios","metabolic",NA,NA,NA
NA,NA,NA,NA,NA,"04.de 50 a 59 anios","metabolic",2015,0.204041290885294,0.208173784875507
NA,NA,NA,NA,NA,"04.de 50 a 59 anios","metabolic",2016,NA,0.208173784875507
NA,NA,NA,NA,NA,"04.de 50 a 59 anios","metabolic",2017,NA,0.208173784875507
NA,NA,NA,NA,NA,"04.de 50 a 59 anios","metabolic",2018,NA,0.208173784875507
NA,NA,NA,NA,NA,"04.de 50 a 59 anios","metabolic",2019,NA,0.208173784875507
NA,NA,NA,NA,NA,"04.de 50 a 59 anios","metabolic",2020,-0.000370662372630615,0.00119984234071095
NA,NA,NA,NA,NA,"04.de 50 a 59 anios","metabolic",2021,0.00071683382024651,0.000394146601309604
NA,NA,NA,NA,NA,"04.de 50 a 59 anios","metabolic",2022,-0.00227021921733289,0.00178980605668926
NA,NA,NA,NA,NA,"04.de 50 a 59 anios","metabolic",2023,-0.0643726915753184,0.029473459075319
NA,NA,NA,NA,NA,"04.de 50 a 59 anios","metabolic",2024,NA,0.208173784875507
"(Intercept)",0.378444533772486,0.658017151837807,0.575128676684963,0.566578380307985,"04.de 50 a 59 anios","anemia",NA,NA,NA
"covid",0.191940496748214,0.114191891264654,1.68085925035928,0.0961103582039733,"04.de 50 a 59 anios","anemia",NA,NA,NA
"factor(anio_def)2016",2.11666666666668,0.647084373021711,3.27108296060745,0.00149861378208918,"04.de 50 a 59 anios","anemia",NA,NA,NA
"factor(anio_def)2017",0.899999999999899,0.626754077330008,1.43596991635687,0.154330481120519,"04.de 50 a 59 anios","anemia",NA,NA,NA
"factor(anio_def)2018",0.183333333333131,0.525344265532143,0.348977509343182,0.72788668989911,"04.de 50 a 59 anios","anemia",NA,NA,NA
"factor(anio_def)2019",0.966666666666468,0.678772756783247,1.42413886975602,0.157717525195837,"04.de 50 a 59 anios","anemia",NA,NA,NA
"factor(anio_def)2020",1.92064010042873,0.833077584276065,2.30547566838898,0.0233392541254857,"04.de 50 a 59 anios","anemia",NA,NA,NA
"factor(anio_def)2021",3.2934365190337,0.767223926370393,4.29266659424243,4.28916519196699e-05,"04.de 50 a 59 anios","anemia",NA,NA,NA
"factor(anio_def)2022",3.57520902589589,0.696209657353674,5.13524767738131,1.51903775479228e-06,"04.de 50 a 59 anios","anemia",NA,NA,NA
"factor(anio_def)2023",3.89184316353276,0.61149615408348,6.36446057353527,7.09557140925014e-09,"04.de 50 a 59 anios","anemia",NA,NA,NA
"factor(anio_def)2024",2.97417850975474,0.907203555530899,3.27840261606365,0.00146420472320601,"04.de 50 a 59 anios","anemia",NA,NA,NA
"factor(month)2",-1.58982464350108,0.682236536640595,-2.3303129605599,0.0219288793019377,"04.de 50 a 59 anios","anemia",NA,NA,NA
"factor(month)3",-1.04828408036816,0.766306700434974,-1.36796935192284,0.174583024051531,"04.de 50 a 59 anios","anemia",NA,NA,NA
"factor(month)4",-1.27451958797483,0.605947073171128,-2.10335133942446,0.038105936325904,"04.de 50 a 59 anios","anemia",NA,NA,NA
"factor(month)5",-1.48894212970394,0.860251744203217,-1.73082140168518,0.0867649374989634,"04.de 50 a 59 anios","anemia",NA,NA,NA
"factor(month)6",-0.85464460347733,0.800653190351073,-1.06743420719099,0.28850958702578,"04.de 50 a 59 anios","anemia",NA,NA,NA
"factor(month)7",-1.37467956530069,0.693761270562074,-1.98148790316148,0.0504579915080122,"04.de 50 a 59 anios","anemia",NA,NA,NA
"factor(month)8",-2.07159720506436,0.738950727676887,-2.80343076672655,0.00614208312870741,"04.de 50 a 59 anios","anemia",NA,NA,NA
"factor(month)9",-2.06194189253596,0.766717367863783,-2.68931157550391,0.00847177860570119,"04.de 50 a 59 anios","anemia",NA,NA,NA
"factor(month)10",-0.707612461633175,0.828517811939226,-0.854070306559782,0.395237365220627,"04.de 50 a 59 anios","anemia",NA,NA,NA
"factor(month)11",-1.3909564889925,0.852380241336173,-1.63184975617462,0.106056979015191,"04.de 50 a 59 anios","anemia",NA,NA,NA
"factor(month)12",-0.678331747791335,0.719452081941818,-0.942844929936822,0.348177180238088,"04.de 50 a 59 anios","anemia",NA,NA,NA
"covid:factor(anio_def)2020",-0.192726759608577,0.114301995857208,-1.68611893574756,0.0950894987135088,"04.de 50 a 59 anios","anemia",NA,NA,NA
"covid:factor(anio_def)2021",-0.192598779817713,0.114221298173238,-1.68618972904337,0.0950758187707598,"04.de 50 a 59 anios","anemia",NA,NA,NA
"covid:factor(anio_def)2022",-0.191281061267507,0.113953262641553,-1.67859223012502,0.0965531070178094,"04.de 50 a 59 anios","anemia",NA,NA,NA
"covid:factor(anio_def)2023",-0.271399543125777,0.114106393575286,-2.37847796799144,0.0194070267471951,"04.de 50 a 59 anios","anemia",NA,NA,NA
NA,NA,NA,NA,NA,"04.de 50 a 59 anios","anemia",2015,0.191940496748214,0.114191891264654
NA,NA,NA,NA,NA,"04.de 50 a 59 anios","anemia",2016,NA,0.114191891264654
NA,NA,NA,NA,NA,"04.de 50 a 59 anios","anemia",2017,NA,0.114191891264654
NA,NA,NA,NA,NA,"04.de 50 a 59 anios","anemia",2018,NA,0.114191891264654
NA,NA,NA,NA,NA,"04.de 50 a 59 anios","anemia",2019,NA,0.114191891264654
NA,NA,NA,NA,NA,"04.de 50 a 59 anios","anemia",2020,-0.000786262860362902,0.000958810137596753
NA,NA,NA,NA,NA,"04.de 50 a 59 anios","anemia",2021,-0.000658283069498999,0.000329134155896923
NA,NA,NA,NA,NA,"04.de 50 a 59 anios","anemia",2022,0.000659435480707599,0.00178616594674942
NA,NA,NA,NA,NA,"04.de 50 a 59 anios","anemia",2023,-0.0794590463775625,0.0257920728990593
NA,NA,NA,NA,NA,"04.de 50 a 59 anios","anemia",2024,NA,0.114191891264654
"(Intercept)",1.24537691023117e-13,1.45355800293003e-13,0.856778269405682,0.393746420661879,"05.de 60 a 69 anios","covid",NA,NA,NA
"covid",0.999999999999995,5.40010196252273e-15,185181688594049,0,"05.de 60 a 69 anios","covid",NA,NA,NA
"factor(anio_def)2016",-1.26445469482208e-13,1.36062401546396e-13,-0.929319694824669,0.355103791031036,"05.de 60 a 69 anios","covid",NA,NA,NA
"factor(anio_def)2017",-1.26445469482208e-13,1.36062401546396e-13,-0.929319694824669,0.355103791031036,"05.de 60 a 69 anios","covid",NA,NA,NA
"factor(anio_def)2018",-1.26445469482208e-13,1.36062401546396e-13,-0.929319694824669,0.355103791031036,"05.de 60 a 69 anios","covid",NA,NA,NA
"factor(anio_def)2019",-1.26445469482208e-13,1.36062401546396e-13,-0.929319694824669,0.355103791031036,"05.de 60 a 69 anios","covid",NA,NA,NA
"factor(anio_def)2020",-1.25439072948639e-13,1.52655954589971e-13,-0.821710972792149,0.413320737648754,"05.de 60 a 69 anios","covid",NA,NA,NA
"factor(anio_def)2021",-1.82437936980008e-13,1.46253982330049e-13,-1.24740491898746,0.215347896038094,"05.de 60 a 69 anios","covid",NA,NA,NA
"factor(anio_def)2022",-1.09796423603894e-13,1.20870016940958e-13,-0.908384282410809,0.365998289321399,"05.de 60 a 69 anios","covid",NA,NA,NA
"factor(anio_def)2023",-1.23556626917929e-13,1.34682767765645e-13,-0.917390019285348,0.361286103323235,"05.de 60 a 69 anios","covid",NA,NA,NA
"factor(anio_def)2024",-1.01168256184387e-13,1.01540141023838e-13,-0.996337558371483,0.321644056065032,"05.de 60 a 69 anios","covid",NA,NA,NA
"factor(month)2",1.76841390059974e-13,1.70632677410396e-13,1.0363864222481,0.302680673605594,"05.de 60 a 69 anios","covid",NA,NA,NA
"factor(month)3",2.94752755536489e-15,4.20455487727829e-14,0.0701032009664932,0.944260442917831,"05.de 60 a 69 anios","covid",NA,NA,NA
"factor(month)4",-1.51650969267138e-14,4.74010648820579e-14,-0.319931566188379,0.749730230227755,"05.de 60 a 69 anios","covid",NA,NA,NA
"factor(month)5",1.42509976669725e-14,4.55155738593428e-14,0.3131015707066,0.75489713633415,"05.de 60 a 69 anios","covid",NA,NA,NA
"factor(month)6",4.4537384142162e-15,4.4702364361856e-14,0.0996309362557236,0.920849505969825,"05.de 60 a 69 anios","covid",NA,NA,NA
"factor(month)7",-5.33644318119433e-15,4.57881294719216e-14,-0.116546433382188,0.907468127785595,"05.de 60 a 69 anios","covid",NA,NA,NA
"factor(month)8",-6.62138102588706e-17,4.48109165136881e-14,-0.0014776267795961,0.998824156186827,"05.de 60 a 69 anios","covid",NA,NA,NA
"factor(month)9",-2.9452929180162e-15,4.64294931338574e-14,-0.0634358188990961,0.94955416605555,"05.de 60 a 69 anios","covid",NA,NA,NA
"factor(month)10",7.07796075634945e-15,4.72110482946625e-14,0.149921702906768,0.881147603026351,"05.de 60 a 69 anios","covid",NA,NA,NA
"factor(month)11",3.76311528331981e-15,4.63150862201751e-14,0.0812503136759912,0.935415635307986,"05.de 60 a 69 anios","covid",NA,NA,NA
"factor(month)12",3.8850782664674e-15,4.50797616096737e-14,0.0861823161379296,0.931504796682633,"05.de 60 a 69 anios","covid",NA,NA,NA
"covid:factor(anio_def)2020",4.14525574344178e-15,5.41486489510113e-15,0.765532626158785,0.445872362155858,"05.de 60 a 69 anios","covid",NA,NA,NA
"covid:factor(anio_def)2021",4.22027794890298e-15,5.40352619593738e-15,0.781022946104337,0.436751560939708,"05.de 60 a 69 anios","covid",NA,NA,NA
"covid:factor(anio_def)2022",4.12090981513221e-15,5.34793328735295e-15,0.770561185734598,0.442899491805501,"05.de 60 a 69 anios","covid",NA,NA,NA
"covid:factor(anio_def)2023",4.37199362884213e-15,5.32638655142193e-15,0.820817938509359,0.413826752356027,"05.de 60 a 69 anios","covid",NA,NA,NA
NA,NA,NA,NA,NA,"05.de 60 a 69 anios","covid",2015,0.999999999999995,5.40010196252273e-15
NA,NA,NA,NA,NA,"05.de 60 a 69 anios","covid",2016,NA,5.40010196252273e-15
NA,NA,NA,NA,NA,"05.de 60 a 69 anios","covid",2017,NA,5.40010196252273e-15
NA,NA,NA,NA,NA,"05.de 60 a 69 anios","covid",2018,NA,5.40010196252273e-15
NA,NA,NA,NA,NA,"05.de 60 a 69 anios","covid",2019,NA,5.40010196252273e-15
NA,NA,NA,NA,NA,"05.de 60 a 69 anios","covid",2020,1,2.40404722009299e-17
NA,NA,NA,NA,NA,"05.de 60 a 69 anios","covid",2021,1,1.9518051505728e-17
NA,NA,NA,NA,NA,"05.de 60 a 69 anios","covid",2022,1,9.69604783121238e-17
NA,NA,NA,NA,NA,"05.de 60 a 69 anios","covid",2023,1,4.8008878574936e-16
NA,NA,NA,NA,NA,"05.de 60 a 69 anios","covid",2024,NA,5.40010196252273e-15
"(Intercept)",-1.0662471709458,30.5139552284881,-0.0349429355506934,0.972199339136512,"05.de 60 a 69 anios","resp",NA,NA,NA
"covid",0.498681349495526,1.5691278090362,0.317807986464679,0.751335513328639,"05.de 60 a 69 anios","resp",NA,NA,NA
"factor(anio_def)2016",81.3999999999991,43.6582053765801,1.86448341836023,0.0653742737831569,"05.de 60 a 69 anios","resp",NA,NA,NA
"factor(anio_def)2017",41.8000000000018,31.9684789158148,1.30753796920013,0.194219113883356,"05.de 60 a 69 anios","resp",NA,NA,NA
"factor(anio_def)2018",32.7000000000008,35.8621355633872,0.91182522976644,0.364193257842036,"05.de 60 a 69 anios","resp",NA,NA,NA
"factor(anio_def)2019",24.3500000000034,30.3825904236014,0.801445816848066,0.424894884695108,"05.de 60 a 69 anios","resp",NA,NA,NA
"factor(anio_def)2020",-76.3436243665931,48.892709550616,-1.56145210744679,0.121777666827595,"05.de 60 a 69 anios","resp",NA,NA,NA
"factor(anio_def)2021",26.6791523957412,37.9907836556819,0.7022532790463,0.484256548185905,"05.de 60 a 69 anios","resp",NA,NA,NA
"factor(anio_def)2022",90.3345974030883,36.7658290646503,2.45702598584792,0.0158434884126057,"05.de 60 a 69 anios","resp",NA,NA,NA
"factor(anio_def)2023",20.6931074500743,26.8910548312311,0.769516390485414,0.443516222535108,"05.de 60 a 69 anios","resp",NA,NA,NA
"factor(anio_def)2024",94.7347799912474,42.9179350510752,2.2073471120758,0.029723531941056,"05.de 60 a 69 anios","resp",NA,NA,NA
"factor(month)2",-6.18152940663039,28.0133083982587,-0.220664025781926,0.825832621801036,"05.de 60 a 69 anios","resp",NA,NA,NA
"factor(month)3",48.7699349446048,33.3396742334119,1.46281978051631,0.146852339195415,"05.de 60 a 69 anios","resp",NA,NA,NA
"factor(month)4",-6.77917841370219,33.6406234004005,-0.201517621508211,0.840729296058615,"05.de 60 a 69 anios","resp",NA,NA,NA
"factor(month)5",-47.1101290156925,42.4132544223731,-1.11074072615474,0.269513107824824,"05.de 60 a 69 anios","resp",NA,NA,NA
"factor(month)6",-38.7297547753422,55.4173597527585,-0.698874052248842,0.486356334737181,"05.de 60 a 69 anios","resp",NA,NA,NA
"factor(month)7",-66.9370621499762,37.6825216390716,-1.77634243247065,0.0789119621573155,"05.de 60 a 69 anios","resp",NA,NA,NA
"factor(month)8",-116.342976417292,39.5736450871688,-2.93991054301477,0.00413178916459675,"05.de 60 a 69 anios","resp",NA,NA,NA
"factor(month)9",-82.6385012972501,38.0782608964128,-2.17022782427112,0.0325097469565248,"05.de 60 a 69 anios","resp",NA,NA,NA
"factor(month)10",-28.0379635211587,32.5258183294188,-0.862021771049463,0.390869316842232,"05.de 60 a 69 anios","resp",NA,NA,NA
"factor(month)11",-53.9355313273017,29.3965061027397,-1.83475992482913,0.0697041602573596,"05.de 60 a 69 anios","resp",NA,NA,NA
"factor(month)12",-21.8823425386033,31.4291000135356,-0.696244643632151,0.487993652500319,"05.de 60 a 69 anios","resp",NA,NA,NA
"covid:factor(anio_def)2020",-0.429325714805525,1.57098887377168,-0.273283739925405,0.785234643093687,"05.de 60 a 69 anios","resp",NA,NA,NA
"covid:factor(anio_def)2021",-0.427377643072383,1.56989044253156,-0.2722340562716,0.78603913718846,"05.de 60 a 69 anios","resp",NA,NA,NA
"covid:factor(anio_def)2022",-0.358554306683627,1.56463880187154,-0.229161072993169,0.819241589817975,"05.de 60 a 69 anios","resp",NA,NA,NA
"covid:factor(anio_def)2023",-0.101527736006675,1.54661310302355,-0.0656452061657781,0.947799709258711,"05.de 60 a 69 anios","resp",NA,NA,NA
NA,NA,NA,NA,NA,"05.de 60 a 69 anios","resp",2015,0.498681349495526,1.5691278090362
NA,NA,NA,NA,NA,"05.de 60 a 69 anios","resp",2016,NA,1.5691278090362
NA,NA,NA,NA,NA,"05.de 60 a 69 anios","resp",2017,NA,1.5691278090362
NA,NA,NA,NA,NA,"05.de 60 a 69 anios","resp",2018,NA,1.5691278090362
NA,NA,NA,NA,NA,"05.de 60 a 69 anios","resp",2019,NA,1.5691278090362
NA,NA,NA,NA,NA,"05.de 60 a 69 anios","resp",2020,0.0693556346900015,0.0198915861354042
NA,NA,NA,NA,NA,"05.de 60 a 69 anios","resp",2021,0.071303706423143,0.0172507871703287
NA,NA,NA,NA,NA,"05.de 60 a 69 anios","resp",2022,0.140127042811899,0.0335496454480387
NA,NA,NA,NA,NA,"05.de 60 a 69 anios","resp",2023,0.397153613488851,0.355023911870671
NA,NA,NA,NA,NA,"05.de 60 a 69 anios","resp",2024,NA,1.5691278090362
"(Intercept)",-19.2723008504229,21.7536803517128,-0.885932887623105,0.377914521338255,"05.de 60 a 69 anios","circ",NA,NA,NA
"covid",3.46221918215065,2.24546980245171,1.54186851160075,0.126465414423535,"05.de 60 a 69 anios","circ",NA,NA,NA
"factor(anio_def)2016",90.7666666666659,22.657405863733,4.00604849524955,0.00012344941701057,"05.de 60 a 69 anios","circ",NA,NA,NA
"factor(anio_def)2017",12.3666666666648,28.4481834533735,0.43470848277303,0.664770372456802,"05.de 60 a 69 anios","circ",NA,NA,NA
"factor(anio_def)2018",23.7999999999965,23.9000237158564,0.995814911439041,0.321896634368474,"05.de 60 a 69 anios","circ",NA,NA,NA
"factor(anio_def)2019",33.4833333333286,26.6074848803682,1.25841782806137,0.211357352079855,"05.de 60 a 69 anios","circ",NA,NA,NA
"factor(anio_def)2020",-50.1776378858647,36.2761425115671,-1.38321316468158,0.169876085303079,"05.de 60 a 69 anios","circ",NA,NA,NA
"factor(anio_def)2021",76.9473559966629,26.285549988699,2.92736336237002,0.00428744725454676,"05.de 60 a 69 anios","circ",NA,NA,NA
"factor(anio_def)2022",107.223560901664,32.2505260277485,3.32470734925095,0.00126310356775714,"05.de 60 a 69 anios","circ",NA,NA,NA
"factor(anio_def)2023",25.4359658906526,22.9816554884464,1.10679432573689,0.271207219431593,"05.de 60 a 69 anios","circ",NA,NA,NA
"factor(anio_def)2024",41.4718743990384,53.3484509882179,0.777377292701478,0.438888266463856,"05.de 60 a 69 anios","circ",NA,NA,NA
"factor(month)2",-44.0250565293229,23.2705257709833,-1.8918806116628,0.0615850855681514,"05.de 60 a 69 anios","circ",NA,NA,NA
"factor(month)3",92.8044979242196,26.5300924809459,3.49808422231744,0.000717738334232599,"05.de 60 a 69 anios","circ",NA,NA,NA
"factor(month)4",-18.5905636329882,31.0441437590367,-0.598842853495569,0.550718123935557,"05.de 60 a 69 anios","circ",NA,NA,NA
"factor(month)5",6.33934480937235,32.4261972611725,0.195500716852887,0.845422954045636,"05.de 60 a 69 anios","circ",NA,NA,NA
"factor(month)6",-16.4363797769595,37.0138444635652,-0.444060324323748,0.658019557248462,"05.de 60 a 69 anios","circ",NA,NA,NA
"factor(month)7",3.11523295254005,28.6858256472482,0.108598336713341,0.913752561512386,"05.de 60 a 69 anios","circ",NA,NA,NA
"factor(month)8",-73.557913609782,23.8087803235206,-3.08952884651191,0.00263671378983162,"05.de 60 a 69 anios","circ",NA,NA,NA
"factor(month)9",-47.004271614023,21.3927896073004,-2.19720160282334,0.030463553030269,"05.de 60 a 69 anios","circ",NA,NA,NA
"factor(month)10",28.5134244633107,22.6918261350386,1.25655045537665,0.212030146016973,"05.de 60 a 69 anios","circ",NA,NA,NA
"factor(month)11",-63.7378041248775,22.9561576539763,-2.77650141132557,0.0066317534837814,"05.de 60 a 69 anios","circ",NA,NA,NA
"factor(month)12",-21.1529006530805,29.9665864431015,-0.70588289037339,0.482006751387255,"05.de 60 a 69 anios","circ",NA,NA,NA
"covid:factor(anio_def)2020",-3.41024333266672,2.24486552628862,-1.51913034109655,0.132086117553663,"05.de 60 a 69 anios","circ",NA,NA,NA
"covid:factor(anio_def)2021",-3.43123409999708,2.24604599796562,-1.5276775734357,0.129950663924931,"05.de 60 a 69 anios","circ",NA,NA,NA
"covid:factor(anio_def)2022",-3.32384679304182,2.24743284468982,-1.47895266410088,0.142496349788607,"05.de 60 a 69 anios","circ",NA,NA,NA
"covid:factor(anio_def)2023",-3.23456676424569,2.33917221870476,-1.38278265207712,0.170007678072401,"05.de 60 a 69 anios","circ",NA,NA,NA
NA,NA,NA,NA,NA,"05.de 60 a 69 anios","circ",2015,3.46221918215065,2.24546980245171
NA,NA,NA,NA,NA,"05.de 60 a 69 anios","circ",2016,NA,2.24546980245171
NA,NA,NA,NA,NA,"05.de 60 a 69 anios","circ",2017,NA,2.24546980245171
NA,NA,NA,NA,NA,"05.de 60 a 69 anios","circ",2018,NA,2.24546980245171
NA,NA,NA,NA,NA,"05.de 60 a 69 anios","circ",2019,NA,2.24546980245171
NA,NA,NA,NA,NA,"05.de 60 a 69 anios","circ",2020,0.0519758494839331,0.0160711967515242
NA,NA,NA,NA,NA,"05.de 60 a 69 anios","circ",2021,0.0309850821535749,0.0127521006396849
NA,NA,NA,NA,NA,"05.de 60 a 69 anios","circ",2022,0.13837238910883,0.0352243353521078
NA,NA,NA,NA,NA,"05.de 60 a 69 anios","circ",2023,0.227652417904965,0.309521406906249
NA,NA,NA,NA,NA,"05.de 60 a 69 anios","circ",2024,NA,2.24546980245171
"(Intercept)",2.17109758252243,6.08167249156754,0.356990217005723,0.721899299587384,"05.de 60 a 69 anios","diabetes",NA,NA,NA
"covid",1.11479826090495,0.370396881281852,3.00973986888579,0.00335666092063413,"05.de 60 a 69 anios","diabetes",NA,NA,NA
"factor(anio_def)2016",-2.71666666666735,7.5124576911241,-0.361621559596544,0.718446439720446,"05.de 60 a 69 anios","diabetes",NA,NA,NA
"factor(anio_def)2017",-14.2666666666672,6.56795754841882,-2.17216182679223,0.0323591533457402,"05.de 60 a 69 anios","diabetes",NA,NA,NA
"factor(anio_def)2018",-0.816666666667988,7.37643566220747,-0.11071291123057,0.912080049313485,"05.de 60 a 69 anios","diabetes",NA,NA,NA
"factor(anio_def)2019",-0.950000000002145,6.69748469979556,-0.141844295669857,0.887506560611328,"05.de 60 a 69 anios","diabetes",NA,NA,NA
"factor(anio_def)2020",0.556998912694053,6.99629166062551,0.0796134494833587,0.936713943988463,"05.de 60 a 69 anios","diabetes",NA,NA,NA
"factor(anio_def)2021",1.72987794692161,7.21874204914555,0.239637035808249,0.811133416974224,"05.de 60 a 69 anios","diabetes",NA,NA,NA
"factor(anio_def)2022",-7.11695732181129,8.02321554328352,-0.887045509798015,0.377318329167149,"05.de 60 a 69 anios","diabetes",NA,NA,NA
"factor(anio_def)2023",-8.7337161893288,7.29606414994357,-1.19704487376202,0.234299226113576,"05.de 60 a 69 anios","diabetes",NA,NA,NA
"factor(anio_def)2024",-3.46808710171596,9.29145353356663,-0.373255604108337,0.709798638084063,"05.de 60 a 69 anios","diabetes",NA,NA,NA
"factor(month)2",-0.528273690639285,6.58717155626334,-0.0801973481527108,0.936250794312402,"05.de 60 a 69 anios","diabetes",NA,NA,NA
"factor(month)3",20.0754454451759,7.65261057411559,2.62334601385306,0.0101598301273108,"05.de 60 a 69 anios","diabetes",NA,NA,NA
"factor(month)4",10.6616383244691,7.6266735842044,1.39794082003856,0.165420931277954,"05.de 60 a 69 anios","diabetes",NA,NA,NA
"factor(month)5",8.59201086309346,9.39029501504553,0.914988384212315,0.362538946241928,"05.de 60 a 69 anios","diabetes",NA,NA,NA
"factor(month)6",0.432556639591126,7.36768862890443,0.058709951163537,0.953307763230753,"05.de 60 a 69 anios","diabetes",NA,NA,NA
"factor(month)7",-0.369954297364745,6.34338396059483,-0.0583212839807436,0.953616516446257,"05.de 60 a 69 anios","diabetes",NA,NA,NA
"factor(month)8",-9.73691001688733,7.83819447964373,-1.2422388908791,0.217238704889594,"05.de 60 a 69 anios","diabetes",NA,NA,NA
"factor(month)9",-3.3839768268552,6.48689691689016,-0.521663419383807,0.603131703347043,"05.de 60 a 69 anios","diabetes",NA,NA,NA
"factor(month)10",2.02852136376143,6.68604622031778,0.303396251972817,0.762258386297082,"05.de 60 a 69 anios","diabetes",NA,NA,NA
"factor(month)11",-8.90948565158874,6.73662432053477,-1.32254453086104,0.189195651443289,"05.de 60 a 69 anios","diabetes",NA,NA,NA
"factor(month)12",0.085256846128221,6.33402560261713,0.013460136014132,0.989289216523127,"05.de 60 a 69 anios","diabetes",NA,NA,NA
"covid:factor(anio_def)2020",-1.09109372840094,0.370960623959211,-2.94126561670037,0.00411529379252008,"05.de 60 a 69 anios","diabetes",NA,NA,NA
"covid:factor(anio_def)2021",-1.10532781251977,0.370367983190499,-2.98440432944024,0.00362085131112758,"05.de 60 a 69 anios","diabetes",NA,NA,NA
"covid:factor(anio_def)2022",-1.06150774419989,0.369276750641243,-2.87455882981152,0.00500354124335018,"05.de 60 a 69 anios","diabetes",NA,NA,NA
"covid:factor(anio_def)2023",-1.05128796617517,0.374807244675589,-2.80487632272184,0.00611675779663885,"05.de 60 a 69 anios","diabetes",NA,NA,NA
NA,NA,NA,NA,NA,"05.de 60 a 69 anios","diabetes",2015,1.11479826090495,0.370396881281852
NA,NA,NA,NA,NA,"05.de 60 a 69 anios","diabetes",2016,NA,0.370396881281852
NA,NA,NA,NA,NA,"05.de 60 a 69 anios","diabetes",2017,NA,0.370396881281852
NA,NA,NA,NA,NA,"05.de 60 a 69 anios","diabetes",2018,NA,0.370396881281852
NA,NA,NA,NA,NA,"05.de 60 a 69 anios","diabetes",2019,NA,0.370396881281852
NA,NA,NA,NA,NA,"05.de 60 a 69 anios","diabetes",2020,0.023704532504004,0.00449534374952091
NA,NA,NA,NA,NA,"05.de 60 a 69 anios","diabetes",2021,0.00947044838517441,0.0032992568213932
NA,NA,NA,NA,NA,"05.de 60 a 69 anios","diabetes",2022,0.0532905167050555,0.00810917701543788
NA,NA,NA,NA,NA,"05.de 60 a 69 anios","diabetes",2023,0.0635102947297772,0.0932832596338247
NA,NA,NA,NA,NA,"05.de 60 a 69 anios","diabetes",2024,NA,0.370396881281852
"(Intercept)",-0.177375340724783,0.95525312453205,-0.18568412514921,0.853092571921698,"05.de 60 a 69 anios","alzheimer",NA,NA,NA
"covid",0.110660503847072,0.0680934136557001,1.62512786341721,0.107483706480069,"05.de 60 a 69 anios","alzheimer",NA,NA,NA
"factor(anio_def)2016",1.44999999999996,0.712426809938616,2.03529679087301,0.0446363510631079,"05.de 60 a 69 anios","alzheimer",NA,NA,NA
"factor(anio_def)2017",0.0666666666665818,0.959582851680994,0.0694746332219208,0.944759405859014,"05.de 60 a 69 anios","alzheimer",NA,NA,NA
"factor(anio_def)2018",-0.983333333333466,0.695045576679447,-1.41477532744155,0.160438494910959,"05.de 60 a 69 anios","alzheimer",NA,NA,NA
"factor(anio_def)2019",1.21666666666648,0.945821365519944,1.28635988889683,0.201476784372276,"05.de 60 a 69 anios","alzheimer",NA,NA,NA
"factor(anio_def)2020",-1.03963082215594,1.21074969046301,-0.858667014615026,0.392708570198849,"05.de 60 a 69 anios","alzheimer",NA,NA,NA
"factor(anio_def)2021",-2.24004718004785,0.774678176136348,-2.89158420754787,0.00476146307013293,"05.de 60 a 69 anios","alzheimer",NA,NA,NA
"factor(anio_def)2022",-1.37025760049626,1.00101728420877,-1.36886507567084,0.174303737144175,"05.de 60 a 69 anios","alzheimer",NA,NA,NA
"factor(anio_def)2023",-1.65286062202024,0.851748874667988,-1.94054922897847,0.0553093591232871,"05.de 60 a 69 anios","alzheimer",NA,NA,NA
"factor(anio_def)2024",-0.43739873686616,1.26206006700324,-0.346575213258083,0.729685086763686,"05.de 60 a 69 anios","alzheimer",NA,NA,NA
"factor(month)2",-0.477486665381013,1.07369037640847,-0.444715418776709,0.657547716045514,"05.de 60 a 69 anios","alzheimer",NA,NA,NA
"factor(month)3",0.0357909571125494,0.980696925444645,0.0364954311407899,0.970964713243137,"05.de 60 a 69 anios","alzheimer",NA,NA,NA
"factor(month)4",0.385777885910801,1.02020215264352,0.378138670763616,0.706180171865166,"05.de 60 a 69 anios","alzheimer",NA,NA,NA
"factor(month)5",0.251261883772913,1.40878840232235,0.178353174514153,0.858829440193243,"05.de 60 a 69 anios","alzheimer",NA,NA,NA
"factor(month)6",0.149455934570519,1.16311212740045,0.128496583476051,0.898030524684306,"05.de 60 a 69 anios","alzheimer",NA,NA,NA
"factor(month)7",-0.111118731967005,1.01537739230375,-0.109435893303565,0.91309005345294,"05.de 60 a 69 anios","alzheimer",NA,NA,NA
"factor(month)8",-0.112785880494835,1.11393202628539,-0.101250235951057,0.919567475354174,"05.de 60 a 69 anios","alzheimer",NA,NA,NA
"factor(month)9",-0.800981174864365,0.982425812283861,-0.815309578442683,0.416956148046707,"05.de 60 a 69 anios","alzheimer",NA,NA,NA
"factor(month)10",-0.687791000898021,0.984021255550071,-0.698959496066518,0.486303180028844,"05.de 60 a 69 anios","alzheimer",NA,NA,NA
"factor(month)11",-0.770648367968318,0.940944925079623,-0.819015382758035,0.414849257924884,"05.de 60 a 69 anios","alzheimer",NA,NA,NA
"factor(month)12",0.067029249286693,1.19576248949186,0.0560556547606516,0.955416448292877,"05.de 60 a 69 anios","alzheimer",NA,NA,NA
"covid:factor(anio_def)2020",-0.109820247585135,0.0681604607275023,-1.61120166168159,0.110488687401954,"05.de 60 a 69 anios","alzheimer",NA,NA,NA
"covid:factor(anio_def)2021",-0.110027191167965,0.0680513999526194,-1.61682480073255,0.109267314369872,"05.de 60 a 69 anios","alzheimer",NA,NA,NA
"covid:factor(anio_def)2022",-0.106102163175436,0.0680611965965882,-1.55892297639613,0.122375192222226,"05.de 60 a 69 anios","alzheimer",NA,NA,NA
"covid:factor(anio_def)2023",-0.051000474227076,0.0691345382683078,-0.737698920171357,0.462535009774539,"05.de 60 a 69 anios","alzheimer",NA,NA,NA
NA,NA,NA,NA,NA,"05.de 60 a 69 anios","alzheimer",2015,0.110660503847072,0.0680934136557001
NA,NA,NA,NA,NA,"05.de 60 a 69 anios","alzheimer",2016,NA,0.0680934136557001
NA,NA,NA,NA,NA,"05.de 60 a 69 anios","alzheimer",2017,NA,0.0680934136557001
NA,NA,NA,NA,NA,"05.de 60 a 69 anios","alzheimer",2018,NA,0.0680934136557001
NA,NA,NA,NA,NA,"05.de 60 a 69 anios","alzheimer",2019,NA,0.0680934136557001
NA,NA,NA,NA,NA,"05.de 60 a 69 anios","alzheimer",2020,0.000840256261937525,0.000688675719546849
NA,NA,NA,NA,NA,"05.de 60 a 69 anios","alzheimer",2021,0.00063331267910742,0.000225591891600843
NA,NA,NA,NA,NA,"05.de 60 a 69 anios","alzheimer",2022,0.00455834067163634,0.00135719505563019
NA,NA,NA,NA,NA,"05.de 60 a 69 anios","alzheimer",2023,0.0596600296199961,0.0127954626231901
NA,NA,NA,NA,NA,"05.de 60 a 69 anios","alzheimer",2024,NA,0.0680934136557001
"(Intercept)",-1.09232324201219,1.8570553822545,-0.588201758789814,0.557807476637311,"05.de 60 a 69 anios","metabolic",NA,NA,NA
"covid",0.217181778459862,0.190343847292902,1.14099710365558,0.256769693283285,"05.de 60 a 69 anios","metabolic",NA,NA,NA
"factor(anio_def)2016",2.90833333333348,1.79576913905131,1.61954745189013,0.108679850895072,"05.de 60 a 69 anios","metabolic",NA,NA,NA
"factor(anio_def)2017",2.90000000000004,1.83622180050278,1.57932990404862,0.117619754776423,"05.de 60 a 69 anios","metabolic",NA,NA,NA
"factor(anio_def)2018",0.641666666666831,1.820392404294,0.352488103747986,0.725261341528125,"05.de 60 a 69 anios","metabolic",NA,NA,NA
"factor(anio_def)2019",1.13333333333361,2.30213183679754,0.492297319909435,0.623657017102885,"05.de 60 a 69 anios","metabolic",NA,NA,NA
"factor(anio_def)2020",-0.713026620366446,2.03954348355828,-0.349601087750513,0.727420117533009,"05.de 60 a 69 anios","metabolic",NA,NA,NA
"factor(anio_def)2021",-2.63031861919518,1.90452997821458,-1.38108543802549,0.17052721388713,"05.de 60 a 69 anios","metabolic",NA,NA,NA
"factor(anio_def)2022",-1.12450953583704,2.07237790411265,-0.542617991441352,0.588677071431737,"05.de 60 a 69 anios","metabolic",NA,NA,NA
"factor(anio_def)2023",-3.10993038345552,1.99389714774233,-1.55972457605292,0.122185557079394,"05.de 60 a 69 anios","metabolic",NA,NA,NA
"factor(anio_def)2024",-3.01909819024355,2.67190658315536,-1.1299415216374,0.26137592673696,"05.de 60 a 69 anios","metabolic",NA,NA,NA
"factor(month)2",1.53749595159615,1.96550409173145,0.782240015711054,0.436039598100209,"05.de 60 a 69 anios","metabolic",NA,NA,NA
"factor(month)3",0.565037374383593,2.17367139968171,0.259946086821738,0.795473878985202,"05.de 60 a 69 anios","metabolic",NA,NA,NA
"factor(month)4",1.52959143090489,2.48661932821698,0.615128907568526,0.539955928112478,"05.de 60 a 69 anios","metabolic",NA,NA,NA
"factor(month)5",-0.0243750957629641,1.95409039423157,-0.0124738834165087,0.990073975490039,"05.de 60 a 69 anios","metabolic",NA,NA,NA
"factor(month)6",0.0465757736263092,1.88550711756337,0.0247019876999981,0.980345033359398,"05.de 60 a 69 anios","metabolic",NA,NA,NA
"factor(month)7",0.318468059750234,2.55124310101553,0.124828582436329,0.900925825612892,"05.de 60 a 69 anios","metabolic",NA,NA,NA
"factor(month)8",-1.19798314725415,1.7059967590811,-0.70221888809415,0.484277892879812,"05.de 60 a 69 anios","metabolic",NA,NA,NA
"factor(month)9",-1.46233684832246,1.89382684532958,-0.772159742021171,0.441956847075245,"05.de 60 a 69 anios","metabolic",NA,NA,NA
"factor(month)10",-1.48549361952279,2.11355894841281,-0.702839928187634,0.483892525091427,"05.de 60 a 69 anios","metabolic",NA,NA,NA
"factor(month)11",-3.43516658925393,1.96902423887739,-1.74460350534458,0.0843223752933232,"05.de 60 a 69 anios","metabolic",NA,NA,NA
"factor(month)12",-1.48393438379987,2.00493284930742,-0.740141688192936,0.461058659250319,"05.de 60 a 69 anios","metabolic",NA,NA,NA
"covid:factor(anio_def)2020",-0.217620164604723,0.190330122014684,-1.14338267795538,0.255783315980348,"05.de 60 a 69 anios","metabolic",NA,NA,NA
"covid:factor(anio_def)2021",-0.216616370619609,0.19035658409547,-1.13795050299374,0.258033286024516,"05.de 60 a 69 anios","metabolic",NA,NA,NA
"covid:factor(anio_def)2022",-0.213056744240351,0.190480013491766,-1.11852545752555,0.266192941750434,"05.de 60 a 69 anios","metabolic",NA,NA,NA
"covid:factor(anio_def)2023",-0.219089855438156,0.196355644510458,-1.11578078636027,0.267360256880817,"05.de 60 a 69 anios","metabolic",NA,NA,NA
NA,NA,NA,NA,NA,"05.de 60 a 69 anios","metabolic",2015,0.217181778459862,0.190343847292902
NA,NA,NA,NA,NA,"05.de 60 a 69 anios","metabolic",2016,NA,0.190343847292902
NA,NA,NA,NA,NA,"05.de 60 a 69 anios","metabolic",2017,NA,0.190343847292902
NA,NA,NA,NA,NA,"05.de 60 a 69 anios","metabolic",2018,NA,0.190343847292902
NA,NA,NA,NA,NA,"05.de 60 a 69 anios","metabolic",2019,NA,0.190343847292902
NA,NA,NA,NA,NA,"05.de 60 a 69 anios","metabolic",2020,-0.000438386144861275,0.00117909681242799
NA,NA,NA,NA,NA,"05.de 60 a 69 anios","metabolic",2021,0.000565407840252996,0.000485444196636769
NA,NA,NA,NA,NA,"05.de 60 a 69 anios","metabolic",2022,0.00412503421951166,0.00199229754151283
NA,NA,NA,NA,NA,"05.de 60 a 69 anios","metabolic",2023,-0.00190807697829382,0.0250167411031182
NA,NA,NA,NA,NA,"05.de 60 a 69 anios","metabolic",2024,NA,0.190343847292902
"(Intercept)",0.891604223376061,1.47853523729349,0.603032109676448,0.547939550398161,"05.de 60 a 69 anios","anemia",NA,NA,NA
"covid",-0.0312242078311534,0.042747113337949,-0.730440148889164,0.466937810645906,"05.de 60 a 69 anios","anemia",NA,NA,NA
"factor(anio_def)2016",1.58333333333329,1.36380917407698,1.16096398486606,0.248596346574099,"05.de 60 a 69 anios","anemia",NA,NA,NA
"factor(anio_def)2017",1.16666666666653,1.60833275893614,0.725388860100225,0.470015551027439,"05.de 60 a 69 anios","anemia",NA,NA,NA
"factor(anio_def)2018",-0.583333333333506,1.40562892676321,-0.414998099588607,0.67908896090418,"05.de 60 a 69 anios","anemia",NA,NA,NA
"factor(anio_def)2019",1.08333333333312,1.47955675264285,0.732201270007404,0.465867439149123,"05.de 60 a 69 anios","anemia",NA,NA,NA
"factor(anio_def)2020",-0.139427650624777,1.67785842369415,-0.0830985789121576,0.933949859955015,"05.de 60 a 69 anios","anemia",NA,NA,NA
"factor(anio_def)2021",2.03582790820659,1.57698747642472,1.29096009869535,0.199883460358904,"05.de 60 a 69 anios","anemia",NA,NA,NA
"factor(anio_def)2022",-0.655766213712908,1.37692559868222,-0.476253919849051,0.63499861464358,"05.de 60 a 69 anios","anemia",NA,NA,NA
"factor(anio_def)2023",1.80008766518219,1.44210580072908,1.24823550690395,0.215045021541749,"05.de 60 a 69 anios","anemia",NA,NA,NA
"factor(anio_def)2024",2.98157954141393,1.45214469456728,2.05322482846822,0.042829075922225,"05.de 60 a 69 anios","anemia",NA,NA,NA
"factor(month)2",-1.58241340180598,1.2741498380793,-1.24193666593512,0.217349696192965,"05.de 60 a 69 anios","anemia",NA,NA,NA
"factor(month)3",-0.790393599106641,1.18180326157373,-0.668803027378794,0.505260312401981,"05.de 60 a 69 anios","anemia",NA,NA,NA
"factor(month)4",-2.82349530363823,1.41048816662908,-2.00178588551089,0.0481901028167336,"05.de 60 a 69 anios","anemia",NA,NA,NA
"factor(month)5",-1.05519221417134,1.51281136328939,-0.697504156682807,0.487208984141292,"05.de 60 a 69 anios","anemia",NA,NA,NA
"factor(month)6",-1.02942584970141,1.26199661181154,-0.815712055061477,0.416727014980615,"05.de 60 a 69 anios","anemia",NA,NA,NA
"factor(month)7",-1.28140476646079,1.3203040279302,-0.970537648415424,0.334269292150584,"05.de 60 a 69 anios","anemia",NA,NA,NA
"factor(month)8",-2.34009674948057,1.87348164383704,-1.24906307845529,0.214743557283918,"05.de 60 a 69 anios","anemia",NA,NA,NA
"factor(month)9",-1.60892759249218,1.25127600946829,-1.28582948951117,0.20166109637857,"05.de 60 a 69 anios","anemia",NA,NA,NA
"factor(month)10",-1.99907302466809,1.1504402550483,-1.73765914039939,0.0855459453156306,"05.de 60 a 69 anios","anemia",NA,NA,NA
"factor(month)11",-2.00248579819134,1.49720186690053,-1.33748550710589,0.184291454264906,"05.de 60 a 69 anios","anemia",NA,NA,NA
"factor(month)12",-1.98634238129187,1.25719605576566,-1.57997821595308,0.117471127684197,"05.de 60 a 69 anios","anemia",NA,NA,NA
"covid:factor(anio_def)2020",0.0314612506446228,0.0427524222610447,0.735893991047375,0.463627584859915,"05.de 60 a 69 anios","anemia",NA,NA,NA
"covid:factor(anio_def)2021",0.0313567469009032,0.0427574791249713,0.733362853531515,0.46516221222247,"05.de 60 a 69 anios","anemia",NA,NA,NA
"covid:factor(anio_def)2022",0.0347736081195957,0.0423208471863305,0.821666162931338,0.413346119119304,"05.de 60 a 69 anios","anemia",NA,NA,NA
"covid:factor(anio_def)2023",0.0288390809176958,0.0410157177484539,0.703122668596551,0.483717135022122,"05.de 60 a 69 anios","anemia",NA,NA,NA
NA,NA,NA,NA,NA,"05.de 60 a 69 anios","anemia",2015,-0.0312242078311534,0.042747113337949
NA,NA,NA,NA,NA,"05.de 60 a 69 anios","anemia",2016,NA,0.042747113337949
NA,NA,NA,NA,NA,"05.de 60 a 69 anios","anemia",2017,NA,0.042747113337949
NA,NA,NA,NA,NA,"05.de 60 a 69 anios","anemia",2018,NA,0.042747113337949
NA,NA,NA,NA,NA,"05.de 60 a 69 anios","anemia",2019,NA,0.042747113337949
NA,NA,NA,NA,NA,"05.de 60 a 69 anios","anemia",2020,0.000237042813469399,0.000682057954155655
NA,NA,NA,NA,NA,"05.de 60 a 69 anios","anemia",2021,0.000132539069749766,0.000331422388296587
NA,NA,NA,NA,NA,"05.de 60 a 69 anios","anemia",2022,0.0035494002884423,0.000820180912913922
NA,NA,NA,NA,NA,"05.de 60 a 69 anios","anemia",2023,-0.00238512691345757,0.0168040480294999
NA,NA,NA,NA,NA,"05.de 60 a 69 anios","anemia",2024,NA,0.042747113337949
"(Intercept)",8.30251273487444e-14,1.46357856765993e-13,0.567274823390524,0.571879753847013,"06.de 70 a 79 anios","covid",NA,NA,NA
"covid",0.999999999999998,2.09654111411704e-15,476976098043825,0,"06.de 70 a 79 anios","covid",NA,NA,NA
"factor(anio_def)2016",-9.02571635928726e-14,1.19512293105786e-13,-0.755212382319378,0.452009699519902,"06.de 70 a 79 anios","covid",NA,NA,NA
"factor(anio_def)2017",-9.02571635928726e-14,1.19512293105786e-13,-0.755212382319378,0.452009699519902,"06.de 70 a 79 anios","covid",NA,NA,NA
"factor(anio_def)2018",-9.02571635928726e-14,1.19512293105786e-13,-0.755212382319378,0.452009699519902,"06.de 70 a 79 anios","covid",NA,NA,NA
"factor(anio_def)2019",-9.02571635928726e-14,1.19512293105786e-13,-0.755212382319378,0.452009699519902,"06.de 70 a 79 anios","covid",NA,NA,NA
"factor(anio_def)2020",-1.09013439933447e-13,1.34947357689961e-13,-0.807821967021416,0.421232652236424,"06.de 70 a 79 anios","covid",NA,NA,NA
"factor(anio_def)2021",-1.44697604905472e-13,1.26576222689887e-13,-1.14316576866085,0.255872892017095,"06.de 70 a 79 anios","covid",NA,NA,NA
"factor(anio_def)2022",-1.17627255598628e-13,1.05671911328259e-13,-1.11313644392435,0.268488279617818,"06.de 70 a 79 anios","covid",NA,NA,NA
"factor(anio_def)2023",-1.27973089693002e-13,1.14810209978656e-13,-1.11464903440898,0.267842633382859,"06.de 70 a 79 anios","covid",NA,NA,NA
"factor(anio_def)2024",-9.01904079971711e-14,9.35472098325913e-14,-0.964116494319527,0.337461289240461,"06.de 70 a 79 anios","covid",NA,NA,NA
"factor(month)2",1.66599954539165e-13,1.4744286984842e-13,1.1299288647219,0.261381233208247,"06.de 70 a 79 anios","covid",NA,NA,NA
"factor(month)3",1.42298857004905e-14,6.12624287513629e-14,0.232277531115251,0.816827421982959,"06.de 70 a 79 anios","covid",NA,NA,NA
"factor(month)4",-1.09415356182159e-14,6.88611073295466e-14,-0.15889282125327,0.87409420089627,"06.de 70 a 79 anios","covid",NA,NA,NA
"factor(month)5",2.53954946249452e-14,6.49970708248713e-14,0.39071752469232,0.696890151925181,"06.de 70 a 79 anios","covid",NA,NA,NA
"factor(month)6",1.99060901294317e-14,6.37115005011094e-14,0.312441081639335,0.755397393391591,"06.de 70 a 79 anios","covid",NA,NA,NA
"factor(month)7",-1.74705006845503e-16,6.40109303951177e-14,-0.00272929960191343,0.997828120572063,"06.de 70 a 79 anios","covid",NA,NA,NA
"factor(month)8",1.98882291891828e-14,6.43865554339926e-14,0.30888792008095,0.758090355844221,"06.de 70 a 79 anios","covid",NA,NA,NA
"factor(month)9",-4.33633148880723e-15,6.67743115619485e-14,-0.0649401152535176,0.948359588800761,"06.de 70 a 79 anios","covid",NA,NA,NA
"factor(month)10",2.38993764902253e-14,6.67068701257769e-14,0.35827458918643,0.720941165720998,"06.de 70 a 79 anios","covid",NA,NA,NA
"factor(month)11",1.59878059738018e-14,6.6377129394622e-14,0.240863172595969,0.810185739128526,"06.de 70 a 79 anios","covid",NA,NA,NA
"factor(month)12",1.73525225571747e-14,6.46167575903308e-14,0.268545238174738,0.78886814172085,"06.de 70 a 79 anios","covid",NA,NA,NA
"covid:factor(anio_def)2020",1.53761570460069e-15,2.10626439264578e-15,0.730020271894365,0.467193207306502,"06.de 70 a 79 anios","covid",NA,NA,NA
"covid:factor(anio_def)2021",1.56937814488705e-15,2.09769031523556e-15,0.748145774182505,0.456239976114441,"06.de 70 a 79 anios","covid",NA,NA,NA
"covid:factor(anio_def)2022",1.58304654690862e-15,2.07422087755229e-15,0.763200565591027,0.447254980584925,"06.de 70 a 79 anios","covid",NA,NA,NA
"covid:factor(anio_def)2023",1.64934296407082e-15,2.00824039104622e-15,0.821287616474828,0.413560575097927,"06.de 70 a 79 anios","covid",NA,NA,NA
NA,NA,NA,NA,NA,"06.de 70 a 79 anios","covid",2015,0.999999999999998,2.09654111411704e-15
NA,NA,NA,NA,NA,"06.de 70 a 79 anios","covid",2016,NA,2.09654111411704e-15
NA,NA,NA,NA,NA,"06.de 70 a 79 anios","covid",2017,NA,2.09654111411704e-15
NA,NA,NA,NA,NA,"06.de 70 a 79 anios","covid",2018,NA,2.09654111411704e-15
NA,NA,NA,NA,NA,"06.de 70 a 79 anios","covid",2019,NA,2.09654111411704e-15
NA,NA,NA,NA,NA,"06.de 70 a 79 anios","covid",2020,1,2.73544010548858e-17
NA,NA,NA,NA,NA,"06.de 70 a 79 anios","covid",2021,1,2.52150753650364e-17
NA,NA,NA,NA,NA,"06.de 70 a 79 anios","covid",2022,1,4.19270046811779e-17
NA,NA,NA,NA,NA,"06.de 70 a 79 anios","covid",2023,1,2.52089696112262e-16
NA,NA,NA,NA,NA,"06.de 70 a 79 anios","covid",2024,NA,2.09654111411704e-15
"(Intercept)",-18.3962643957294,48.157834563306,-0.381999410117715,0.703324038544382,"06.de 70 a 79 anios","resp",NA,NA,NA
"covid",-2.35956727675294,2.28778022780783,-1.03137847249161,0.305009772982615,"06.de 70 a 79 anios","resp",NA,NA,NA
"factor(anio_def)2016",130.858333333337,55.1248798831338,2.3738524893072,0.0196375099305144,"06.de 70 a 79 anios","resp",NA,NA,NA
"factor(anio_def)2017",101.466666666675,65.7013227505638,1.54436261583187,0.125860580697778,"06.de 70 a 79 anios","resp",NA,NA,NA
"factor(anio_def)2018",55.1583333333453,62.4619952750211,0.8830703068399,0.379451126855724,"06.de 70 a 79 anios","resp",NA,NA,NA
"factor(anio_def)2019",37.8500000000158,55.7771234675053,0.678593617723341,0.499062652795835,"06.de 70 a 79 anios","resp",NA,NA,NA
"factor(anio_def)2020",-135.47042278893,95.1310589158266,-1.42403989120731,0.15774610064901,"06.de 70 a 79 anios","resp",NA,NA,NA
"factor(anio_def)2021",56.5241863055881,72.4958470927416,0.77968861075971,0.437532903309587,"06.de 70 a 79 anios","resp",NA,NA,NA
"factor(anio_def)2022",225.993921016978,60.4201665557613,3.74037236074829,0.000315868301563596,"06.de 70 a 79 anios","resp",NA,NA,NA
"factor(anio_def)2023",102.907128819004,47.495859955964,2.16665471294581,0.0327895767401293,"06.de 70 a 79 anios","resp",NA,NA,NA
"factor(anio_def)2024",304.247751885662,96.9306359403814,3.13881931067484,0.00226659852548812,"06.de 70 a 79 anios","resp",NA,NA,NA
"factor(month)2",-11.5603503105785,39.3791360920017,-0.293565361199646,0.769737221182691,"06.de 70 a 79 anios","resp",NA,NA,NA
"factor(month)3",102.687841261491,52.9029896619711,1.94105932231099,0.0552465629985582,"06.de 70 a 79 anios","resp",NA,NA,NA
"factor(month)4",17.189082649464,45.1480154743918,0.380727313678134,0.70426465438086,"06.de 70 a 79 anios","resp",NA,NA,NA
"factor(month)5",-85.9836313674804,51.4004341644076,-1.67281916515445,0.0976880748475082,"06.de 70 a 79 anios","resp",NA,NA,NA
"factor(month)6",-14.0696705071352,97.7329266314865,-0.143960392797675,0.885839929465512,"06.de 70 a 79 anios","resp",NA,NA,NA
"factor(month)7",-81.5395804633775,67.5928317129684,-1.2063347310205,0.230715826708065,"06.de 70 a 79 anios","resp",NA,NA,NA
"factor(month)8",-186.846618426444,59.7735816019777,-3.12590635225148,0.00235858153554515,"06.de 70 a 79 anios","resp",NA,NA,NA
"factor(month)9",-152.755891285054,62.8161441980892,-2.43179350205484,0.0169187145717208,"06.de 70 a 79 anios","resp",NA,NA,NA
"factor(month)10",-50.3692900459966,41.1977434852757,-1.2226225464023,0.224528926350827,"06.de 70 a 79 anios","resp",NA,NA,NA
"factor(month)11",-69.7171821909006,47.0083873616774,-1.48307963969289,0.141398386334349,"06.de 70 a 79 anios","resp",NA,NA,NA
"factor(month)12",-27.0795364662421,54.4170017697887,-0.497630071219324,0.619906930589843,"06.de 70 a 79 anios","resp",NA,NA,NA
"covid:factor(anio_def)2020",2.42760828775484,2.29043478356498,1.059889722761,0.291910599051004,"06.de 70 a 79 anios","resp",NA,NA,NA
"covid:factor(anio_def)2021",2.38767039400595,2.28751013461905,1.04378571175318,0.299261457811618,"06.de 70 a 79 anios","resp",NA,NA,NA
"covid:factor(anio_def)2022",2.51364882648213,2.28346853306505,1.1008029189297,0.273793356109389,"06.de 70 a 79 anios","resp",NA,NA,NA
"covid:factor(anio_def)2023",2.74442002661095,2.2532708094182,1.21797167705712,0.226283136085906,"06.de 70 a 79 anios","resp",NA,NA,NA
NA,NA,NA,NA,NA,"06.de 70 a 79 anios","resp",2015,-2.35956727675294,2.28778022780783
NA,NA,NA,NA,NA,"06.de 70 a 79 anios","resp",2016,NA,2.28778022780783
NA,NA,NA,NA,NA,"06.de 70 a 79 anios","resp",2017,NA,2.28778022780783
NA,NA,NA,NA,NA,"06.de 70 a 79 anios","resp",2018,NA,2.28778022780783
NA,NA,NA,NA,NA,"06.de 70 a 79 anios","resp",2019,NA,2.28778022780783
NA,NA,NA,NA,NA,"06.de 70 a 79 anios","resp",2020,0.0680410110019003,0.0309192393660892
NA,NA,NA,NA,NA,"06.de 70 a 79 anios","resp",2021,0.0281031172530049,0.0359744067477804
NA,NA,NA,NA,NA,"06.de 70 a 79 anios","resp",2022,0.154081549729189,0.0201525540299
NA,NA,NA,NA,NA,"06.de 70 a 79 anios","resp",2023,0.384852749858008,0.163654068037195
NA,NA,NA,NA,NA,"06.de 70 a 79 anios","resp",2024,NA,2.28778022780783
"(Intercept)",-9.43550564560169,37.3149102896409,-0.252861539056711,0.800927357437796,"06.de 70 a 79 anios","circ",NA,NA,NA
"covid",3.13306068453252,2.38917510527487,1.31135665929855,0.192931464959282,"06.de 70 a 79 anios","circ",NA,NA,NA
"factor(anio_def)2016",117.516666666666,43.6187074439746,2.694180399949,0.00835790104175055,"06.de 70 a 79 anios","circ",NA,NA,NA
"factor(anio_def)2017",27.3666666666658,52.9834319651558,0.516513665718433,0.60670873125487,"06.de 70 a 79 anios","circ",NA,NA,NA
"factor(anio_def)2018",19.8833333333323,47.8765686514625,0.415304059864467,0.678865777879437,"06.de 70 a 79 anios","circ",NA,NA,NA
"factor(anio_def)2019",48.8166666666653,40.1689684416702,1.21528305456867,0.227301748907308,"06.de 70 a 79 anios","circ",NA,NA,NA
"factor(anio_def)2020",-105.477220405729,57.0546338276905,-1.84870558847645,0.0676437497111136,"06.de 70 a 79 anios","circ",NA,NA,NA
"factor(anio_def)2021",151.347159717757,45.2686534012074,3.34331040016579,0.0011898546970305,"06.de 70 a 79 anios","circ",NA,NA,NA
"factor(anio_def)2022",165.679935402884,46.1543495457505,3.58969278157964,0.000528440551599558,"06.de 70 a 79 anios","circ",NA,NA,NA
"factor(anio_def)2023",93.9524869836641,40.4712813614844,2.32146064624177,0.0224226714819362,"06.de 70 a 79 anios","circ",NA,NA,NA
"factor(anio_def)2024",148.837900200748,98.0684747897694,1.51769363722454,0.132447762625281,"06.de 70 a 79 anios","circ",NA,NA,NA
"factor(month)2",-100.477040391225,40.5890833926275,-2.47546955961748,0.0150966184376254,"06.de 70 a 79 anios","circ",NA,NA,NA
"factor(month)3",127.370768200799,49.8178832723579,2.55672782210464,0.0121678416482142,"06.de 70 a 79 anios","circ",NA,NA,NA
"factor(month)4",17.2935075761448,49.8906554408116,0.346628189654897,0.729645411457709,"06.de 70 a 79 anios","circ",NA,NA,NA
"factor(month)5",-13.7884015817458,61.2462887016741,-0.225130401760473,0.822366534289504,"06.de 70 a 79 anios","circ",NA,NA,NA
"factor(month)6",-65.3860269807854,66.797246335164,-0.978873090856207,0.330155288285204,"06.de 70 a 79 anios","circ",NA,NA,NA
"factor(month)7",-0.880108167655226,37.7109381054337,-0.0233382729751932,0.981429913905185,"06.de 70 a 79 anios","circ",NA,NA,NA
"factor(month)8",-122.421618863267,43.8716708392718,-2.79044806184316,0.00637386969112356,"06.de 70 a 79 anios","circ",NA,NA,NA
"factor(month)9",-100.53891290873,38.6390173536839,-2.6020049109542,0.0107678358539424,"06.de 70 a 79 anios","circ",NA,NA,NA
"factor(month)10",-17.5321508106505,47.723802091553,-0.367367016924111,0.714171072016247,"06.de 70 a 79 anios","circ",NA,NA,NA
"factor(month)11",-95.2871425168705,35.3904399767613,-2.69245430628835,0.00839811272574063,"06.de 70 a 79 anios","circ",NA,NA,NA
"factor(month)12",-27.726805775143,43.4725672910594,-0.637800054215921,0.525154469423206,"06.de 70 a 79 anios","circ",NA,NA,NA
"covid:factor(anio_def)2020",-3.04136715019118,2.39073700454962,-1.27214626468884,0.206459238400404,"06.de 70 a 79 anios","circ",NA,NA,NA
"covid:factor(anio_def)2021",-3.0865075385478,2.38879481500536,-1.29207729318555,0.199497924785856,"06.de 70 a 79 anios","circ",NA,NA,NA
"covid:factor(anio_def)2022",-2.86465992536474,2.38984402570217,-1.1986807065884,0.233665342832869,"06.de 70 a 79 anios","circ",NA,NA,NA
"covid:factor(anio_def)2023",-2.58613169697127,2.40657245152918,-1.07461202563338,0.285299152125314,"06.de 70 a 79 anios","circ",NA,NA,NA
NA,NA,NA,NA,NA,"06.de 70 a 79 anios","circ",2015,3.13306068453252,2.38917510527487
NA,NA,NA,NA,NA,"06.de 70 a 79 anios","circ",2016,NA,2.38917510527487
NA,NA,NA,NA,NA,"06.de 70 a 79 anios","circ",2017,NA,2.38917510527487
NA,NA,NA,NA,NA,"06.de 70 a 79 anios","circ",2018,NA,2.38917510527487
NA,NA,NA,NA,NA,"06.de 70 a 79 anios","circ",2019,NA,2.38917510527487
NA,NA,NA,NA,NA,"06.de 70 a 79 anios","circ",2020,0.0916935343413416,0.0282198540631208
NA,NA,NA,NA,NA,"06.de 70 a 79 anios","circ",2021,0.0465531459847246,0.0192692289020465
NA,NA,NA,NA,NA,"06.de 70 a 79 anios","circ",2022,0.268400759167784,0.0467851976555383
NA,NA,NA,NA,NA,"06.de 70 a 79 anios","circ",2023,0.546928987561247,0.14304483015401
NA,NA,NA,NA,NA,"06.de 70 a 79 anios","circ",2024,NA,2.38917510527487
"(Intercept)",2.59677729731481,11.9962608463875,0.216465557940647,0.829093950946307,"06.de 70 a 79 anios","diabetes",NA,NA,NA
"covid",0.430488021921088,0.269815342551914,1.59549126394938,0.113959190626861,"06.de 70 a 79 anios","diabetes",NA,NA,NA
"factor(anio_def)2016",13.7916666666661,9.27949353967587,1.48625208991177,0.140558869200249,"06.de 70 a 79 anios","diabetes",NA,NA,NA
"factor(anio_def)2017",-6.66666666666779,8.11171601502696,-0.821856516465541,0.413238304396444,"06.de 70 a 79 anios","diabetes",NA,NA,NA
"factor(anio_def)2018",3.95833333333168,7.75264954555263,0.510578133330225,0.610843468828478,"06.de 70 a 79 anios","diabetes",NA,NA,NA
"factor(anio_def)2019",4.91666666666425,10.5125532104906,0.467694818586779,0.641085340523466,"06.de 70 a 79 anios","diabetes",NA,NA,NA
"factor(anio_def)2020",-6.45925624586587,12.2409767071144,-0.5276749070286,0.598968351605374,"06.de 70 a 79 anios","diabetes",NA,NA,NA
"factor(anio_def)2021",4.30854544644057,11.2242440137756,0.383860636061784,0.701948638765375,"06.de 70 a 79 anios","diabetes",NA,NA,NA
"factor(anio_def)2022",-8.92718611322651,8.9923271860258,-0.99275592719752,0.323377579433581,"06.de 70 a 79 anios","diabetes",NA,NA,NA
"factor(anio_def)2023",-25.1704666308143,8.79551555762735,-2.86173862872505,0.00519323404510895,"06.de 70 a 79 anios","diabetes",NA,NA,NA
"factor(anio_def)2024",-9.41900770051661,11.101265586842,-0.848462513290438,0.398335897453075,"06.de 70 a 79 anios","diabetes",NA,NA,NA
"factor(month)2",-7.30065082599848,9.06545173590902,-0.805326754659119,0.422663566675503,"06.de 70 a 79 anios","diabetes",NA,NA,NA
"factor(month)3",13.721942732022,9.58707574396575,1.43129595493796,0.155661792367103,"06.de 70 a 79 anios","diabetes",NA,NA,NA
"factor(month)4",-1.12568271265523,11.5265740050973,-0.0976597827036406,0.922410387792935,"06.de 70 a 79 anios","diabetes",NA,NA,NA
"factor(month)5",-4.54530671304252,10.1323939088156,-0.448591591873262,0.654758688583082,"06.de 70 a 79 anios","diabetes",NA,NA,NA
"factor(month)6",-10.0943574355088,12.253017637237,-0.82382623892028,0.412123663130374,"06.de 70 a 79 anios","diabetes",NA,NA,NA
"factor(month)7",-13.9230793311182,11.6298410249628,-1.19718569679784,0.234244608711301,"06.de 70 a 79 anios","diabetes",NA,NA,NA
"factor(month)8",-15.1350220936274,10.4841806941895,-1.44360561259836,0.152174494590105,"06.de 70 a 79 anios","diabetes",NA,NA,NA
"factor(month)9",-18.9906549376628,10.8408842253697,-1.75176254472132,0.0830760808356944,"06.de 70 a 79 anios","diabetes",NA,NA,NA
"factor(month)10",-1.86121793156265,9.12929593271335,-0.203873107551841,0.838893387870378,"06.de 70 a 79 anios","diabetes",NA,NA,NA
"factor(month)11",-10.8066843057051,10.970473078812,-0.985070035546303,0.327118426818978,"06.de 70 a 79 anios","diabetes",NA,NA,NA
"factor(month)12",0.499385989079947,12.3654988193768,0.0403854301694166,0.967871499158007,"06.de 70 a 79 anios","diabetes",NA,NA,NA
"covid:factor(anio_def)2020",-0.409348743377349,0.270400641968052,-1.51386010180299,0.133416548481552,"06.de 70 a 79 anios","diabetes",NA,NA,NA
"covid:factor(anio_def)2021",-0.420866864646296,0.270175136401143,-1.55775572190852,0.122651748446789,"06.de 70 a 79 anios","diabetes",NA,NA,NA
"covid:factor(anio_def)2022",-0.379355075441172,0.268834905681461,-1.41110796040253,0.161513973742289,"06.de 70 a 79 anios","diabetes",NA,NA,NA
"covid:factor(anio_def)2023",-0.282324220148295,0.266616649705818,-1.05891443936381,0.292352241224526,"06.de 70 a 79 anios","diabetes",NA,NA,NA
NA,NA,NA,NA,NA,"06.de 70 a 79 anios","diabetes",2015,0.430488021921088,0.269815342551914
NA,NA,NA,NA,NA,"06.de 70 a 79 anios","diabetes",2016,NA,0.269815342551914
NA,NA,NA,NA,NA,"06.de 70 a 79 anios","diabetes",2017,NA,0.269815342551914
NA,NA,NA,NA,NA,"06.de 70 a 79 anios","diabetes",2018,NA,0.269815342551914
NA,NA,NA,NA,NA,"06.de 70 a 79 anios","diabetes",2019,NA,0.269815342551914
NA,NA,NA,NA,NA,"06.de 70 a 79 anios","diabetes",2020,0.0211392785437391,0.00540148010522899
NA,NA,NA,NA,NA,"06.de 70 a 79 anios","diabetes",2021,0.00962115727479218,0.00305172969862962
NA,NA,NA,NA,NA,"06.de 70 a 79 anios","diabetes",2022,0.0511329464799158,0.00439206176594645
NA,NA,NA,NA,NA,"06.de 70 a 79 anios","diabetes",2023,0.148163801772793,0.055335073968334
NA,NA,NA,NA,NA,"06.de 70 a 79 anios","diabetes",2024,NA,0.269815342551914
"(Intercept)",-0.969933869194611,2.6302689440043,-0.368758438716154,0.713137036877966,"06.de 70 a 79 anios","alzheimer",NA,NA,NA
"covid",0.172987128382713,0.0670906315995359,2.5784095969654,0.0114781602355646,"06.de 70 a 79 anios","alzheimer",NA,NA,NA
"factor(anio_def)2016",2.35,2.15333214204551,1.09133187310699,0.277916284917884,"06.de 70 a 79 anios","alzheimer",NA,NA,NA
"factor(anio_def)2017",1.36666666666658,2.07430138728957,0.658856362455779,0.511598707360346,"06.de 70 a 79 anios","alzheimer",NA,NA,NA
"factor(anio_def)2018",2.2166666666666,2.30941084130015,0.959840764157265,0.339597784985471,"06.de 70 a 79 anios","alzheimer",NA,NA,NA
"factor(anio_def)2019",0.0666666666666242,1.94736768600592,0.0342342471561487,0.972762947988896,"06.de 70 a 79 anios","alzheimer",NA,NA,NA
"factor(anio_def)2020",4.15863077981178,3.479343028652,1.19523448696088,0.235002190713618,"06.de 70 a 79 anios","alzheimer",NA,NA,NA
"factor(anio_def)2021",8.3107012990114,2.13878879133231,3.88570453178523,0.000189875547730583,"06.de 70 a 79 anios","alzheimer",NA,NA,NA
"factor(anio_def)2022",2.68011355736421,1.83676992219986,1.45914495058493,0.147858892436894,"06.de 70 a 79 anios","alzheimer",NA,NA,NA
"factor(anio_def)2023",5.15599701089298,2.8729907997862,1.79464445597134,0.0759247072620085,"06.de 70 a 79 anios","alzheimer",NA,NA,NA
"factor(anio_def)2024",5.00246559958951,3.09668163872781,1.61542779762296,0.109569733013018,"06.de 70 a 79 anios","alzheimer",NA,NA,NA
"factor(month)2",-2.16408554394212,2.37617490539933,-0.910743371215944,0.364760162340188,"06.de 70 a 79 anios","alzheimer",NA,NA,NA
"factor(month)3",-0.1671014394039,2.6999812990859,-0.0618898506669191,0.950781955390969,"06.de 70 a 79 anios","alzheimer",NA,NA,NA
"factor(month)4",1.2938816057337,2.96233623718379,0.43677742907529,0.663274455638317,"06.de 70 a 79 anios","alzheimer",NA,NA,NA
"factor(month)5",0.329407504943587,2.70840637244714,0.121624106446758,0.903456345474547,"06.de 70 a 79 anios","alzheimer",NA,NA,NA
"factor(month)6",3.22949330868995,3.32864875985847,0.970211500725379,0.33443094397794,"06.de 70 a 79 anios","alzheimer",NA,NA,NA
"factor(month)7",0.778895464853535,2.65229741596361,0.293668221431552,0.769658856276334,"06.de 70 a 79 anios","alzheimer",NA,NA,NA
"factor(month)8",-0.137289473743521,2.59412624485472,-0.0529232044954734,0.957905405731391,"06.de 70 a 79 anios","alzheimer",NA,NA,NA
"factor(month)9",-2.06051433407186,2.97018986279788,-0.693731521974453,0.489561378527363,"06.de 70 a 79 anios","alzheimer",NA,NA,NA
"factor(month)10",-1.33260237225567,2.51341601632805,-0.530195703217695,0.597226481564177,"06.de 70 a 79 anios","alzheimer",NA,NA,NA
"factor(month)11",0.661204580887123,2.9658265904868,0.222941079228302,0.824065101138237,"06.de 70 a 79 anios","alzheimer",NA,NA,NA
"factor(month)12",-3.19208287241359,2.76335730091102,-1.15514662955863,0.250958336790253,"06.de 70 a 79 anios","alzheimer",NA,NA,NA
"covid:factor(anio_def)2020",-0.173917195233857,0.0672950139334493,-2.58439942379461,0.0112939457243603,"06.de 70 a 79 anios","alzheimer",NA,NA,NA
"covid:factor(anio_def)2021",-0.174357610866151,0.0670772591253047,-2.5993550294063,0.0108455810706444,"06.de 70 a 79 anios","alzheimer",NA,NA,NA
"covid:factor(anio_def)2022",-0.164364133579593,0.0668043567554284,-2.46038045364813,0.0157052413144,"06.de 70 a 79 anios","alzheimer",NA,NA,NA
"covid:factor(anio_def)2023",-0.16617170631821,0.0661059654906308,-2.51371725811586,0.0136473836261234,"06.de 70 a 79 anios","alzheimer",NA,NA,NA
NA,NA,NA,NA,NA,"06.de 70 a 79 anios","alzheimer",2015,0.172987128382713,0.0670906315995359
NA,NA,NA,NA,NA,"06.de 70 a 79 anios","alzheimer",2016,NA,0.0670906315995359
NA,NA,NA,NA,NA,"06.de 70 a 79 anios","alzheimer",2017,NA,0.0670906315995359
NA,NA,NA,NA,NA,"06.de 70 a 79 anios","alzheimer",2018,NA,0.0670906315995359
NA,NA,NA,NA,NA,"06.de 70 a 79 anios","alzheimer",2019,NA,0.0670906315995359
NA,NA,NA,NA,NA,"06.de 70 a 79 anios","alzheimer",2020,-0.000930066851143302,0.0015030212104567
NA,NA,NA,NA,NA,"06.de 70 a 79 anios","alzheimer",2021,-0.00137048248343713,0.000830554831996458
NA,NA,NA,NA,NA,"06.de 70 a 79 anios","alzheimer",2022,0.00862299480312081,0.00079421127865257
NA,NA,NA,NA,NA,"06.de 70 a 79 anios","alzheimer",2023,0.00681542206450358,0.0150148212195159
NA,NA,NA,NA,NA,"06.de 70 a 79 anios","alzheimer",2024,NA,0.0670906315995359
"(Intercept)",-1.04008729538757,2.25138686918454,-0.461976264330037,0.645165777206791,"06.de 70 a 79 anios","metabolic",NA,NA,NA
"covid",0.0810917832056261,0.121178244252517,0.669194241143181,0.505011877779152,"06.de 70 a 79 anios","metabolic",NA,NA,NA
"factor(anio_def)2016",3.77499999999993,3.05310439487579,1.2364464203503,0.219373192483251,"06.de 70 a 79 anios","metabolic",NA,NA,NA
"factor(anio_def)2017",1.38333333333366,2.72519777879388,0.507608418037789,0.612916949294915,"06.de 70 a 79 anios","metabolic",NA,NA,NA
"factor(anio_def)2018",-0.924999999999735,2.40278731083054,-0.384969570893898,0.701129634400111,"06.de 70 a 79 anios","metabolic",NA,NA,NA
"factor(anio_def)2019",2.35000000000021,2.63947793813761,0.890327578058238,0.375563086299529,"06.de 70 a 79 anios","metabolic",NA,NA,NA
"factor(anio_def)2020",-7.80645257952347,3.5044383652572,-2.22759020587042,0.0282937894139414,"06.de 70 a 79 anios","metabolic",NA,NA,NA
"factor(anio_def)2021",0.288465732313489,3.20956788336393,0.089876812953135,0.928576335011501,"06.de 70 a 79 anios","metabolic",NA,NA,NA
"factor(anio_def)2022",1.43756849325996,3.3407223900088,0.430316657726287,0.667950300831375,"06.de 70 a 79 anios","metabolic",NA,NA,NA
"factor(anio_def)2023",-4.99150490783792,3.83897315593515,-1.300218757748,0.196705020109264,"06.de 70 a 79 anios","metabolic",NA,NA,NA
"factor(anio_def)2024",-3.54995403536009,5.0085718247743,-0.708775706839357,0.480217796917371,"06.de 70 a 79 anios","metabolic",NA,NA,NA
"factor(month)2",-3.06822541577528,2.97990036831077,-1.02964026864918,0.30582099505213,"06.de 70 a 79 anios","metabolic",NA,NA,NA
"factor(month)3",2.90323608253826,2.89437097157667,1.00306288000006,0.318405659061565,"06.de 70 a 79 anios","metabolic",NA,NA,NA
"factor(month)4",3.12259160176775,4.20663648887246,0.742301268490334,0.459755692094878,"06.de 70 a 79 anios","metabolic",NA,NA,NA
"factor(month)5",0.574479057499564,3.15862023871487,0.18187658347092,0.856071215693818,"06.de 70 a 79 anios","metabolic",NA,NA,NA
"factor(month)6",-1.49761955349659,3.1860405270948,-0.470056655199612,0.639403268170139,"06.de 70 a 79 anios","metabolic",NA,NA,NA
"factor(month)7",3.27653081446236,3.43905259846667,0.952742280220787,0.343164170199888,"06.de 70 a 79 anios","metabolic",NA,NA,NA
"factor(month)8",-1.60014853005397,2.76493565853275,-0.578729029413694,0.564156162056764,"06.de 70 a 79 anios","metabolic",NA,NA,NA
"factor(month)9",-3.95080623420176,2.39708335277088,-1.64817223799701,0.102655985038573,"06.de 70 a 79 anios","metabolic",NA,NA,NA
"factor(month)10",0.479062791615398,2.37961077888804,0.201319810729408,0.840883513553493,"06.de 70 a 79 anios","metabolic",NA,NA,NA
"factor(month)11",-2.63039408425016,1.96905401498325,-1.33586690067135,0.184818078867874,"06.de 70 a 79 anios","metabolic",NA,NA,NA
"factor(month)12",-0.927658981678256,2.25881115228243,-0.410684612009683,0.682238473302149,"06.de 70 a 79 anios","metabolic",NA,NA,NA
"covid:factor(anio_def)2020",-0.0798758202011252,0.121431473726399,-0.657785150339987,0.512283831566607,"06.de 70 a 79 anios","metabolic",NA,NA,NA
"covid:factor(anio_def)2021",-0.082004323296026,0.121055022043461,-0.677413641431456,0.499807422644022,"06.de 70 a 79 anios","metabolic",NA,NA,NA
"covid:factor(anio_def)2022",-0.0731666356569955,0.121062019857959,-0.604373161317161,0.547051571892643,"06.de 70 a 79 anios","metabolic",NA,NA,NA
"covid:factor(anio_def)2023",-0.0421556609130118,0.122539793721014,-0.344016091694977,0.731602548651099,"06.de 70 a 79 anios","metabolic",NA,NA,NA
NA,NA,NA,NA,NA,"06.de 70 a 79 anios","metabolic",2015,0.0810917832056261,0.121178244252517
NA,NA,NA,NA,NA,"06.de 70 a 79 anios","metabolic",2016,NA,0.121178244252517
NA,NA,NA,NA,NA,"06.de 70 a 79 anios","metabolic",2017,NA,0.121178244252517
NA,NA,NA,NA,NA,"06.de 70 a 79 anios","metabolic",2018,NA,0.121178244252517
NA,NA,NA,NA,NA,"06.de 70 a 79 anios","metabolic",2019,NA,0.121178244252517
NA,NA,NA,NA,NA,"06.de 70 a 79 anios","metabolic",2020,0.00121596300450086,0.0011790090478867
NA,NA,NA,NA,NA,"06.de 70 a 79 anios","metabolic",2021,-0.000912540090399871,0.00112270205204433
NA,NA,NA,NA,NA,"06.de 70 a 79 anios","metabolic",2022,0.00792514754863055,0.00136463329924516
NA,NA,NA,NA,NA,"06.de 70 a 79 anios","metabolic",2023,0.0389361222926143,0.0177073228890989
NA,NA,NA,NA,NA,"06.de 70 a 79 anios","metabolic",2024,NA,0.121178244252517
"(Intercept)",0.336557387037476,1.50164946687913,0.224125133368802,0.823146358525712,"06.de 70 a 79 anios","anemia",NA,NA,NA
"covid",0.00696956178977038,0.0440898520285073,0.158076325256525,0.874735746658387,"06.de 70 a 79 anios","anemia",NA,NA,NA
"factor(anio_def)2016",-1.18333333333347,1.93359969568378,-0.611984650170833,0.542025368331922,"06.de 70 a 79 anios","anemia",NA,NA,NA
"factor(anio_def)2017",-1.03333333333361,1.59350038702605,-0.648467576002359,0.518263594951099,"06.de 70 a 79 anios","anemia",NA,NA,NA
"factor(anio_def)2018",-1.88333333333374,1.52864916293938,-1.23202457371733,0.221012880920881,"06.de 70 a 79 anios","anemia",NA,NA,NA
"factor(anio_def)2019",0.349999999999455,1.3404600969101,0.261104378120798,0.794583217079967,"06.de 70 a 79 anios","anemia",NA,NA,NA
"factor(anio_def)2020",1.4262375498905,2.08170837317248,0.68512841100646,0.494948932762207,"06.de 70 a 79 anios","anemia",NA,NA,NA
"factor(anio_def)2021",0.220666211034185,2.16210679711692,0.102060736004546,0.918925866469765,"06.de 70 a 79 anios","anemia",NA,NA,NA
"factor(anio_def)2022",4.61809116860678,1.61834836513642,2.85358286762783,0.00531732244590092,"06.de 70 a 79 anios","anemia",NA,NA,NA
"factor(anio_def)2023",3.78581934636179,1.56490533067564,2.41920023668607,0.0174793133087248,"06.de 70 a 79 anios","anemia",NA,NA,NA
"factor(anio_def)2024",8.48325984002035,1.69241231145694,5.01252548364967,2.5200844434942e-06,"06.de 70 a 79 anios","anemia",NA,NA,NA
"factor(month)2",1.30463199743208,1.60328828442263,0.813722653691006,0.417860331926364,"06.de 70 a 79 anios","anemia",NA,NA,NA
"factor(month)3",0.759946609704316,1.58894505596511,0.478271169195797,0.633567688717089,"06.de 70 a 79 anios","anemia",NA,NA,NA
"factor(month)4",1.86752668541489,1.3866349736134,1.34680483397036,0.181281286149262,"06.de 70 a 79 anios","anemia",NA,NA,NA
"factor(month)5",0.816535551320787,1.95845716145223,0.416927961148414,0.677681700743201,"06.de 70 a 79 anios","anemia",NA,NA,NA
"factor(month)6",0.844275242819013,1.67914134954762,0.502801770110939,0.61627966677615,"06.de 70 a 79 anios","anemia",NA,NA,NA
"factor(month)7",1.86888085366374,2.28555435764953,0.817692586224769,0.415600582994441,"06.de 70 a 79 anios","anemia",NA,NA,NA
"factor(month)8",-0.889620353655458,1.49977247203279,-0.593170210978513,0.554491764716623,"06.de 70 a 79 anios","anemia",NA,NA,NA
"factor(month)9",-1.62490502916765,1.67826647577312,-0.968204425592852,0.335426857419936,"06.de 70 a 79 anios","anemia",NA,NA,NA
"factor(month)10",-0.674745763149989,1.62218947345749,-0.41594756604594,0.678396465036745,"06.de 70 a 79 anios","anemia",NA,NA,NA
"factor(month)11",0.189182299991646,1.9400362930268,0.097514825197671,0.922525186211292,"06.de 70 a 79 anios","anemia",NA,NA,NA
"factor(month)12",0.499603258517044,2.18900913831404,0.228232605233359,0.81996116626472,"06.de 70 a 79 anios","anemia",NA,NA,NA
"covid:factor(anio_def)2020",-0.00784686800414535,0.0440722931735185,-0.178045375883918,0.859070477374307,"06.de 70 a 79 anios","anemia",NA,NA,NA
"covid:factor(anio_def)2021",-0.00533807541329295,0.0440834706311043,-0.121090180443427,0.903878075279683,"06.de 70 a 79 anios","anemia",NA,NA,NA
"covid:factor(anio_def)2022",-0.00709946545007087,0.0439528011361423,-0.161524755341088,0.872026784672942,"06.de 70 a 79 anios","anemia",NA,NA,NA
"covid:factor(anio_def)2023",0.0258826646154364,0.0433109928567879,0.597600352894701,0.551543579626266,"06.de 70 a 79 anios","anemia",NA,NA,NA
NA,NA,NA,NA,NA,"06.de 70 a 79 anios","anemia",2015,0.00696956178977038,0.0440898520285073
NA,NA,NA,NA,NA,"06.de 70 a 79 anios","anemia",2016,NA,0.0440898520285073
NA,NA,NA,NA,NA,"06.de 70 a 79 anios","anemia",2017,NA,0.0440898520285073
NA,NA,NA,NA,NA,"06.de 70 a 79 anios","anemia",2018,NA,0.0440898520285073
NA,NA,NA,NA,NA,"06.de 70 a 79 anios","anemia",2019,NA,0.0440898520285073
NA,NA,NA,NA,NA,"06.de 70 a 79 anios","anemia",2020,-0.000877306214374974,0.000969140573812083
NA,NA,NA,NA,NA,"06.de 70 a 79 anios","anemia",2021,0.00163148637647743,0.000832014303618714
NA,NA,NA,NA,NA,"06.de 70 a 79 anios","anemia",2022,-0.000129903660300497,0.00107057261315408
NA,NA,NA,NA,NA,"06.de 70 a 79 anios","anemia",2023,0.0328522264052067,0.00707246066766555
NA,NA,NA,NA,NA,"06.de 70 a 79 anios","anemia",2024,NA,0.0440898520285073
"(Intercept)",0,6.53048356782886e-14,0,1,"07.de 80 anios y mas","covid",NA,NA,NA
"covid",1,5.57299085667783e-16,1794368635652346,0,"07.de 80 anios y mas","covid",NA,NA,NA
"factor(anio_def)2016",6.60917971909768e-14,6.23870096570337e-14,1.0593839575628,0.292139570200398,"07.de 80 anios y mas","covid",NA,NA,NA
"factor(anio_def)2017",6.60917971909767e-14,6.23870096570336e-14,1.0593839575628,0.292139570200397,"07.de 80 anios y mas","covid",NA,NA,NA
"factor(anio_def)2018",6.60917971909768e-14,6.23870096570336e-14,1.0593839575628,0.292139570200397,"07.de 80 anios y mas","covid",NA,NA,NA
"factor(anio_def)2019",6.60917971909768e-14,6.23870096570336e-14,1.0593839575628,0.292139570200397,"07.de 80 anios y mas","covid",NA,NA,NA
"factor(anio_def)2020",8.40864479240692e-14,7.43021425290731e-14,1.13168268184417,0.260646658237024,"07.de 80 anios y mas","covid",NA,NA,NA
"factor(anio_def)2021",8.47454546743953e-14,7.50970452116373e-14,1.12847921560119,0.261989506133195,"07.de 80 anios y mas","covid",NA,NA,NA
"factor(anio_def)2022",5.66347158254118e-14,5.70736176563166e-14,0.992309899934015,0.323593890782355,"07.de 80 anios y mas","covid",NA,NA,NA
"factor(anio_def)2023",4.90290855976908e-14,6.32310952426493e-14,0.775395166089432,0.440052540542069,"07.de 80 anios y mas","covid",NA,NA,NA
"factor(anio_def)2024",4.69838441397121e-14,4.96220140650967e-14,0.946834686679108,0.346150704264972,"07.de 80 anios y mas","covid",NA,NA,NA
"factor(month)2",-9.78484890772759e-14,7.96765976023434e-14,-1.2280706257768,0.222486609149297,"07.de 80 anios y mas","covid",NA,NA,NA
"factor(month)3",-1.22008015438904e-14,2.61827383776597e-14,-0.465986459013801,0.642303182898314,"07.de 80 anios y mas","covid",NA,NA,NA
"factor(month)4",-2.91331590482442e-14,3.0448666885523e-14,-0.956795880679286,0.341124612526352,"07.de 80 anios y mas","covid",NA,NA,NA
"factor(month)5",8.53421074444038e-15,3.37138892931995e-14,0.253136345979573,0.800715633302887,"07.de 80 anios y mas","covid",NA,NA,NA
"factor(month)6",-3.22972995879353e-14,3.46530148717013e-14,-0.932019903824016,0.353713932273905,"07.de 80 anios y mas","covid",NA,NA,NA
"factor(month)7",5.43010341205962e-15,2.79479144207863e-14,0.194293689693746,0.846365207366102,"07.de 80 anios y mas","covid",NA,NA,NA
"factor(month)8",9.7756170494186e-15,3.17009063888639e-14,0.308370269591176,0.75848293616271,"07.de 80 anios y mas","covid",NA,NA,NA
"factor(month)9",-1.10499657644714e-15,3.05653704109005e-14,-0.0361519118398469,0.971237891817318,"07.de 80 anios y mas","covid",NA,NA,NA
"factor(month)10",-3.35713412975977e-14,3.36261778473531e-14,-0.99836923036557,0.320663464051323,"07.de 80 anios y mas","covid",NA,NA,NA
"factor(month)11",-8.87178304451456e-15,2.98550636672726e-14,-0.297161752638963,0.766998705147468,"07.de 80 anios y mas","covid",NA,NA,NA
"factor(month)12",-1.31259172239128e-14,2.77411746270174e-14,-0.473156504740407,0.637198448530018,"07.de 80 anios y mas","covid",NA,NA,NA
"covid:factor(anio_def)2020",-4.17265089195943e-16,5.64338264375286e-16,-0.739388263274775,0.461513725640708,"07.de 80 anios y mas","covid",NA,NA,NA
"covid:factor(anio_def)2021",-4.2760534606012e-16,5.57418746718206e-16,-0.767116909105837,0.444934494483029,"07.de 80 anios y mas","covid",NA,NA,NA
"covid:factor(anio_def)2022",-4.34810907601278e-16,5.50963229786711e-16,-0.789183168847043,0.431991005878591,"07.de 80 anios y mas","covid",NA,NA,NA
"covid:factor(anio_def)2023",-4.42627914668114e-16,5.50110577280291e-16,-0.804616258891868,0.423071538967017,"07.de 80 anios y mas","covid",NA,NA,NA
NA,NA,NA,NA,NA,"07.de 80 anios y mas","covid",2015,1,5.57299085667783e-16
NA,NA,NA,NA,NA,"07.de 80 anios y mas","covid",2016,NA,5.57299085667783e-16
NA,NA,NA,NA,NA,"07.de 80 anios y mas","covid",2017,NA,5.57299085667783e-16
NA,NA,NA,NA,NA,"07.de 80 anios y mas","covid",2018,NA,5.57299085667783e-16
NA,NA,NA,NA,NA,"07.de 80 anios y mas","covid",2019,NA,5.57299085667783e-16
NA,NA,NA,NA,NA,"07.de 80 anios y mas","covid",2020,1,2.8300627542701e-17
NA,NA,NA,NA,NA,"07.de 80 anios y mas","covid",2021,1,3.48811641527677e-17
NA,NA,NA,NA,NA,"07.de 80 anios y mas","covid",2022,1,1.47830763461651e-17
NA,NA,NA,NA,NA,"07.de 80 anios y mas","covid",2023,1,5.48615466590699e-17
NA,NA,NA,NA,NA,"07.de 80 anios y mas","covid",2024,NA,5.57299085667783e-16
"(Intercept)",-25.360954756126,137.689123552843,-0.184189964332171,0.854261204255239,"07.de 80 anios y mas","resp",NA,NA,NA
"covid",-2.14360677252663,2.68815805481958,-0.797425868870831,0.42721348215534,"07.de 80 anios y mas","resp",NA,NA,NA
"factor(anio_def)2016",288.108333333332,120.503726207983,2.39086659308836,0.0188015002363347,"07.de 80 anios y mas","resp",NA,NA,NA
"factor(anio_def)2017",372.883333333329,214.765194579836,1.73623726164211,0.0857982646940472,"07.de 80 anios y mas","resp",NA,NA,NA
"factor(anio_def)2018",98.7416666666602,148.466754374269,0.665075942980089,0.507630419319706,"07.de 80 anios y mas","resp",NA,NA,NA
"factor(anio_def)2019",94.6833333333258,130.628739939076,0.72482773222405,0.470358146544012,"07.de 80 anios y mas","resp",NA,NA,NA
"factor(anio_def)2020",-353.039842861,238.130933159258,-1.48254507794203,0.141540230625201,"07.de 80 anios y mas","resp",NA,NA,NA
"factor(anio_def)2021",48.1485040024643,211.773349916772,0.227358655002562,0.820638631553816,"07.de 80 anios y mas","resp",NA,NA,NA
"factor(anio_def)2022",416.235168246656,143.995666694173,2.89060898707932,0.00477503330393421,"07.de 80 anios y mas","resp",NA,NA,NA
"factor(anio_def)2023",203.238348343231,116.90677545281,1.73846509371281,0.0854031957422271,"07.de 80 anios y mas","resp",NA,NA,NA
"factor(anio_def)2024",814.130252876054,219.176080010472,3.71450321055636,0.000345375703828772,"07.de 80 anios y mas","resp",NA,NA,NA
"factor(month)2",-7.66006241704702,130.1251321332,-0.058866894438239,0.953183091121635,"07.de 80 anios y mas","resp",NA,NA,NA
"factor(month)3",170.281067027808,136.447004789465,1.2479648585218,0.215143679397391,"07.de 80 anios y mas","resp",NA,NA,NA
"factor(month)4",-37.7217845891047,127.587609642957,-0.29565397999591,0.768146459300233,"07.de 80 anios y mas","resp",NA,NA,NA
"factor(month)5",-262.004808348916,149.533327148125,-1.75214992768387,0.0830090773027601,"07.de 80 anios y mas","resp",NA,NA,NA
"factor(month)6",-117.633758917586,284.957333451795,-0.412811832187803,0.680684566795967,"07.de 80 anios y mas","resp",NA,NA,NA
"factor(month)7",-241.954576888937,186.537088912801,-1.29708562677335,0.197776367972168,"07.de 80 anios y mas","resp",NA,NA,NA
"factor(month)8",-508.590278674932,163.978195613623,-3.10157260098963,0.00254142346547308,"07.de 80 anios y mas","resp",NA,NA,NA
"factor(month)9",-396.839781091631,169.257778630608,-2.34458814420402,0.021152826633352,"07.de 80 anios y mas","resp",NA,NA,NA
"factor(month)10",-128.734307669713,137.657547058185,-0.935177986393286,0.35209283399247,"07.de 80 anios y mas","resp",NA,NA,NA
"factor(month)11",-175.072808353765,132.054803134028,-1.32575873197188,0.188132460080864,"07.de 80 anios y mas","resp",NA,NA,NA
"factor(month)12",-40.3374429853518,146.560459283223,-0.275227323813179,0.783745665546515,"07.de 80 anios y mas","resp",NA,NA,NA
"covid:factor(anio_def)2020",2.11782991782066,2.69317628808089,0.786368841576942,0.43362938330052,"07.de 80 anios y mas","resp",NA,NA,NA
"covid:factor(anio_def)2021",2.00182857327074,2.69172690425939,0.743696758427849,0.458914848479425,"07.de 80 anios y mas","resp",NA,NA,NA
"covid:factor(anio_def)2022",2.33498852556373,2.68237022112398,0.870494500414378,0.386247843391119,"07.de 80 anios y mas","resp",NA,NA,NA
"covid:factor(anio_def)2023",2.92147769037919,2.66342178340936,1.0968888625066,0.275492042626427,"07.de 80 anios y mas","resp",NA,NA,NA
NA,NA,NA,NA,NA,"07.de 80 anios y mas","resp",2015,-2.14360677252663,2.68815805481958
NA,NA,NA,NA,NA,"07.de 80 anios y mas","resp",2016,NA,2.68815805481958
NA,NA,NA,NA,NA,"07.de 80 anios y mas","resp",2017,NA,2.68815805481958
NA,NA,NA,NA,NA,"07.de 80 anios y mas","resp",2018,NA,2.68815805481958
NA,NA,NA,NA,NA,"07.de 80 anios y mas","resp",2019,NA,2.68815805481958
NA,NA,NA,NA,NA,"07.de 80 anios y mas","resp",2020,-0.0257768547059705,0.0716982306609663
NA,NA,NA,NA,NA,"07.de 80 anios y mas","resp",2021,-0.141778199255889,0.0848557643031192
NA,NA,NA,NA,NA,"07.de 80 anios y mas","resp",2022,0.191381753037098,0.0298673475616506
NA,NA,NA,NA,NA,"07.de 80 anios y mas","resp",2023,0.777870917852565,0.242744295631969
NA,NA,NA,NA,NA,"07.de 80 anios y mas","resp",2024,NA,2.68815805481958
"(Intercept)",-24.1092998414704,79.4944677506251,-0.303282738078096,0.762344614753991,"07.de 80 anios y mas","circ",NA,NA,NA
"covid",2.2408109849046,2.09122014456577,1.07153280381674,0.286673382747529,"07.de 80 anios y mas","circ",NA,NA,NA
"factor(anio_def)2016",240.149999999994,91.1418456436205,2.63490385019215,0.00984367303605861,"07.de 80 anios y mas","circ",NA,NA,NA
"factor(anio_def)2017",111.466666666655,118.992824546168,0.936751162028321,0.351287081907016,"07.de 80 anios y mas","circ",NA,NA,NA
"factor(anio_def)2018",20.7833333333014,109.719212684336,0.189422917143011,0.850169780358917,"07.de 80 anios y mas","circ",NA,NA,NA
"factor(anio_def)2019",109.683333333296,87.8755940968757,1.24816605179794,0.215070336440959,"07.de 80 anios y mas","circ",NA,NA,NA
"factor(anio_def)2020",1.19655475263112,116.982835401768,0.0102284642744523,0.991860685606224,"07.de 80 anios y mas","circ",NA,NA,NA
"factor(anio_def)2021",572.423250183825,114.891872789417,4.98227800005497,2.85222817989498e-06,"07.de 80 anios y mas","circ",NA,NA,NA
"factor(anio_def)2022",469.649095115185,107.178204978065,4.38194589292947,3.05880527154702e-05,"07.de 80 anios y mas","circ",NA,NA,NA
"factor(anio_def)2023",242.065012616729,92.7792847869744,2.60904158910603,0.0105638230807839,"07.de 80 anios y mas","circ",NA,NA,NA
"factor(anio_def)2024",535.210377239247,204.326012889542,2.61939422039513,0.010270018163641,"07.de 80 anios y mas","circ",NA,NA,NA
"factor(month)2",-203.086333250863,69.6602902301755,-2.91538166981236,0.00444111547351471,"07.de 80 anios y mas","circ",NA,NA,NA
"factor(month)3",229.814766237636,72.7740298492041,3.15792277428965,0.00213662604388398,"07.de 80 anios y mas","circ",NA,NA,NA
"factor(month)4",-14.73037488907,89.4377370620761,-0.164699771851854,0.869533953403083,"07.de 80 anios y mas","circ",NA,NA,NA
"factor(month)5",-20.5851186990937,116.722539812659,-0.176359413804164,0.860390990847352,"07.de 80 anios y mas","circ",NA,NA,NA
"factor(month)6",-86.0118429109902,151.544094227121,-0.567569744962037,0.571680248714877,"07.de 80 anios y mas","circ",NA,NA,NA
"factor(month)7",7.52583911592486,90.9258117449756,0.0827690066384337,0.934211212260612,"07.de 80 anios y mas","circ",NA,NA,NA
"factor(month)8",-258.277370825733,98.7387411890515,-2.61576527830367,0.0103721547695177,"07.de 80 anios y mas","circ",NA,NA,NA
"factor(month)9",-265.666247315305,87.142845804652,-3.04862946421154,0.00298563513297242,"07.de 80 anios y mas","circ",NA,NA,NA
"factor(month)10",6.13601333047138,87.217800648409,0.0703527638263521,0.944062343741875,"07.de 80 anios y mas","circ",NA,NA,NA
"factor(month)11",-200.593218370869,74.9834538417837,-2.67516642797121,0.00881066301568487,"07.de 80 anios y mas","circ",NA,NA,NA
"factor(month)12",-62.2145144654188,99.077627703295,-0.627937062156261,0.531567772999646,"07.de 80 anios y mas","circ",NA,NA,NA
"covid:factor(anio_def)2020",-2.08269291283088,2.09576416357589,-0.993763014478353,0.322889521175461,"07.de 80 anios y mas","circ",NA,NA,NA
"covid:factor(anio_def)2021",-2.19917824836264,2.09329769459471,-1.05058074350406,0.296144619712356,"07.de 80 anios y mas","circ",NA,NA,NA
"covid:factor(anio_def)2022",-1.82982793308296,2.09220164952971,-0.87459444145562,0.384023738381724,"07.de 80 anios y mas","circ",NA,NA,NA
"covid:factor(anio_def)2023",-1.71286191400795,2.10442402931316,-0.813933831846139,0.417739941064515,"07.de 80 anios y mas","circ",NA,NA,NA
NA,NA,NA,NA,NA,"07.de 80 anios y mas","circ",2015,2.2408109849046,2.09122014456577
NA,NA,NA,NA,NA,"07.de 80 anios y mas","circ",2016,NA,2.09122014456577
NA,NA,NA,NA,NA,"07.de 80 anios y mas","circ",2017,NA,2.09122014456577
NA,NA,NA,NA,NA,"07.de 80 anios y mas","circ",2018,NA,2.09122014456577
NA,NA,NA,NA,NA,"07.de 80 anios y mas","circ",2019,NA,2.09122014456577
NA,NA,NA,NA,NA,"07.de 80 anios y mas","circ",2020,0.158118072073722,0.0370199951853188
NA,NA,NA,NA,NA,"07.de 80 anios y mas","circ",2021,0.0416327365419598,0.0539149341867453
NA,NA,NA,NA,NA,"07.de 80 anios y mas","circ",2022,0.410983051821644,0.0553789106059966
NA,NA,NA,NA,NA,"07.de 80 anios y mas","circ",2023,0.527949070896653,0.143359555934583
NA,NA,NA,NA,NA,"07.de 80 anios y mas","circ",2024,NA,2.09122014456577
"(Intercept)",3.37962755820123,6.90650036500367,0.489340096950742,0.625740877859714,"07.de 80 anios y mas","diabetes",NA,NA,NA
"covid",0.333308368075337,0.0914161972436676,3.64605374239,0.000436605704374803,"07.de 80 anios y mas","diabetes",NA,NA,NA
"factor(anio_def)2016",12.0499999999993,7.99237148976106,1.50768767635944,0.134988100084907,"07.de 80 anios y mas","diabetes",NA,NA,NA
"factor(anio_def)2017",3.84999999999854,9.48304109536987,0.405987906335059,0.685674199036155,"07.de 80 anios y mas","diabetes",NA,NA,NA
"factor(anio_def)2018",-4.68333333333552,9.4015660679494,-0.498143958090273,0.619546084028781,"07.de 80 anios y mas","diabetes",NA,NA,NA
"factor(anio_def)2019",8.36666666666376,9.14619557979651,0.914770146086238,0.36265292973927,"07.de 80 anios y mas","diabetes",NA,NA,NA
"factor(anio_def)2020",4.32370267864156,11.0748908842337,0.390405894183285,0.69711975434742,"07.de 80 anios y mas","diabetes",NA,NA,NA
"factor(anio_def)2021",12.5404687926522,12.2444385154876,1.02417671310859,0.308380300983346,"07.de 80 anios y mas","diabetes",NA,NA,NA
"factor(anio_def)2022",-3.23979100689885,10.2929788689658,-0.314757374725317,0.75364348326876,"07.de 80 anios y mas","diabetes",NA,NA,NA
"factor(anio_def)2023",-10.3468258103516,9.54180341971495,-1.08436794966592,0.28097508306502,"07.de 80 anios y mas","diabetes",NA,NA,NA
"factor(anio_def)2024",-4.43807959844782,11.658816454148,-0.380662961450844,0.704312250050146,"07.de 80 anios y mas","diabetes",NA,NA,NA
"factor(month)2",-17.4082804326941,4.58526595522687,-3.79656940353698,0.000259814724891102,"07.de 80 anios y mas","diabetes",NA,NA,NA
"factor(month)3",12.1427879419713,7.42121187111215,1.63622709509729,0.105136116498531,"07.de 80 anios y mas","diabetes",NA,NA,NA
"factor(month)4",1.2195762665374,7.64405459406801,0.15954572949856,0.873581251495621,"07.de 80 anios y mas","diabetes",NA,NA,NA
"factor(month)5",-2.66976104676347,7.4464949675606,-0.358525864637502,0.72075376774463,"07.de 80 anios y mas","diabetes",NA,NA,NA
"factor(month)6",-13.4408665165975,7.82591954289502,-1.71748079480323,0.089184238303612,"07.de 80 anios y mas","diabetes",NA,NA,NA
"factor(month)7",-8.18846908683493,8.94982293999304,-0.914930847429849,0.362568994890508,"07.de 80 anios y mas","diabetes",NA,NA,NA
"factor(month)8",-24.5315155873235,7.55724399553592,-3.24609283514127,0.00162187735519018,"07.de 80 anios y mas","diabetes",NA,NA,NA
"factor(month)9",-14.30020958517,8.3391408711164,-1.7148300773645,0.0896714573275404,"07.de 80 anios y mas","diabetes",NA,NA,NA
"factor(month)10",-15.5675307164805,6.20313534645709,-2.50962293211479,0.0137963205068038,"07.de 80 anios y mas","diabetes",NA,NA,NA
"factor(month)11",-9.2635500713887,7.40206618854816,-1.25148165869152,0.213864301435296,"07.de 80 anios y mas","diabetes",NA,NA,NA
"factor(month)12",4.45228812784804,8.01887265769134,0.555226191748738,0.580058882346922,"07.de 80 anios y mas","diabetes",NA,NA,NA
"covid:factor(anio_def)2020",-0.316689989218027,0.0920509289991034,-3.4403779805537,0.000868112193141913,"07.de 80 anios y mas","diabetes",NA,NA,NA
"covid:factor(anio_def)2021",-0.327735022417607,0.0916494653488548,-3.57596218559613,0.000553436339644445,"07.de 80 anios y mas","diabetes",NA,NA,NA
"covid:factor(anio_def)2022",-0.299866422018355,0.0911055314839722,-3.29141839286794,0.00140483905749309,"07.de 80 anios y mas","diabetes",NA,NA,NA
"covid:factor(anio_def)2023",-0.304048690610348,0.090667631419111,-3.35344252244644,0.00115165612821716,"07.de 80 anios y mas","diabetes",NA,NA,NA
NA,NA,NA,NA,NA,"07.de 80 anios y mas","diabetes",2015,0.333308368075337,0.0914161972436676
NA,NA,NA,NA,NA,"07.de 80 anios y mas","diabetes",2016,NA,0.0914161972436676
NA,NA,NA,NA,NA,"07.de 80 anios y mas","diabetes",2017,NA,0.0914161972436676
NA,NA,NA,NA,NA,"07.de 80 anios y mas","diabetes",2018,NA,0.0914161972436676
NA,NA,NA,NA,NA,"07.de 80 anios y mas","diabetes",2019,NA,0.0914161972436676
NA,NA,NA,NA,NA,"07.de 80 anios y mas","diabetes",2020,0.0166183788573098,0.00322880687245368
NA,NA,NA,NA,NA,"07.de 80 anios y mas","diabetes",2021,0.00557334565772954,0.00364501482208495
NA,NA,NA,NA,NA,"07.de 80 anios y mas","diabetes",2022,0.0334419460569816,0.00200742388132841
NA,NA,NA,NA,NA,"07.de 80 anios y mas","diabetes",2023,0.0292596774649891,0.0159395215581824
NA,NA,NA,NA,NA,"07.de 80 anios y mas","diabetes",2024,NA,0.0914161972436676
"(Intercept)",-9.10536712716023,7.07249471063705,-1.28743357184357,0.201104065284835,"07.de 80 anios y mas","alzheimer",NA,NA,NA
"covid",0.0743103155637074,0.168037745215196,0.442223950747153,0.659342969232926,"07.de 80 anios y mas","alzheimer",NA,NA,NA
"factor(anio_def)2016",21.9166666666652,6.05608314224153,3.61895075610754,0.000478697749179945,"07.de 80 anios y mas","alzheimer",NA,NA,NA
"factor(anio_def)2017",8.24999999999787,5.76182918543712,1.43183696261763,0.155507242332399,"07.de 80 anios y mas","alzheimer",NA,NA,NA
"factor(anio_def)2018",1.0833333333306,5.35885568574992,0.202157586779461,0.840230408082218,"07.de 80 anios y mas","alzheimer",NA,NA,NA
"factor(anio_def)2019",10.4166666666624,4.75111843628019,2.192466217453,0.030814425277345,"07.de 80 anios y mas","alzheimer",NA,NA,NA
"factor(anio_def)2020",14.4816909099925,6.15076289697013,2.35445442338969,0.0206307616889403,"07.de 80 anios y mas","alzheimer",NA,NA,NA
"factor(anio_def)2021",11.8109668081683,6.92427860946076,1.70573246316674,0.0913602419868634,"07.de 80 anios y mas","alzheimer",NA,NA,NA
"factor(anio_def)2022",22.6865776441213,7.06927365757346,3.20918084983408,0.00182138577075105,"07.de 80 anios y mas","alzheimer",NA,NA,NA
"factor(anio_def)2023",13.3867832541434,4.74036327988358,2.82399944134075,0.00579060563576317,"07.de 80 anios y mas","alzheimer",NA,NA,NA
"factor(anio_def)2024",24.257773937135,6.85628628681648,3.53803399134291,0.00062842414238217,"07.de 80 anios y mas","alzheimer",NA,NA,NA
"factor(month)2",-2.45196251840398,7.83733940425158,-0.312856492737044,0.75508274719161,"07.de 80 anios y mas","alzheimer",NA,NA,NA
"factor(month)3",10.2309730703082,7.50910844780069,1.3624750716318,0.176303573469615,"07.de 80 anios y mas","alzheimer",NA,NA,NA
"factor(month)4",10.2272094515705,7.67977672805051,1.33170661253933,0.186176846997924,"07.de 80 anios y mas","alzheimer",NA,NA,NA
"factor(month)5",0.76180778318344,7.71027311618786,0.0988042539743514,0.921504086989338,"07.de 80 anios y mas","alzheimer",NA,NA,NA
"factor(month)6",3.39646371084893,8.03974363846825,0.422459205614177,0.673654643450789,"07.de 80 anios y mas","alzheimer",NA,NA,NA
"factor(month)7",3.44552887399322,6.85413952897209,0.502693133022628,0.616355763974654,"07.de 80 anios y mas","alzheimer",NA,NA,NA
"factor(month)8",-8.34502955752378,8.12392582480689,-1.02721636527524,0.306954658638129,"07.de 80 anios y mas","alzheimer",NA,NA,NA
"factor(month)9",-4.6871950932499,7.15794106994611,-0.654824487579246,0.514179933342673,"07.de 80 anios y mas","alzheimer",NA,NA,NA
"factor(month)10",0.0812781319906959,7.50515712312293,0.010829637628809,0.991382319465596,"07.de 80 anios y mas","alzheimer",NA,NA,NA
"factor(month)11",-4.58028713762827,7.65677309795718,-0.598200714456366,0.551144652093266,"07.de 80 anios y mas","alzheimer",NA,NA,NA
"factor(month)12",1.18561880216432,7.53992338009557,0.157245470861707,0.87538866013596,"07.de 80 anios y mas","alzheimer",NA,NA,NA
"covid:factor(anio_def)2020",-0.0697971753740052,0.168024873153987,-0.41539787570641,0.678797349550837,"07.de 80 anios y mas","alzheimer",NA,NA,NA
"covid:factor(anio_def)2021",-0.0692820886849666,0.168166632365501,-0.411984754112134,0.681288573340866,"07.de 80 anios y mas","alzheimer",NA,NA,NA
"covid:factor(anio_def)2022",-0.0601015797915152,0.168283524092008,-0.357144765750539,0.721783983660828,"07.de 80 anios y mas","alzheimer",NA,NA,NA
"covid:factor(anio_def)2023",-0.0309913693232898,0.171487755517695,-0.180720595646795,0.856975960627752,"07.de 80 anios y mas","alzheimer",NA,NA,NA
NA,NA,NA,NA,NA,"07.de 80 anios y mas","alzheimer",2015,0.0743103155637074,0.168037745215196
NA,NA,NA,NA,NA,"07.de 80 anios y mas","alzheimer",2016,NA,0.168037745215196
NA,NA,NA,NA,NA,"07.de 80 anios y mas","alzheimer",2017,NA,0.168037745215196
NA,NA,NA,NA,NA,"07.de 80 anios y mas","alzheimer",2018,NA,0.168037745215196
NA,NA,NA,NA,NA,"07.de 80 anios y mas","alzheimer",2019,NA,0.168037745215196
NA,NA,NA,NA,NA,"07.de 80 anios y mas","alzheimer",2020,0.00451314018970216,0.001543894757095
NA,NA,NA,NA,NA,"07.de 80 anios y mas","alzheimer",2021,0.00502822687874074,0.00266012787672033
NA,NA,NA,NA,NA,"07.de 80 anios y mas","alzheimer",2022,0.0142087357721921,0.00316345560175919
NA,NA,NA,NA,NA,"07.de 80 anios y mas","alzheimer",2023,0.0433189462404176,0.0136888033891326
NA,NA,NA,NA,NA,"07.de 80 anios y mas","alzheimer",2024,NA,0.168037745215196
"(Intercept)",-4.62654656134947,6.32684832797595,-0.731256120190505,0.466441708621422,"07.de 80 anios y mas","metabolic",NA,NA,NA
"covid",0.0729237422862366,0.132757602283172,0.549299934859403,0.584102221375286,"07.de 80 anios y mas","metabolic",NA,NA,NA
"factor(anio_def)2016",13.4249999999996,5.51840477862451,2.43276826158191,0.0168759983045834,"07.de 80 anios y mas","metabolic",NA,NA,NA
"factor(anio_def)2017",10.6833333333327,6.27102438580363,1.70360258166395,0.0917593404961541,"07.de 80 anios y mas","metabolic",NA,NA,NA
"factor(anio_def)2018",2.35833333333229,5.67544917339579,0.415532455895685,0.678699192816059,"07.de 80 anios y mas","metabolic",NA,NA,NA
"factor(anio_def)2019",5.5333333333319,4.57261486847336,1.21010264203145,0.229273758545033,"07.de 80 anios y mas","metabolic",NA,NA,NA
"factor(anio_def)2020",-18.0104891888191,6.89030822309461,-2.61388730455517,0.0104253701477555,"07.de 80 anios y mas","metabolic",NA,NA,NA
"factor(anio_def)2021",-2.95689396911445,6.51650220456366,-0.453754771546561,0.651051214944643,"07.de 80 anios y mas","metabolic",NA,NA,NA
"factor(anio_def)2022",6.95058073872989,8.33001668207113,0.834401779013212,0.406170135078076,"07.de 80 anios y mas","metabolic",NA,NA,NA
"factor(anio_def)2023",-12.4468138305453,6.01009806203962,-2.07098348513822,0.0411012024626896,"07.de 80 anios y mas","metabolic",NA,NA,NA
"factor(anio_def)2024",5.21105535421791,9.48805266660614,0.549222852920977,0.584154900194751,"07.de 80 anios y mas","metabolic",NA,NA,NA
"factor(month)2",1.46244484738897,8.1188574170702,0.180129391644953,0.857438745982894,"07.de 80 anios y mas","metabolic",NA,NA,NA
"factor(month)3",3.98576090147499,7.25656281989129,0.549262922460953,0.584127515859064,"07.de 80 anios y mas","metabolic",NA,NA,NA
"factor(month)4",-2.69039783169262,7.73970872132012,-0.347609700644359,0.728910467245967,"07.de 80 anios y mas","metabolic",NA,NA,NA
"factor(month)5",0.160398425401827,8.03015366396382,0.0199745150733082,0.984106040437332,"07.de 80 anios y mas","metabolic",NA,NA,NA
"factor(month)6",-4.12648277906498,6.96731441226531,-0.592263034922135,0.555096439866598,"07.de 80 anios y mas","metabolic",NA,NA,NA
"factor(month)7",-0.49860106622344,7.31002221828457,-0.0682078728811915,0.945765038741947,"07.de 80 anios y mas","metabolic",NA,NA,NA
"factor(month)8",-8.39013241025976,7.53579032300711,-1.11337126573762,0.268387975241203,"07.de 80 anios y mas","metabolic",NA,NA,NA
"factor(month)9",-7.07239191573391,6.97043873957995,-1.01462650773689,0.312888402143546,"07.de 80 anios y mas","metabolic",NA,NA,NA
"factor(month)10",-2.26068717142156,6.78617090221086,-0.333131482245024,0.739776921386429,"07.de 80 anios y mas","metabolic",NA,NA,NA
"factor(month)11",-5.51037801262931,7.4528482531382,-0.739365384275607,0.461527548474218,"07.de 80 anios y mas","metabolic",NA,NA,NA
"factor(month)12",3.65902574753883,7.28208025375267,0.502469846532277,0.616512182978553,"07.de 80 anios y mas","metabolic",NA,NA,NA
"covid:factor(anio_def)2020",-0.0734796679994456,0.132825456291171,-0.553204709783708,0.581436591027182,"07.de 80 anios y mas","metabolic",NA,NA,NA
"covid:factor(anio_def)2021",-0.0756809680177102,0.132886082759674,-0.569517638311153,0.570363405543382,"07.de 80 anios y mas","metabolic",NA,NA,NA
"covid:factor(anio_def)2022",-0.0608510202316568,0.133122536423859,-0.457105324660498,0.64864999212505,"07.de 80 anios y mas","metabolic",NA,NA,NA
"covid:factor(anio_def)2023",0.00340610729043256,0.134978342583303,0.025234472621639,0.979921433758783,"07.de 80 anios y mas","metabolic",NA,NA,NA
NA,NA,NA,NA,NA,"07.de 80 anios y mas","metabolic",2015,0.0729237422862366,0.132757602283172
NA,NA,NA,NA,NA,"07.de 80 anios y mas","metabolic",2016,NA,0.132757602283172
NA,NA,NA,NA,NA,"07.de 80 anios y mas","metabolic",2017,NA,0.132757602283172
NA,NA,NA,NA,NA,"07.de 80 anios y mas","metabolic",2018,NA,0.132757602283172
NA,NA,NA,NA,NA,"07.de 80 anios y mas","metabolic",2019,NA,0.132757602283172
NA,NA,NA,NA,NA,"07.de 80 anios y mas","metabolic",2020,-0.000555925713208977,0.00205660124785218
NA,NA,NA,NA,NA,"07.de 80 anios y mas","metabolic",2021,-0.00275722573147359,0.00246490178284433
NA,NA,NA,NA,NA,"07.de 80 anios y mas","metabolic",2022,0.0120727220545798,0.00502187841766167
NA,NA,NA,NA,NA,"07.de 80 anios y mas","metabolic",2023,0.0763298495766692,0.0145464744293761
NA,NA,NA,NA,NA,"07.de 80 anios y mas","metabolic",2024,NA,0.132757602283172
"(Intercept)",2.87359733657863,3.80105373468206,0.756000187621391,0.451539496110809,"07.de 80 anios y mas","anemia",NA,NA,NA
"covid",0.164614097127385,0.0583330526405419,2.82196952972381,0.00582445489957401,"07.de 80 anios y mas","anemia",NA,NA,NA
"factor(anio_def)2016",-1.90000000000055,3.11263161279391,-0.610415955486328,0.543059329344071,"07.de 80 anios y mas","anemia",NA,NA,NA
"factor(anio_def)2017",-3.88333333333397,3.42175476215164,-1.13489528130066,0.259304847690416,"07.de 80 anios y mas","anemia",NA,NA,NA
"factor(anio_def)2018",-3.70000000000073,3.05857980220696,-1.20971177450755,0.229423049082518,"07.de 80 anios y mas","anemia",NA,NA,NA
"factor(anio_def)2019",0.899999999998726,3.3284746522736,0.270394127647617,0.787449847169082,"07.de 80 anios y mas","anemia",NA,NA,NA
"factor(anio_def)2020",-7.59098276912672,4.63725682535943,-1.63695543615667,0.10498352258538,"07.de 80 anios y mas","anemia",NA,NA,NA
"factor(anio_def)2021",1.69517685838169,3.44773725418772,0.491678087221606,0.624093118148247,"07.de 80 anios y mas","anemia",NA,NA,NA
"factor(anio_def)2022",0.397877188294023,4.16215481583756,0.0955940386407653,0.924046498030635,"07.de 80 anios y mas","anemia",NA,NA,NA
"factor(anio_def)2023",5.61762746805352,3.24547934072078,1.73090840467526,0.0867493380851363,"07.de 80 anios y mas","anemia",NA,NA,NA
"factor(anio_def)2024",6.48042635145131,3.43104815628308,1.88875995214001,0.0620071516509886,"07.de 80 anios y mas","anemia",NA,NA,NA
"factor(month)2",-2.8873315475548,4.45166636183634,-0.648595674713538,0.518181136833051,"07.de 80 anios y mas","anemia",NA,NA,NA
"factor(month)3",4.71790095701618,4.29815189110398,1.09765803455689,0.275157649117171,"07.de 80 anios y mas","anemia",NA,NA,NA
"factor(month)4",-2.33660390523008,4.24140014694068,-0.550903905380273,0.583006556806499,"07.de 80 anios y mas","anemia",NA,NA,NA
"factor(month)5",0.978004100169267,4.60831446645812,0.21222599006377,0.832390245527735,"07.de 80 anios y mas","anemia",NA,NA,NA
"factor(month)6",-0.288209081375243,5.05835995800934,-0.0569767837338063,0.954684627880203,"07.de 80 anios y mas","anemia",NA,NA,NA
"factor(month)7",-1.12760591364954,4.05261282817337,-0.278241707623915,0.781437941878008,"07.de 80 anios y mas","anemia",NA,NA,NA
"factor(month)8",-2.41075351795945,4.07739753103107,-0.591248093817782,0.555773333253002,"07.de 80 anios y mas","anemia",NA,NA,NA
"factor(month)9",-8.11316074470767,3.75021021546705,-2.1633882578759,0.0330472216033444,"07.de 80 anios y mas","anemia",NA,NA,NA
"factor(month)10",1.16628852331773,4.59438971010372,0.253850586673763,0.800165418398386,"07.de 80 anios y mas","anemia",NA,NA,NA
"factor(month)11",-3.41081647253788,3.98766744716201,-0.855341253435095,0.394537178625734,"07.de 80 anios y mas","anemia",NA,NA,NA
"factor(month)12",-0.170880441190757,3.87170739897837,-0.044135680613635,0.96488987346504,"07.de 80 anios y mas","anemia",NA,NA,NA
"covid:factor(anio_def)2020",-0.163483836518119,0.0584333214649856,-2.79778442196002,0.0062419257836861,"07.de 80 anios y mas","anemia",NA,NA,NA
"covid:factor(anio_def)2021",-0.165540981407933,0.0584150177768344,-2.833877104007,0.0056284507052904,"07.de 80 anios y mas","anemia",NA,NA,NA
"covid:factor(anio_def)2022",-0.160369184535464,0.0583784039810939,-2.74706353033222,0.00720763663317274,"07.de 80 anios y mas","anemia",NA,NA,NA
"covid:factor(anio_def)2023",-0.148805044018662,0.0595413535973119,-2.499188127718,0.0141825162717466,"07.de 80 anios y mas","anemia",NA,NA,NA
NA,NA,NA,NA,NA,"07.de 80 anios y mas","anemia",2015,0.164614097127385,0.0583330526405419
NA,NA,NA,NA,NA,"07.de 80 anios y mas","anemia",2016,NA,0.0583330526405419
NA,NA,NA,NA,NA,"07.de 80 anios y mas","anemia",2017,NA,0.0583330526405419
NA,NA,NA,NA,NA,"07.de 80 anios y mas","anemia",2018,NA,0.0583330526405419
NA,NA,NA,NA,NA,"07.de 80 anios y mas","anemia",2019,NA,0.0583330526405419
NA,NA,NA,NA,NA,"07.de 80 anios y mas","anemia",2020,0.00113026060926552,0.00152237514531202
NA,NA,NA,NA,NA,"07.de 80 anios y mas","anemia",2021,-0.000926884280548435,0.0010529132195623
NA,NA,NA,NA,NA,"07.de 80 anios y mas","anemia",2022,0.00424491259192034,0.00206708330711297
NA,NA,NA,NA,NA,"07.de 80 anios y mas","anemia",2023,0.0158090531087231,0.00848860242712511
NA,NA,NA,NA,NA,"07.de 80 anios y mas","anemia",2024,NA,0.0583330526405419
"(Intercept)",0,2.48402437069289e-15,0,1,"08.sin especificar","covid",NA,NA,NA
"covid",0.999999999999999,1.35822714994441e-15,736253873323713,0,"08.sin especificar","covid",NA,NA,NA
"factor(anio_def)2016",-2.30903366012617e-15,2.40683797460082e-15,-0.959363980663937,0.339836569031171,"08.sin especificar","covid",NA,NA,NA
"factor(anio_def)2017",-2.30903366012617e-15,2.40683797460082e-15,-0.959363980663937,0.339836569031171,"08.sin especificar","covid",NA,NA,NA
"factor(anio_def)2018",-2.30903366012617e-15,2.40683797460082e-15,-0.959363980663937,0.339836569031171,"08.sin especificar","covid",NA,NA,NA
"factor(anio_def)2019",-2.30903366012617e-15,2.40683797460082e-15,-0.959363980663937,0.339836569031171,"08.sin especificar","covid",NA,NA,NA
"factor(anio_def)2020",-2.5550806539213e-15,2.67902824280337e-15,-0.95373412385068,0.342664396785958,"08.sin especificar","covid",NA,NA,NA
"factor(anio_def)2021",-2.44028066160146e-15,2.51990439152415e-15,-0.9684020829558,0.3353286935109,"08.sin especificar","covid",NA,NA,NA
"factor(anio_def)2022",-1.84926152356983e-15,2.1003113958241e-15,-0.880470166112793,0.380850235747308,"08.sin especificar","covid",NA,NA,NA
"factor(anio_def)2023",-2.37019329653431e-15,2.45251217274685e-15,-0.966434875582968,0.33630651851594,"08.sin especificar","covid",NA,NA,NA
"factor(anio_def)2024",-1.8132989143415e-15,2.02392166658696e-15,-0.895933347756168,0.372577005023441,"08.sin especificar","covid",NA,NA,NA
"factor(month)2",3.27445787670161e-15,3.0373134325287e-15,1.07807704059553,0.283758164931024,"08.sin especificar","covid",NA,NA,NA
"factor(month)3",-2.18192268889391e-16,6.66058208044525e-16,-0.327587388390543,0.743952128481314,"08.sin especificar","covid",NA,NA,NA
"factor(month)4",-5.32703887863911e-18,6.67866132474136e-16,-0.00797620753564024,0.99365287814284,"08.sin especificar","covid",NA,NA,NA
"factor(month)5",6.51904890853385e-17,6.82625709532381e-16,0.0954996100718151,0.92412129518596,"08.sin especificar","covid",NA,NA,NA
"factor(month)6",-1.41179501536982e-16,6.66773486274864e-16,-0.211735326078613,0.832771934918523,"08.sin especificar","covid",NA,NA,NA
"factor(month)7",-3.65320722931191e-16,7.01861905514313e-16,-0.520502281233642,0.603937389980253,"08.sin especificar","covid",NA,NA,NA
"factor(month)8",1.05901231409309e-16,7.02680575032126e-16,0.150710344318921,0.880527153310089,"08.sin especificar","covid",NA,NA,NA
"factor(month)9",-3.27994305793684e-16,7.25002870346066e-16,-0.452404147913404,0.652020202202607,"08.sin especificar","covid",NA,NA,NA
"factor(month)10",-1.90285736275107e-16,7.18922478819667e-16,-0.264681856363039,0.791834056588546,"08.sin especificar","covid",NA,NA,NA
"factor(month)11",4.00449964208141e-16,7.16952883149533e-16,0.558544325045444,0.577800838383232,"08.sin especificar","covid",NA,NA,NA
"factor(month)12",-9.40190446133556e-17,6.44474374128928e-16,-0.145884845678204,0.884324681852037,"08.sin especificar","covid",NA,NA,NA
"covid:factor(anio_def)2020",1.02569941786152e-15,1.36416745434506e-15,0.751886738387231,0.453997714349977,"08.sin especificar","covid",NA,NA,NA
"covid:factor(anio_def)2021",1.04997790216494e-15,1.36120456634621e-15,0.771359373986917,0.442428666218467,"08.sin especificar","covid",NA,NA,NA
"covid:factor(anio_def)2022",9.01748436533079e-16,1.27296181605948e-15,0.708386084450267,0.480458529866433,"08.sin especificar","covid",NA,NA,NA
"covid:factor(anio_def)2023",1.55073315423004e-15,1.52795237556139e-15,1.01490935125533,0.312754257574718,"08.sin especificar","covid",NA,NA,NA
NA,NA,NA,NA,NA,"08.sin especificar","covid",2015,0.999999999999999,1.35822714994441e-15
NA,NA,NA,NA,NA,"08.sin especificar","covid",2016,NA,1.35822714994441e-15
NA,NA,NA,NA,NA,"08.sin especificar","covid",2017,NA,1.35822714994441e-15
NA,NA,NA,NA,NA,"08.sin especificar","covid",2018,NA,1.35822714994441e-15
NA,NA,NA,NA,NA,"08.sin especificar","covid",2019,NA,1.35822714994441e-15
NA,NA,NA,NA,NA,"08.sin especificar","covid",2020,1,1.48674145064185e-17
NA,NA,NA,NA,NA,"08.sin especificar","covid",2021,1,1.51381931402938e-17
NA,NA,NA,NA,NA,"08.sin especificar","covid",2022,1,1.22122766578854e-16
NA,NA,NA,NA,NA,"08.sin especificar","covid",2023,1,3.43110383833717e-16
NA,NA,NA,NA,NA,"08.sin especificar","covid",2024,NA,1.35822714994441e-15
"(Intercept)",-1.30843908860308,4.78718620497422,-0.273321118623612,0.785205999761914,"08.sin especificar","resp",NA,NA,NA
"covid",2.818444231995,2.09305245868496,1.34657123394117,0.181356283809963,"08.sin especificar","resp",NA,NA,NA
"factor(anio_def)2016",4.77499999999987,4.83020379816136,0.988571124435266,0.32541086360271,"08.sin especificar","resp",NA,NA,NA
"factor(anio_def)2017",12.1333333333332,5.9198858666526,2.04958906415437,0.0431904205164544,"08.sin especificar","resp",NA,NA,NA
"factor(anio_def)2018",5.74166666666638,4.93797112074909,1.16275825157021,0.247871027629915,"08.sin especificar","resp",NA,NA,NA
"factor(anio_def)2019",-0.483333333333649,4.75655704644567,-0.101614114708204,0.919279414671885,"08.sin especificar","resp",NA,NA,NA
"factor(anio_def)2020",2.4504627928699,6.28666740466312,0.389787248972687,0.697575641870106,"08.sin especificar","resp",NA,NA,NA
"factor(anio_def)2021",-4.06862189232532,5.13465915019852,-0.792384026536213,0.430132043259848,"08.sin especificar","resp",NA,NA,NA
"factor(anio_def)2022",-12.3299300323596,4.84017373836379,-2.5474147621254,0.0124753721610106,"08.sin especificar","resp",NA,NA,NA
"factor(anio_def)2023",-3.27994741256335,4.63109002739601,-0.708245228047879,0.480545576155646,"08.sin especificar","resp",NA,NA,NA
"factor(anio_def)2024",-4.29781474399911,4.69154626556637,-0.916076385208635,0.361971034817492,"08.sin especificar","resp",NA,NA,NA
"factor(month)2",-3.01586262270976,3.38457841147945,-0.891060054180123,0.375172060129234,"08.sin especificar","resp",NA,NA,NA
"factor(month)3",0.942501468602951,3.98778962181133,0.23634683822033,0.813677788246464,"08.sin especificar","resp",NA,NA,NA
"factor(month)4",-1.49364270769183,4.72577851588434,-0.316062782602143,0.752655589139472,"08.sin especificar","resp",NA,NA,NA
"factor(month)5",-4.39797654017376,4.75229251878224,-0.925443146185102,0.357105252282425,"08.sin especificar","resp",NA,NA,NA
"factor(month)6",-4.28576824831938,4.06362388551166,-1.05466656586987,0.294281142067596,"08.sin especificar","resp",NA,NA,NA
"factor(month)7",-4.52495765334616,5.18482014702481,-0.872731845084869,0.385033156825968,"08.sin especificar","resp",NA,NA,NA
"factor(month)8",-8.62832297114059,5.27707717579678,-1.63505718861082,0.105381596602819,"08.sin especificar","resp",NA,NA,NA
"factor(month)9",-8.13577531053116,4.75371867628439,-1.71145493971264,0.0902949784273765,"08.sin especificar","resp",NA,NA,NA
"factor(month)10",-2.58374542489568,4.29630853942786,-0.601387307541874,0.549029644970786,"08.sin especificar","resp",NA,NA,NA
"factor(month)11",-2.50301465087381,3.90319861326867,-0.641272683989222,0.52290604348361,"08.sin especificar","resp",NA,NA,NA
"factor(month)12",1.12783372347186,4.05399614211218,0.278202959237215,0.781467594150452,"08.sin especificar","resp",NA,NA,NA
"covid:factor(anio_def)2020",-2.53350338364881,2.10559497476471,-1.20322446339991,0.23191112491613,"08.sin especificar","resp",NA,NA,NA
"covid:factor(anio_def)2021",-2.78839732360512,2.09945422345881,-1.3281534278996,0.187343260214839,"08.sin especificar","resp",NA,NA,NA
"covid:factor(anio_def)2022",-2.21696522228731,2.0281685940138,-1.09308724572047,0.277148912421511,"08.sin especificar","resp",NA,NA,NA
"covid:factor(anio_def)2023",-0.565321248410815,3.06487507513949,-0.184451644700424,0.854056511884941,"08.sin especificar","resp",NA,NA,NA
NA,NA,NA,NA,NA,"08.sin especificar","resp",2015,2.818444231995,2.09305245868496
NA,NA,NA,NA,NA,"08.sin especificar","resp",2016,NA,2.09305245868496
NA,NA,NA,NA,NA,"08.sin especificar","resp",2017,NA,2.09305245868496
NA,NA,NA,NA,NA,"08.sin especificar","resp",2018,NA,2.09305245868496
NA,NA,NA,NA,NA,"08.sin especificar","resp",2019,NA,2.09305245868496
NA,NA,NA,NA,NA,"08.sin especificar","resp",2020,0.284940848346193,0.0765431107761332
NA,NA,NA,NA,NA,"08.sin especificar","resp",2021,0.0300469083898887,0.0649857234380964
NA,NA,NA,NA,NA,"08.sin especificar","resp",2022,0.601479009707693,0.255692449816258
NA,NA,NA,NA,NA,"08.sin especificar","resp",2023,2.25312298358419,2.23718669174474
NA,NA,NA,NA,NA,"08.sin especificar","resp",2024,NA,2.09305245868496
"(Intercept)",-2.41873278221315,5.54635022409399,-0.436094491780539,0.663768091535838,"08.sin especificar","circ",NA,NA,NA
"covid",-2.27779963848617,3.81836953985361,-0.596537243111753,0.552250347062492,"08.sin especificar","circ",NA,NA,NA
"factor(anio_def)2016",8.25833333333313,5.93933837489552,1.39044668144175,0.167676636874347,"08.sin especificar","circ",NA,NA,NA
"factor(anio_def)2017",10.4333333333329,6.25623324790336,1.66767013311555,0.0987094764583478,"08.sin especificar","circ",NA,NA,NA
"factor(anio_def)2018",5.85833333333273,5.40247177619883,1.08438018300109,0.280969689474645,"08.sin especificar","circ",NA,NA,NA
"factor(anio_def)2019",1.1999999999992,5.65746477806763,0.212109142004959,0.832481138440939,"08.sin especificar","circ",NA,NA,NA
"factor(anio_def)2020",10.4155706002518,7.13024844446369,1.46075844080006,0.147416292202961,"08.sin especificar","circ",NA,NA,NA
"factor(anio_def)2021",-0.80315382472896,5.67813291819126,-0.141446816462479,0.887819670549888,"08.sin especificar","circ",NA,NA,NA
"factor(anio_def)2022",-12.1776608969939,5.44263832392389,-2.23745547145128,0.0276191014448692,"08.sin especificar","circ",NA,NA,NA
"factor(anio_def)2023",-3.7426957218939,5.04333113999863,-0.742107868390914,0.459872293198213,"08.sin especificar","circ",NA,NA,NA
"factor(anio_def)2024",-3.08240012050662,5.58853160390207,-0.55155814424569,0.58255992918274,"08.sin especificar","circ",NA,NA,NA
"factor(month)2",-3.22673166846406,4.66290008415188,-0.692001031596404,0.49064248590166,"08.sin especificar","circ",NA,NA,NA
"factor(month)3",-3.94576956396036,4.33652241511042,-0.909892578950244,0.365206379099933,"08.sin especificar","circ",NA,NA,NA
"factor(month)4",-1.44678789671315,4.86861844149036,-0.297166005941979,0.766995468160234,"08.sin especificar","circ",NA,NA,NA
"factor(month)5",-0.723945366376121,4.19295792731633,-0.172657436331463,0.863291915712412,"08.sin especificar","circ",NA,NA,NA
"factor(month)6",-2.10584692056719,4.29491895587823,-0.49031121243511,0.625056227591928,"08.sin especificar","circ",NA,NA,NA
"factor(month)7",2.47224619357488,5.86351098027563,0.42163239770358,0.674256005928481,"08.sin especificar","circ",NA,NA,NA
"factor(month)8",-7.96350779767549,6.1109902555299,-1.30314522928084,0.195708243594561,"08.sin especificar","circ",NA,NA,NA
"factor(month)9",-6.54310109938469,6.12766374567959,-1.06779702198868,0.288346718828359,"08.sin especificar","circ",NA,NA,NA
"factor(month)10",-4.33103426374423,6.40098002612588,-0.676620493434901,0.500308373347648,"08.sin especificar","circ",NA,NA,NA
"factor(month)11",-3.2743402299569,5.53775868258713,-0.591275354820481,0.555755146758178,"08.sin especificar","circ",NA,NA,NA
"factor(month)12",-1.68638800122428,5.340376856408,-0.315780711093592,0.752869017735125,"08.sin especificar","circ",NA,NA,NA
"covid:factor(anio_def)2020",2.57991341810877,3.83212007319853,0.673233972012629,0.502450334172692,"08.sin especificar","circ",NA,NA,NA
"covid:factor(anio_def)2021",2.3831579865584,3.81770567782992,0.624238269701568,0.53398323149875,"08.sin especificar","circ",NA,NA,NA
"covid:factor(anio_def)2022",2.62359790758389,3.75517591313601,0.698661785299129,0.486488400090131,"08.sin especificar","circ",NA,NA,NA
"covid:factor(anio_def)2023",6.84858252605499,4.92165162209807,1.39152119083461,0.167351779873633,"08.sin especificar","circ",NA,NA,NA
NA,NA,NA,NA,NA,"08.sin especificar","circ",2015,-2.27779963848617,3.81836953985361
NA,NA,NA,NA,NA,"08.sin especificar","circ",2016,NA,3.81836953985361
NA,NA,NA,NA,NA,"08.sin especificar","circ",2017,NA,3.81836953985361
NA,NA,NA,NA,NA,"08.sin especificar","circ",2018,NA,3.81836953985361
NA,NA,NA,NA,NA,"08.sin especificar","circ",2019,NA,3.81836953985361
NA,NA,NA,NA,NA,"08.sin especificar","circ",2020,0.302113779622603,0.141574642926162
NA,NA,NA,NA,NA,"08.sin especificar","circ",2021,0.105358348072236,0.0749969409770421
NA,NA,NA,NA,NA,"08.sin especificar","circ",2022,0.345798269097724,0.29437384864771
NA,NA,NA,NA,NA,"08.sin especificar","circ",2023,4.57078288756883,2.85458668612169
NA,NA,NA,NA,NA,"08.sin especificar","circ",2024,NA,3.81836953985361
"(Intercept)",0.000892552304719893,0.78049806273057,0.00114356761065787,0.999089988678583,"08.sin especificar","diabetes",NA,NA,NA
"covid",0.0645656416644812,0.558368199472475,0.115632734323839,0.908190283477304,"08.sin especificar","diabetes",NA,NA,NA
"factor(anio_def)2016",0.858333333333235,0.808133360615522,1.06211842644323,0.290903075078637,"08.sin especificar","diabetes",NA,NA,NA
"factor(anio_def)2017",1.2999999999998,0.621785145981512,2.09075435204825,0.0392484557293786,"08.sin especificar","diabetes",NA,NA,NA
"factor(anio_def)2018",-0.175000000000181,0.553494578045254,-0.316172925520281,0.752572255031138,"08.sin especificar","diabetes",NA,NA,NA
"factor(anio_def)2019",0.516666666666387,0.640601214456174,0.806534010562251,0.421970887960744,"08.sin especificar","diabetes",NA,NA,NA
"factor(anio_def)2020",1.98513823778275,0.81041856635091,2.44952216077832,0.0161566859883786,"08.sin especificar","diabetes",NA,NA,NA
"factor(anio_def)2021",0.909091388449587,0.705961239063345,1.28773555564573,0.200999326548873,"08.sin especificar","diabetes",NA,NA,NA
"factor(anio_def)2022",0.43308760672889,0.633311731299116,0.683845861879891,0.495754856062572,"08.sin especificar","diabetes",NA,NA,NA
"factor(anio_def)2023",1.17831480657113,0.546048033011473,2.15789589071987,0.0334844072190396,"08.sin especificar","diabetes",NA,NA,NA
"factor(anio_def)2024",1.78681145277773,0.676660975606109,2.64063026713965,0.00969035369571857,"08.sin especificar","diabetes",NA,NA,NA
"factor(month)2",-0.935482716803975,0.79123315323172,-1.18230980714481,0.240064885722433,"08.sin especificar","diabetes",NA,NA,NA
"factor(month)3",-0.6867415698074,0.74868031024168,-0.917269441192749,0.361348938547811,"08.sin especificar","diabetes",NA,NA,NA
"factor(month)4",-0.664759835736011,0.839209046920312,-0.792126631827331,0.430281355724485,"08.sin especificar","diabetes",NA,NA,NA
"factor(month)5",0.520201723468331,0.815841902108667,0.637625650415589,0.525267523206513,"08.sin especificar","diabetes",NA,NA,NA
"factor(month)6",0.484794323640824,0.927140694180525,0.52289186170317,0.602279851153039,"08.sin especificar","diabetes",NA,NA,NA
"factor(month)7",-0.716770836365554,0.87297865520755,-0.821063415571303,0.413687622035373,"08.sin especificar","diabetes",NA,NA,NA
"factor(month)8",-0.870821808425849,0.730424895091289,-1.19221266180558,0.236178928451756,"08.sin especificar","diabetes",NA,NA,NA
"factor(month)9",0.0611318990826883,0.824000050547392,0.0741891933648278,0.941017494539993,"08.sin especificar","diabetes",NA,NA,NA
"factor(month)10",-1.24664385030999,0.847551801238669,-1.47087629155889,0.144664261639628,"08.sin especificar","diabetes",NA,NA,NA
"factor(month)11",-0.895449564140224,0.801156059868492,-1.11769679965625,0.266544995713815,"08.sin especificar","diabetes",NA,NA,NA
"factor(month)12",-1.06016839331257,0.856911073519265,-1.23719768138663,0.219095497467209,"08.sin especificar","diabetes",NA,NA,NA
"covid:factor(anio_def)2020",-0.0629954075288273,0.55957574094608,-0.112577088174552,0.910605915708314,"08.sin especificar","diabetes",NA,NA,NA
"covid:factor(anio_def)2021",-0.0475241666170971,0.559378016869305,-0.0849589458003332,0.93247471706707,"08.sin especificar","diabetes",NA,NA,NA
"covid:factor(anio_def)2022",0.00800807631667917,0.559812437767984,0.0143049274657205,0.98861702621324,"08.sin especificar","diabetes",NA,NA,NA
"covid:factor(anio_def)2023",-0.311158201285014,0.655444271964101,-0.474728691048896,0.63608144904543,"08.sin especificar","diabetes",NA,NA,NA
NA,NA,NA,NA,NA,"08.sin especificar","diabetes",2015,0.0645656416644812,0.558368199472475
NA,NA,NA,NA,NA,"08.sin especificar","diabetes",2016,NA,0.558368199472475
NA,NA,NA,NA,NA,"08.sin especificar","diabetes",2017,NA,0.558368199472475
NA,NA,NA,NA,NA,"08.sin especificar","diabetes",2018,NA,0.558368199472475
NA,NA,NA,NA,NA,"08.sin especificar","diabetes",2019,NA,0.558368199472475
NA,NA,NA,NA,NA,"08.sin especificar","diabetes",2020,0.00157023413565388,0.00982347182066129
NA,NA,NA,NA,NA,"08.sin especificar","diabetes",2021,0.0170414750473841,0.015902423123679
NA,NA,NA,NA,NA,"08.sin especificar","diabetes",2022,0.0725737179811604,0.10812769594283
NA,NA,NA,NA,NA,"08.sin especificar","diabetes",2023,-0.246592559620533,0.37396532711075
NA,NA,NA,NA,NA,"08.sin especificar","diabetes",2024,NA,0.558368199472475
"(Intercept)",0.00216616240487449,0.266832611206704,0.00811805721601419,0.993540002770822,"08.sin especificar","alzheimer",NA,NA,NA
"covid",-0.049818514566413,0.115484827895745,-0.43138579737407,0.66717562293679,"08.sin especificar","alzheimer",NA,NA,NA
"factor(anio_def)2016",0.316666666666634,0.314507744774789,1.0068644474666,0.316584748473,"08.sin especificar","alzheimer",NA,NA,NA
"factor(anio_def)2017",0.633333333333297,0.300528256178054,2.10740028704012,0.0377448598160278,"08.sin especificar","alzheimer",NA,NA,NA
"factor(anio_def)2018",-0.0500000000000683,0.199805763834299,-0.250243031234743,0.802945521804686,"08.sin especificar","alzheimer",NA,NA,NA
"factor(anio_def)2019",0.183333333333261,0.243473112065802,0.752992113904196,0.453336383949952,"08.sin especificar","alzheimer",NA,NA,NA
"factor(anio_def)2020",0.341364535208308,0.247466179104311,1.37943914778115,0.1710323152141,"08.sin especificar","alzheimer",NA,NA,NA
"factor(anio_def)2021",0.431846891019105,0.281261996133145,1.53539012364357,0.128047203543867,"08.sin especificar","alzheimer",NA,NA,NA
"factor(anio_def)2022",0.230473130793394,0.210948223742788,1.09255781681486,0.277380201061121,"08.sin especificar","alzheimer",NA,NA,NA
"factor(anio_def)2023",0.407335779951761,0.189591171365152,2.14849550756366,0.0342443353404366,"08.sin especificar","alzheimer",NA,NA,NA
"factor(anio_def)2024",0.449939504855295,0.228249761682748,1.97125947268537,0.0516348360334474,"08.sin especificar","alzheimer",NA,NA,NA
"factor(month)2",-0.231835604082779,0.218935166256108,-1.05892355279088,0.292348112239045,"08.sin especificar","alzheimer",NA,NA,NA
"factor(month)3",-0.3828735688349,0.240527036096411,-1.5918109458657,0.114784670222415,"08.sin especificar","alzheimer",NA,NA,NA
"factor(month)4",-0.221560136731996,0.253168378706922,-0.875149328931331,0.383723340178515,"08.sin especificar","alzheimer",NA,NA,NA
"factor(month)5",-0.0708438394859314,0.365270337562051,-0.193949062381494,0.846634278159227,"08.sin especificar","alzheimer",NA,NA,NA
"factor(month)6",0.134204850406705,0.359963778173842,0.372828763737145,0.710115254428835,"08.sin especificar","alzheimer",NA,NA,NA
"factor(month)7",-0.34635351714413,0.268842941484348,-1.28831173781921,0.200799598243491,"08.sin especificar","alzheimer",NA,NA,NA
"factor(month)8",-0.540375593376865,0.22782262079945,-2.37191369092603,0.0197348386382089,"08.sin especificar","alzheimer",NA,NA,NA
"factor(month)9",-0.0848506178151322,0.310616775522048,-0.273168175390802,0.785323202174562,"08.sin especificar","alzheimer",NA,NA,NA
"factor(month)10",-0.394852132874665,0.230634468206455,-1.71202568265386,0.0901892913560694,"08.sin especificar","alzheimer",NA,NA,NA
"factor(month)11",-0.360337369780756,0.256339082486829,-1.40570593561078,0.163108214330677,"08.sin especificar","alzheimer",NA,NA,NA
"factor(month)12",-0.126316419333123,0.235419532473021,-0.536558789350239,0.592840034249044,"08.sin especificar","alzheimer",NA,NA,NA
"covid:factor(anio_def)2020",0.0542250552550682,0.115725184503417,0.46856745562991,0.640463639915077,"08.sin especificar","alzheimer",NA,NA,NA
"covid:factor(anio_def)2021",0.0589398989140417,0.116156845111773,0.507416492392903,0.613051062016481,"08.sin especificar","alzheimer",NA,NA,NA
"covid:factor(anio_def)2022",0.0456765753283528,0.110983654282123,0.411561284621624,0.681597909123016,"08.sin especificar","alzheimer",NA,NA,NA
"covid:factor(anio_def)2023",-0.112857938574541,0.172170233286648,-0.65550203667694,0.513745682553605,"08.sin especificar","alzheimer",NA,NA,NA
NA,NA,NA,NA,NA,"08.sin especificar","alzheimer",2015,-0.049818514566413,0.115484827895745
NA,NA,NA,NA,NA,"08.sin especificar","alzheimer",2016,NA,0.115484827895745
NA,NA,NA,NA,NA,"08.sin especificar","alzheimer",2017,NA,0.115484827895745
NA,NA,NA,NA,NA,"08.sin especificar","alzheimer",2018,NA,0.115484827895745
NA,NA,NA,NA,NA,"08.sin especificar","alzheimer",2019,NA,0.115484827895745
NA,NA,NA,NA,NA,"08.sin especificar","alzheimer",2020,0.00440654068865519,0.0033185924367191
NA,NA,NA,NA,NA,"08.sin especificar","alzheimer",2021,0.00912138434762869,0.00510434482111052
NA,NA,NA,NA,NA,"08.sin especificar","alzheimer",2022,-0.00414193923806022,0.0117428120989469
NA,NA,NA,NA,NA,"08.sin especificar","alzheimer",2023,-0.162676453140954,0.125769831536356
NA,NA,NA,NA,NA,"08.sin especificar","alzheimer",2024,NA,0.115484827895745
"(Intercept)",-0.244789639338571,0.30061772477348,-0.814288776628268,0.4175376368604,"08.sin especificar","metabolic",NA,NA,NA
"covid",0.084741951156287,0.246188471717645,0.344215756997258,0.731452884842852,"08.sin especificar","metabolic",NA,NA,NA
"factor(anio_def)2016",-0.0333333333333174,0.318751212621909,-0.104574765564441,0.916936050860181,"08.sin especificar","metabolic",NA,NA,NA
"factor(anio_def)2017",0.100000000000018,0.318593938306352,0.313879167104116,0.754308315582411,"08.sin especificar","metabolic",NA,NA,NA
"factor(anio_def)2018",-0.0999999999999801,0.326939342862691,-0.305867134632305,0.760382176627882,"08.sin especificar","metabolic",NA,NA,NA
"factor(anio_def)2019",0.033333333333355,0.342926348332594,0.0972026019447941,0.922772455521703,"08.sin especificar","metabolic",NA,NA,NA
"factor(anio_def)2020",-0.15300396556028,0.365100650063736,-0.419073385746012,0.676118591827428,"08.sin especificar","metabolic",NA,NA,NA
"factor(anio_def)2021",-0.350782278590236,0.341054560871149,-1.02852246776656,0.306343441454113,"08.sin especificar","metabolic",NA,NA,NA
"factor(anio_def)2022",-0.651136604727931,0.271527351668688,-2.39805161699671,0.0184580580919816,"08.sin especificar","metabolic",NA,NA,NA
"factor(anio_def)2023",-0.843320093041312,0.264898026692513,-3.18356502526996,0.00197306152872425,"08.sin especificar","metabolic",NA,NA,NA
"factor(anio_def)2024",-0.494913983718717,0.350373454913755,-1.41253276119488,0.161095486633503,"08.sin especificar","metabolic",NA,NA,NA
"factor(month)2",0.360244529838106,0.369401247022462,0.975212002509024,0.33195812023811,"08.sin especificar","metabolic",NA,NA,NA
"factor(month)3",-0.241480181802115,0.302348214267989,-0.798682348386806,0.426487975215504,"08.sin especificar","metabolic",NA,NA,NA
"factor(month)4",0.07398422924318,0.278560722080987,0.265594620413392,0.791133050402908,"08.sin especificar","metabolic",NA,NA,NA
"factor(month)5",0.592184815690148,0.429853293348906,1.3776440121618,0.171584380571759,"08.sin especificar","metabolic",NA,NA,NA
"factor(month)6",0.604722573770869,0.330524293184796,1.82958586173504,0.0704818026431195,"08.sin especificar","metabolic",NA,NA,NA
"factor(month)7",0.503814927648,0.368384918409658,1.36763179617396,0.174688362044331,"08.sin especificar","metabolic",NA,NA,NA
"factor(month)8",0.40075112971267,0.343254206505582,1.16750537099726,0.245959301119156,"08.sin especificar","metabolic",NA,NA,NA
"factor(month)9",-0.121549152229434,0.320575736527107,-0.379158926830247,0.705424986592067,"08.sin especificar","metabolic",NA,NA,NA
"factor(month)10",0.326774423437653,0.338168086150551,0.966307693778573,0.336369799907,"08.sin especificar","metabolic",NA,NA,NA
"factor(month)11",0.0426942393851792,0.292378314758072,0.146023960157601,0.884215164514242,"08.sin especificar","metabolic",NA,NA,NA
"factor(month)12",0.395334137464504,0.371783873437708,1.06334396327909,0.290350063783846,"08.sin especificar","metabolic",NA,NA,NA
"covid:factor(anio_def)2020",-0.0804918410018341,0.245981693852055,-0.327226956369549,0.744223833077873,"08.sin especificar","metabolic",NA,NA,NA
"covid:factor(anio_def)2021",-0.0854061067552999,0.246807476683806,-0.346043433946357,0.730083389880556,"08.sin especificar","metabolic",NA,NA,NA
"covid:factor(anio_def)2022",-0.109400969737895,0.240278922578084,-0.455308224974844,0.649937450464397,"08.sin especificar","metabolic",NA,NA,NA
"covid:factor(anio_def)2023",0.555205087675803,0.296289442214642,1.87386051803221,0.064055949547118,"08.sin especificar","metabolic",NA,NA,NA
NA,NA,NA,NA,NA,"08.sin especificar","metabolic",2015,0.084741951156287,0.246188471717645
NA,NA,NA,NA,NA,"08.sin especificar","metabolic",2016,NA,0.246188471717645
NA,NA,NA,NA,NA,"08.sin especificar","metabolic",2017,NA,0.246188471717645
NA,NA,NA,NA,NA,"08.sin especificar","metabolic",2018,NA,0.246188471717645
NA,NA,NA,NA,NA,"08.sin especificar","metabolic",2019,NA,0.246188471717645
NA,NA,NA,NA,NA,"08.sin especificar","metabolic",2020,0.00425011015445288,0.00749794113271698
NA,NA,NA,NA,NA,"08.sin especificar","metabolic",2021,-0.000664155599012853,0.00613657952776746
NA,NA,NA,NA,NA,"08.sin especificar","metabolic",2022,-0.0246590185816083,0.0193607872407007
NA,NA,NA,NA,NA,"08.sin especificar","metabolic",2023,0.63994703883209,0.164837539386977
NA,NA,NA,NA,NA,"08.sin especificar","metabolic",2024,NA,0.246188471717645
"(Intercept)",0.0308566405709717,0.272361065906423,0.113293140736838,0.910039766251142,"08.sin especificar","anemia",NA,NA,NA
"covid",-0.339290486374571,0.229189657964478,-1.48039178289257,0.14211272591918,"08.sin especificar","anemia",NA,NA,NA
"factor(anio_def)2016",-0.0835068746294482,0.211501682811165,-0.39482841705806,0.693863985357997,"08.sin especificar","anemia",NA,NA,NA
"factor(anio_def)2017",0.416319584074438,0.287078919830218,1.4501921085695,0.150333534739257,"08.sin especificar","anemia",NA,NA,NA
"factor(anio_def)2018",0.0828127094449902,0.294553560759562,0.281146523000578,0.779215948832137,"08.sin especificar","anemia",NA,NA,NA
"factor(anio_def)2019",0.0826391681488764,0.243132415363456,0.339893666689158,0.734694920068409,"08.sin especificar","anemia",NA,NA,NA
"factor(anio_def)2020",-0.194198676172821,0.283810215241238,-0.684255413455617,0.495497426295182,"08.sin especificar","anemia",NA,NA,NA
"factor(anio_def)2021",0.582327260041218,0.520446320471879,1.11889975418259,0.266034029073203,"08.sin especificar","anemia",NA,NA,NA
"factor(anio_def)2022",0.295409563661501,0.291893007145395,1.01204741610803,0.314113367050441,"08.sin especificar","anemia",NA,NA,NA
"factor(anio_def)2023",-0.0257553393344478,0.243320914230184,-0.105849262550785,0.915927507269876,"08.sin especificar","anemia",NA,NA,NA
"factor(anio_def)2024",0.611534957126496,0.316424572782512,1.93264053973085,0.0562907337971435,"08.sin especificar","anemia",NA,NA,NA
"factor(month)2",-0.287142280196701,0.258566147981705,-1.11051768546677,0.269608657642986,"08.sin especificar","anemia",NA,NA,NA
"factor(month)3",-0.216469688030218,0.257263244305211,-0.841432629114338,0.402241125527226,"08.sin especificar","anemia",NA,NA,NA
"factor(month)4",-0.330355727811131,0.251375637649583,-1.31419150598693,0.191979693920123,"08.sin especificar","anemia",NA,NA,NA
"factor(month)5",0.558761448277453,0.386847270383096,1.44439806367022,0.151952081940233,"08.sin especificar","anemia",NA,NA,NA
"factor(month)6",-0.266730220515244,0.267876181553225,-0.995722049525505,0.321941525276179,"08.sin especificar","anemia",NA,NA,NA
"factor(month)7",0.0969788557945975,0.373153114059879,0.259890249178078,0.795516821895618,"08.sin especificar","anemia",NA,NA,NA
"factor(month)8",-0.383715330809808,0.289886108437533,-1.32367615984777,0.188820819833784,"08.sin especificar","anemia",NA,NA,NA
"factor(month)9",0.0583721276858229,0.418548742282243,0.139463153962748,0.889382544113153,"08.sin especificar","anemia",NA,NA,NA
"factor(month)10",-0.0982904995628536,0.35458336582833,-0.277199973363783,0.78223524308281,"08.sin especificar","anemia",NA,NA,NA
"factor(month)11",-0.24564847064767,0.337989698128256,-0.726792775069892,0.469159007466031,"08.sin especificar","anemia",NA,NA,NA
"factor(month)12",-0.452269473545045,0.261016826109287,-1.73272152713895,0.086424773070972,"08.sin especificar","anemia",NA,NA,NA
"covid:factor(anio_def)2020",0.349290420717874,0.229526673300396,1.52178575019355,0.131419748168466,"08.sin especificar","anemia",NA,NA,NA
"covid:factor(anio_def)2021",0.339289015664414,0.230056135919832,1.47480967768079,0.143605250355398,"08.sin especificar","anemia",NA,NA,NA
"covid:factor(anio_def)2022",0.375303180554281,0.226875553103249,1.65422486213613,0.101417467425217,"08.sin especificar","anemia",NA,NA,NA
"covid:factor(anio_def)2023",0.103425188903375,0.31196968293625,0.33152320420991,0.740987305384278,"08.sin especificar","anemia",NA,NA,NA
NA,NA,NA,NA,NA,"08.sin especificar","anemia",2015,-0.339290486374571,0.229189657964478
NA,NA,NA,NA,NA,"08.sin especificar","anemia",2016,NA,0.229189657964478
NA,NA,NA,NA,NA,"08.sin especificar","anemia",2017,NA,0.229189657964478
NA,NA,NA,NA,NA,"08.sin especificar","anemia",2018,NA,0.229189657964478
NA,NA,NA,NA,NA,"08.sin especificar","anemia",2019,NA,0.229189657964478
NA,NA,NA,NA,NA,"08.sin especificar","anemia",2020,0.00999993434330304,0.00872208144194577
NA,NA,NA,NA,NA,"08.sin especificar","anemia",2021,-1.47071015643707e-06,0.0119092821135496
NA,NA,NA,NA,NA,"08.sin especificar","anemia",2022,0.0360126941797099,0.0213160650163423
NA,NA,NA,NA,NA,"08.sin especificar","anemia",2023,-0.235865297471196,0.193125264035222
NA,NA,NA,NA,NA,"08.sin especificar","anemia",2024,NA,0.229189657964478
