"age","grupo_etario","anio_def","mes_def","obs","covid","resp","circ","diabetes","alzheimer","metabolic","anemia","fecha","month","pred","pred.lower","pred.upper","excess","post2021"
"01.menor a 20 anios","01.menor a 20 anios",2015,"01",1134,0,41,16,1,0,3,8,2015-01-01,1,1133.48333333329,1095.39109687701,1171.57556978958,0.516666666706442,0
"01.menor a 20 anios","01.menor a 20 anios",2015,"02",1031,0,38,22,0,0,9,4,2015-02-01,2,1041.88333333335,1003.79109687706,1079.97556978964,-10.8833333333459,0
"01.menor a 20 anios","01.menor a 20 anios",2015,"03",1062,0,61,27,0,0,7,3,2015-03-01,3,1093.28333333331,1055.19109687702,1131.3755697896,-31.283333333311,0
"01.menor a 20 anios","01.menor a 20 anios",2015,"04",1030,0,58,22,0,0,9,2,2015-04-01,4,1032.28333333331,994.191096877023,1070.3755697896,-2.28333333331011,0
"01.menor a 20 anios","01.menor a 20 anios",2015,"05",1098,0,76,18,0,0,8,2,2015-05-01,5,1118.88333333331,1080.79109687702,1156.9755697896,-20.8833333333087,0
"01.menor a 20 anios","01.menor a 20 anios",2015,"06",1165,0,113,21,0,0,8,4,2015-06-01,6,1202.68333333331,1164.59109687702,1240.7755697896,-37.6833333333102,0
"01.menor a 20 anios","01.menor a 20 anios",2015,"07",1187,0,146,27,2,0,14,5,2015-07-01,7,1195.08333333331,1156.99109687703,1233.1755697896,-8.08333333331325,0
"01.menor a 20 anios","01.menor a 20 anios",2015,"08",1067,0,97,27,1,0,6,2,2015-08-01,8,1084.68333333331,1046.59109687702,1122.7755697896,-17.6833333333118,0
"01.menor a 20 anios","01.menor a 20 anios",2015,"09",1079,0,83,25,1,0,5,1,2015-09-01,9,1033.08333333331,994.991096877024,1071.1755697896,45.9166666666883,0
"01.menor a 20 anios","01.menor a 20 anios",2015,"10",1015,0,71,21,1,0,6,1,2015-10-01,10,1032.68333333331,994.591096877025,1070.7755697896,-17.6833333333118,0
"01.menor a 20 anios","01.menor a 20 anios",2015,"11",923,0,46,22,1,0,7,4,2015-11-01,11,989.683333333309,951.591096877022,1027.7755697896,-66.6833333333087,0
"01.menor a 20 anios","01.menor a 20 anios",2015,"12",1136,0,59,25,1,0,7,2,2015-12-01,12,1074.88333333331,1036.79109687702,1112.9755697896,61.1166666666898,0
"01.menor a 20 anios","01.menor a 20 anios",2016,"01",1089,0,49,20,1,0,10,5,2016-01-01,1,1080.14166666663,1044.14788647176,1116.13544686151,8.85833333336632,0
"01.menor a 20 anios","01.menor a 20 anios",2016,"02",1059,0,54,24,0,0,7,5,2016-02-01,2,988.541666666686,952.547886471812,1024.53544686156,70.4583333333139,0
"01.menor a 20 anios","01.menor a 20 anios",2016,"03",1008,0,59,25,1,0,6,6,2016-03-01,3,1039.94166666665,1003.94788647178,1075.93544686152,-31.9416666666511,0
"01.menor a 20 anios","01.menor a 20 anios",2016,"04",997,0,69,20,1,0,7,2,2016-04-01,4,978.94166666665,942.947886471777,1014.93544686152,18.0583333333497,0
"01.menor a 20 anios","01.menor a 20 anios",2016,"05",1149,0,113,29,2,0,12,4,2016-05-01,5,1065.54166666665,1029.54788647177,1101.53544686152,83.4583333333512,0
"01.menor a 20 anios","01.menor a 20 anios",2016,"06",1224,0,174,34,4,0,7,4,2016-06-01,6,1149.34166666665,1113.34788647178,1185.33544686152,74.6583333333497,0
"01.menor a 20 anios","01.menor a 20 anios",2016,"07",1122,0,137,28,1,0,5,3,2016-07-01,7,1141.74166666665,1105.74788647178,1177.73544686153,-19.7416666666534,0
"01.menor a 20 anios","01.menor a 20 anios",2016,"08",1030,0,102,30,1,0,7,3,2016-08-01,8,1031.34166666665,995.347886471778,1067.33544686153,-1.34166666665192,0
"01.menor a 20 anios","01.menor a 20 anios",2016,"09",951,0,93,24,2,0,5,3,2016-09-01,9,979.741666666652,943.747886471778,1015.73544686153,-28.7416666666518,0
"01.menor a 20 anios","01.menor a 20 anios",2016,"10",930,0,56,26,1,0,7,5,2016-10-01,10,979.341666666652,943.347886471778,1015.33544686153,-49.3416666666519,0
"01.menor a 20 anios","01.menor a 20 anios",2016,"11",940,0,63,21,0,0,8,2,2016-11-01,11,936.341666666649,900.347886471775,972.335446861523,3.65833333335115,0
"01.menor a 20 anios","01.menor a 20 anios",2016,"12",999,0,41,19,2,0,10,1,2016-12-01,12,1021.54166666665,985.547886471777,1057.53544686152,-22.5416666666504,0
"01.menor a 20 anios","01.menor a 20 anios",2017,"01",1055,0,42,28,0,0,10,4,2017-01-01,1,1026.79999999996,991.533441843419,1062.0665581565,28.2000000000407,0
"01.menor a 20 anios","01.menor a 20 anios",2017,"02",945,0,44,31,1,0,9,2,2017-02-01,2,935.200000000012,899.933441843472,970.466558156551,9.79999999998836,0
"01.menor a 20 anios","01.menor a 20 anios",2017,"03",987,0,51,25,2,0,9,1,2017-03-01,3,986.599999999977,951.333441843437,1021.86655815652,0.400000000023283,0
"01.menor a 20 anios","01.menor a 20 anios",2017,"04",893,0,47,22,0,0,8,4,2017-04-01,4,925.599999999976,890.333441843436,960.866558156516,-32.5999999999759,0
"01.menor a 20 anios","01.menor a 20 anios",2017,"05",1025,0,79,26,4,0,5,4,2017-05-01,5,1012.19999999997,976.933441843435,1047.46655815651,12.8000000000255,0
"01.menor a 20 anios","01.menor a 20 anios",2017,"06",1157,0,152,31,2,0,13,5,2017-06-01,6,1095.99999999998,1060.73344184344,1131.26655815652,61.0000000000241,0
"01.menor a 20 anios","01.menor a 20 anios",2017,"07",1078,0,107,29,1,0,10,1,2017-07-01,7,1088.39999999998,1053.13344184344,1123.66655815652,-10.3999999999789,0
"01.menor a 20 anios","01.menor a 20 anios",2017,"08",926,0,73,29,1,0,3,3,2017-08-01,8,977.999999999977,942.733441843438,1013.26655815652,-51.9999999999774,0
"01.menor a 20 anios","01.menor a 20 anios",2017,"09",916,0,63,18,2,0,9,4,2017-09-01,9,926.399999999977,891.133441843438,961.666558156517,-10.3999999999774,0
"01.menor a 20 anios","01.menor a 20 anios",2017,"10",978,0,62,26,2,0,10,5,2017-10-01,10,925.999999999977,890.733441843438,961.266558156517,52.0000000000225,0
"01.menor a 20 anios","01.menor a 20 anios",2017,"11",894,0,45,20,1,0,12,0,2017-11-01,11,882.999999999974,847.733441843435,918.266558156514,11.0000000000256,0
"01.menor a 20 anios","01.menor a 20 anios",2017,"12",970,0,58,19,1,0,10,1,2017-12-01,12,968.199999999976,932.933441843436,1003.46655815652,1.80000000002406,0
"01.menor a 20 anios","01.menor a 20 anios",2018,"01",962,0,47,24,0,0,8,2,2018-01-01,1,973.458333333299,937.464553138425,1009.45211352817,-11.4583333332994,0
"01.menor a 20 anios","01.menor a 20 anios",2018,"02",836,0,51,24,2,0,7,2,2018-02-01,2,881.858333333352,845.864553138479,917.852113528224,-45.8583333333518,0
"01.menor a 20 anios","01.menor a 20 anios",2018,"03",1002,0,64,22,2,0,13,1,2018-03-01,3,933.258333333317,897.264553138444,969.25211352819,68.7416666666832,0
"01.menor a 20 anios","01.menor a 20 anios",2018,"04",895,0,52,16,1,0,5,5,2018-04-01,4,872.258333333316,836.264553138443,908.25211352819,22.741666666684,0
"01.menor a 20 anios","01.menor a 20 anios",2018,"05",921,0,49,32,1,0,6,2,2018-05-01,5,958.858333333315,922.864553138441,994.852113528188,-37.8583333333146,0
"01.menor a 20 anios","01.menor a 20 anios",2018,"06",973,0,97,20,2,0,7,1,2018-06-01,6,1042.65833333332,1006.66455313844,1078.65211352819,-69.658333333316,0
"01.menor a 20 anios","01.menor a 20 anios",2018,"07",1051,0,119,24,0,1,10,2,2018-07-01,7,1035.05833333332,999.064553138446,1071.05211352819,15.9416666666809,0
"01.menor a 20 anios","01.menor a 20 anios",2018,"08",986,0,97,33,1,0,7,2,2018-08-01,8,924.658333333318,888.664553138444,960.652113528191,61.3416666666825,0
"01.menor a 20 anios","01.menor a 20 anios",2018,"09",863,0,73,26,1,0,10,1,2018-09-01,9,873.058333333317,837.064553138444,909.052113528191,-10.0583333333175,0
"01.menor a 20 anios","01.menor a 20 anios",2018,"10",864,0,66,19,0,0,5,0,2018-10-01,10,872.658333333318,836.664553138444,908.652113528191,-8.65833333331761,0
"01.menor a 20 anios","01.menor a 20 anios",2018,"11",820,0,49,18,1,0,9,5,2018-11-01,11,829.658333333315,793.664553138441,865.652113528188,-9.65833333331454,0
"01.menor a 20 anios","01.menor a 20 anios",2018,"12",902,0,56,24,2,0,9,1,2018-12-01,12,914.858333333316,878.864553138443,950.85211352819,-12.8583333333161,0
"01.menor a 20 anios","01.menor a 20 anios",2019,"01",894,0,51,21,0,0,4,2,2019-01-01,1,920.11666666664,882.024430210351,958.208903122928,-26.1166666666395,0
"01.menor a 20 anios","01.menor a 20 anios",2019,"02",805,0,33,14,1,0,4,5,2019-02-01,2,828.516666666692,790.424430210406,866.608903122978,-23.5166666666919,0
"01.menor a 20 anios","01.menor a 20 anios",2019,"03",874,0,51,27,2,0,7,0,2019-03-01,3,879.916666666657,841.82443021037,918.008903122943,-5.91666666665697,0
"01.menor a 20 anios","01.menor a 20 anios",2019,"04",813,0,61,16,2,0,7,1,2019-04-01,4,818.916666666656,780.824430210369,857.008903122944,-5.91666666665617,0
"01.menor a 20 anios","01.menor a 20 anios",2019,"05",868,0,73,26,1,0,6,3,2019-05-01,5,905.516666666655,867.424430210368,943.608903122942,-37.5166666666547,0
"01.menor a 20 anios","01.menor a 20 anios",2019,"06",961,0,137,21,2,0,11,3,2019-06-01,6,989.316666666656,951.224430210369,1027.40890312294,-28.3166666666561,0
"01.menor a 20 anios","01.menor a 20 anios",2019,"07",1004,0,100,25,3,0,12,1,2019-07-01,7,981.716666666659,943.624430210372,1019.80890312295,22.2833333333408,0
"01.menor a 20 anios","01.menor a 20 anios",2019,"08",881,0,89,15,2,0,7,2,2019-08-01,8,871.316666666658,833.224430210371,909.408903122945,9.68333333334238,0
"01.menor a 20 anios","01.menor a 20 anios",2019,"09",823,0,67,14,1,0,7,3,2019-09-01,9,819.716666666658,781.624430210371,857.808903122945,3.2833333333424,0
"01.menor a 20 anios","01.menor a 20 anios",2019,"10",843,0,54,26,3,0,6,3,2019-10-01,10,819.316666666658,781.224430210371,857.408903122945,23.6833333333423,0
"01.menor a 20 anios","01.menor a 20 anios",2019,"11",838,0,54,13,1,0,7,3,2019-11-01,11,776.316666666655,738.224430210367,814.408903122942,61.6833333333453,0
"01.menor a 20 anios","01.menor a 20 anios",2019,"12",834,0,45,18,0,0,10,1,2019-12-01,12,861.516666666656,823.424430210369,899.608903122944,-27.5166666666562,0
"01.menor a 20 anios","01.menor a 20 anios",2020,"01",852,0,42,19,1,0,4,3,2020-01-01,1,866.774999999965,825.421294956969,908.128705042961,-14.7749999999651,0
"01.menor a 20 anios","01.menor a 20 anios",2020,"02",763,0,46,19,2,0,7,1,2020-02-01,2,775.175000000017,733.821294957025,816.52870504301,-12.1750000000175,0
"01.menor a 20 anios","01.menor a 20 anios",2020,"03",735,0,49,12,2,0,6,1,2020-03-01,3,826.574999999983,785.221294956988,867.928705042977,-91.5749999999825,0
"01.menor a 20 anios","01.menor a 20 anios",2020,"04",622,1,30,15,0,0,7,0,2020-04-01,4,765.574999999982,724.221294956987,806.928705042977,-143.574999999982,0
"01.menor a 20 anios","01.menor a 20 anios",2020,"05",676,3,28,16,2,0,6,2,2020-05-01,5,852.17499999998,810.821294956985,893.528705042975,-176.17499999998,0
"01.menor a 20 anios","01.menor a 20 anios",2020,"06",657,4,39,27,2,0,7,1,2020-06-01,6,935.974999999982,894.621294956987,977.328705042977,-278.974999999982,0
"01.menor a 20 anios","01.menor a 20 anios",2020,"07",664,16,41,25,0,0,4,2,2020-07-01,7,928.374999999985,887.02129495699,969.72870504298,-264.374999999985,0
"01.menor a 20 anios","01.menor a 20 anios",2020,"08",657,25,17,24,2,0,6,0,2020-08-01,8,817.974999999983,776.621294956988,859.328705042978,-160.974999999983,0
"01.menor a 20 anios","01.menor a 20 anios",2020,"09",652,21,35,20,1,0,8,1,2020-09-01,9,766.374999999983,725.021294956988,807.728705042978,-114.374999999983,0
"01.menor a 20 anios","01.menor a 20 anios",2020,"10",720,30,23,17,4,0,6,2,2020-10-01,10,765.974999999983,724.621294956988,807.328705042978,-45.9749999999833,0
"01.menor a 20 anios","01.menor a 20 anios",2020,"11",698,20,29,23,5,0,7,3,2020-11-01,11,722.97499999998,681.621294956985,764.328705042975,-24.9749999999802,0
"01.menor a 20 anios","01.menor a 20 anios",2020,"12",723,9,28,15,1,0,2,2,2020-12-01,12,808.174999999982,766.821294956987,849.528705042977,-85.1749999999818,0
"01.menor a 20 anios","01.menor a 20 anios",2021,"01",752,13,37,24,1,0,8,6,2021-01-01,1,813.433333333305,767.904402527267,858.962264139344,-61.4333333333052,1
"01.menor a 20 anios","01.menor a 20 anios",2021,"02",679,9,29,26,0,0,3,1,2021-02-01,2,721.833333333358,676.304402527324,767.362264139392,-42.8333333333576,1
"01.menor a 20 anios","01.menor a 20 anios",2021,"03",671,12,29,20,1,0,6,2,2021-03-01,3,773.233333333323,727.704402527286,818.762264139359,-102.233333333323,1
"01.menor a 20 anios","01.menor a 20 anios",2021,"04",669,18,36,18,4,0,2,1,2021-04-01,4,712.233333333322,666.704402527285,757.762264139359,-43.2333333333219,1
"01.menor a 20 anios","01.menor a 20 anios",2021,"05",696,35,33,27,1,0,3,2,2021-05-01,5,798.83333333332,753.304402527283,844.362264139358,-102.83333333332,1
"01.menor a 20 anios","01.menor a 20 anios",2021,"06",783,45,40,30,2,0,5,4,2021-06-01,6,882.633333333322,837.104402527285,928.162264139359,-99.6333333333218,1
"01.menor a 20 anios","01.menor a 20 anios",2021,"07",768,35,46,22,3,0,6,0,2021-07-01,7,875.033333333325,829.504402527288,920.562264139362,-107.033333333325,1
"01.menor a 20 anios","01.menor a 20 anios",2021,"08",764,29,52,14,1,0,7,2,2021-08-01,8,764.633333333323,719.104402527286,810.16226413936,-0.633333333323321,1
"01.menor a 20 anios","01.menor a 20 anios",2021,"09",656,3,37,14,2,0,11,3,2021-09-01,9,713.033333333323,667.504402527286,758.56226413936,-57.0333333333233,1
"01.menor a 20 anios","01.menor a 20 anios",2021,"10",679,3,36,21,0,0,8,3,2021-10-01,10,712.633333333323,667.104402527286,758.16226413936,-33.6333333333234,1
"01.menor a 20 anios","01.menor a 20 anios",2021,"11",705,3,26,21,2,0,5,1,2021-11-01,11,669.63333333332,624.104402527283,715.162264139358,35.3666666666796,1
"01.menor a 20 anios","01.menor a 20 anios",2021,"12",767,7,35,23,2,0,9,2,2021-12-01,12,754.833333333322,709.304402527285,800.362264139359,12.1666666666781,1
"01.menor a 20 anios","01.menor a 20 anios",2022,"01",860,81,45,22,3,0,6,5,2022-01-01,1,760.091666666631,709.700374393902,810.48295893936,99.9083333333692,1
"01.menor a 20 anios","01.menor a 20 anios",2022,"02",687,31,30,16,2,0,6,2,2022-02-01,2,668.491666666683,618.100374393959,718.882958939407,18.5083333333168,1
"01.menor a 20 anios","01.menor a 20 anios",2022,"03",777,11,41,27,5,0,5,2,2022-03-01,3,719.891666666648,669.500374393921,770.282958939375,57.1083333333518,1
"01.menor a 20 anios","01.menor a 20 anios",2022,"04",659,3,51,26,2,0,6,0,2022-04-01,4,658.891666666647,608.50037439392,709.282958939375,0.108333333352562,1
"01.menor a 20 anios","01.menor a 20 anios",2022,"05",753,2,72,20,0,0,6,1,2022-05-01,5,745.491666666646,695.100374393919,795.882958939373,7.50833333335402,1
"01.menor a 20 anios","01.menor a 20 anios",2022,"06",819,7,88,29,1,0,10,3,2022-06-01,6,829.291666666647,778.90037439392,879.682958939375,-10.2916666666474,1
"01.menor a 20 anios","01.menor a 20 anios",2022,"07",748,10,71,27,2,0,0,1,2022-07-01,7,821.69166666665,771.300374393923,872.082958939378,-73.6916666666505,1
"01.menor a 20 anios","01.menor a 20 anios",2022,"08",721,9,51,23,2,0,4,2,2022-08-01,8,711.291666666649,660.900374393922,761.682958939376,9.70833333335111,1
"01.menor a 20 anios","01.menor a 20 anios",2022,"09",685,6,52,20,1,0,7,2,2022-09-01,9,659.691666666649,609.300374393922,710.082958939376,25.3083333333511,1
"01.menor a 20 anios","01.menor a 20 anios",2022,"10",773,1,81,33,0,0,8,2,2022-10-01,10,659.291666666649,608.900374393922,709.682958939376,113.708333333351,1
"01.menor a 20 anios","01.menor a 20 anios",2022,"11",758,2,76,33,1,0,6,3,2022-11-01,11,616.291666666646,565.900374393918,666.682958939373,141.708333333354,1
"01.menor a 20 anios","01.menor a 20 anios",2022,"12",705,5,43,20,1,0,5,1,2022-12-01,12,701.491666666647,651.10037439392,751.882958939375,3.50833333335254,1
"01.menor a 20 anios","01.menor a 20 anios",2023,"01",734,6,44,22,1,0,1,0,2023-01-01,1,706.749999999971,650.988675495377,762.511324504565,27.2500000000291,1
"01.menor a 20 anios","01.menor a 20 anios",2023,"02",582,0,27,16,1,0,5,0,2023-02-01,2,615.150000000023,559.388675495434,670.911324504612,-33.1500000000233,1
"01.menor a 20 anios","01.menor a 20 anios",2023,"03",717,0,41,27,2,0,2,0,2023-03-01,3,666.549999999988,610.788675495396,722.311324504581,50.4500000000116,1
"01.menor a 20 anios","01.menor a 20 anios",2023,"04",635,0,37,21,1,0,10,1,2023-04-01,4,605.549999999988,549.788675495395,661.31132450458,29.4500000000124,1
"01.menor a 20 anios","01.menor a 20 anios",2023,"05",641,1,58,22,0,0,6,1,2023-05-01,5,692.149999999986,636.388675495393,747.911324504579,-51.1499999999861,1
"01.menor a 20 anios","01.menor a 20 anios",2023,"06",755,0,77,37,1,0,1,2,2023-06-01,6,775.949999999988,720.188675495395,831.71132450458,-20.9499999999875,1
"01.menor a 20 anios","01.menor a 20 anios",2023,"07",695,1,65,27,0,0,6,2,2023-07-01,7,768.349999999991,712.588675495398,824.111324504583,-73.3499999999906,1
"01.menor a 20 anios","01.menor a 20 anios",2023,"08",682,2,52,31,0,0,5,2,2023-08-01,8,657.949999999989,602.188675495397,713.711324504582,24.050000000011,1
"01.menor a 20 anios","01.menor a 20 anios",2023,"09",599,3,49,16,0,0,9,1,2023-09-01,9,606.349999999989,550.588675495397,662.111324504581,-7.349999999989,1
"01.menor a 20 anios","01.menor a 20 anios",2023,"10",637,1,49,21,1,0,4,0,2023-10-01,10,605.949999999989,550.188675495397,661.711324504582,31.0500000000109,1
"01.menor a 20 anios","01.menor a 20 anios",2023,"11",585,1,35,19,3,0,5,4,2023-11-01,11,562.949999999986,507.188675495393,618.711324504579,22.0500000000139,1
"01.menor a 20 anios","01.menor a 20 anios",2023,"12",640,1,33,24,1,0,4,2,2023-12-01,12,648.149999999988,592.388675495395,703.91132450458,-8.14999999998759,1
"01.menor a 20 anios","01.menor a 20 anios",2024,"01",703,2,34,20,0,0,4,7,2024-01-01,1,653.408333333311,591.90213477484,714.914531891782,49.591666666689,1
"01.menor a 20 anios","01.menor a 20 anios",2024,"02",670,2,39,18,0,0,3,2,2024-02-01,2,561.808333333363,500.302134774897,623.314531891829,108.191666666637,1
"01.menor a 20 anios","01.menor a 20 anios",2024,"03",713,4,37,25,0,0,9,2,2024-03-01,3,613.208333333328,551.702134774859,674.714531891797,99.7916666666715,1
"01.menor a 20 anios","01.menor a 20 anios",2024,"04",636,0,34,24,0,0,6,1,2024-04-01,4,552.208333333328,490.702134774857,613.714531891798,83.7916666666723,1
"01.menor a 20 anios","01.menor a 20 anios",2024,"05",658,0,61,20,0,0,7,1,2024-05-01,5,638.808333333326,577.302134774857,700.314531891796,19.1916666666738,1
"01.menor a 20 anios","01.menor a 20 anios",2024,"06",612,1,57,13,3,0,5,5,2024-06-01,6,722.608333333328,661.102134774857,784.114531891798,-110.608333333328,1
"01.menor a 20 anios","01.menor a 20 anios",2024,"07",669,0,83,22,5,0,10,3,2024-07-01,7,715.008333333331,653.502134774861,776.5145318918,-46.0083333333307,1
"01.menor a 20 anios","01.menor a 20 anios",2024,"08",620,0,50,25,1,0,2,2,2024-08-01,8,604.608333333329,543.10213477486,666.114531891798,15.3916666666709,1
"01.menor a 20 anios","01.menor a 20 anios",2024,"09",594,0,45,26,3,0,7,0,2024-09-01,9,553.008333333329,491.50213477486,614.514531891798,40.9916666666709,1
"01.menor a 20 anios","01.menor a 20 anios",2024,"10",564,0,36,21,1,0,3,2,2024-10-01,10,552.608333333329,491.10213477486,614.114531891799,11.3916666666707,1
"01.menor a 20 anios","01.menor a 20 anios",2024,"11",529,2,23,20,0,0,3,3,2024-11-01,11,509.608333333326,448.102134774857,571.114531891796,19.3916666666738,1
"01.menor a 20 anios","01.menor a 20 anios",2024,"12",491,0,20,15,0,0,3,0,2024-12-01,12,594.808333333328,533.302134774857,656.314531891798,-103.808333333328,1
"02.de 20 a 39 anios","02.de 20 a 39 anios",2015,"01",1345,0,85,116,11,0,4,4,2015-01-01,1,1369.11666666666,1319.47320358837,1418.76012974496,-24.116666666665,0
"02.de 20 a 39 anios","02.de 20 a 39 anios",2015,"02",1195,0,70,97,9,0,1,3,2015-02-01,2,1252.51666666667,1202.87320358837,1302.16012974497,-57.5166666666719,0
"02.de 20 a 39 anios","02.de 20 a 39 anios",2015,"03",1351,0,79,122,12,0,2,4,2015-03-01,3,1298.11666666667,1248.47320358837,1347.76012974497,52.8833333333314,0
"02.de 20 a 39 anios","02.de 20 a 39 anios",2015,"04",1157,0,53,89,5,0,0,3,2015-04-01,4,1184.31666666667,1134.67320358837,1233.96012974496,-27.3166666666671,0
"02.de 20 a 39 anios","02.de 20 a 39 anios",2015,"05",1255,0,66,99,9,0,3,1,2015-05-01,5,1236.91666666667,1187.27320358837,1286.56012974496,18.083333333333,0
"02.de 20 a 39 anios","02.de 20 a 39 anios",2015,"06",1209,0,87,110,12,0,4,0,2015-06-01,6,1280.11666666667,1230.47320358837,1329.76012974496,-71.1166666666672,0
"02.de 20 a 39 anios","02.de 20 a 39 anios",2015,"07",1216,0,93,105,13,0,2,2,2015-07-01,7,1323.71666666667,1274.07320358837,1373.36012974496,-107.716666666668,0
"02.de 20 a 39 anios","02.de 20 a 39 anios",2015,"08",1183,0,93,125,13,0,3,0,2015-08-01,8,1253.51666666667,1203.87320358837,1303.16012974496,-70.5166666666673,0
"02.de 20 a 39 anios","02.de 20 a 39 anios",2015,"09",1187,0,89,108,16,0,5,3,2015-09-01,9,1228.51666666667,1178.87320358837,1278.16012974496,-41.5166666666673,0
"02.de 20 a 39 anios","02.de 20 a 39 anios",2015,"10",1185,0,77,95,12,0,3,2,2015-10-01,10,1236.31666666667,1186.67320358837,1285.96012974496,-51.3166666666675,0
"02.de 20 a 39 anios","02.de 20 a 39 anios",2015,"11",1221,0,70,98,9,0,5,0,2015-11-01,11,1224.31666666667,1174.67320358837,1273.96012974496,-3.31666666666706,0
"02.de 20 a 39 anios","02.de 20 a 39 anios",2015,"12",1349,0,71,119,15,0,0,0,2015-12-01,12,1335.71666666667,1286.07320358837,1385.36012974496,13.2833333333328,0
"02.de 20 a 39 anios","02.de 20 a 39 anios",2016,"01",1380,0,79,102,10,0,2,5,2016-01-01,1,1362.15833333333,1315.24966993138,1409.06699673529,17.841666666669,0
"02.de 20 a 39 anios","02.de 20 a 39 anios",2016,"02",1278,0,84,104,8,0,6,4,2016-02-01,2,1245.55833333334,1198.64966993138,1292.46699673529,32.4416666666621,0
"02.de 20 a 39 anios","02.de 20 a 39 anios",2016,"03",1273,0,65,96,15,0,1,1,2016-03-01,3,1291.15833333333,1244.24966993138,1338.06699673529,-18.1583333333347,0
"02.de 20 a 39 anios","02.de 20 a 39 anios",2016,"04",1177,0,103,102,16,0,4,2,2016-04-01,4,1177.35833333333,1130.44966993138,1224.26699673529,-0.358333333333121,0
"02.de 20 a 39 anios","02.de 20 a 39 anios",2016,"05",1353,0,143,129,22,0,7,2,2016-05-01,5,1229.95833333333,1183.04966993138,1276.86699673529,123.041666666667,0
"02.de 20 a 39 anios","02.de 20 a 39 anios",2016,"06",1350,0,187,141,24,0,8,5,2016-06-01,6,1273.15833333333,1226.24966993138,1320.06699673529,76.8416666666667,0
"02.de 20 a 39 anios","02.de 20 a 39 anios",2016,"07",1371,0,132,136,15,0,9,2,2016-07-01,7,1316.75833333333,1269.84966993138,1363.66699673529,54.2416666666663,0
"02.de 20 a 39 anios","02.de 20 a 39 anios",2016,"08",1254,0,114,129,11,0,2,3,2016-08-01,8,1246.55833333333,1199.64966993138,1293.46699673529,7.44166666666661,0
"02.de 20 a 39 anios","02.de 20 a 39 anios",2016,"09",1217,0,89,117,9,0,4,1,2016-09-01,9,1221.55833333333,1174.64966993138,1268.46699673529,-4.55833333333339,0
"02.de 20 a 39 anios","02.de 20 a 39 anios",2016,"10",1252,0,97,120,13,0,4,0,2016-10-01,10,1229.35833333333,1182.44966993138,1276.26699673529,22.6416666666664,0
"02.de 20 a 39 anios","02.de 20 a 39 anios",2016,"11",1242,0,87,115,16,0,2,2,2016-11-01,11,1217.35833333333,1170.44966993138,1264.26699673529,24.6416666666669,0
"02.de 20 a 39 anios","02.de 20 a 39 anios",2016,"12",1338,0,86,121,5,1,7,4,2016-12-01,12,1328.75833333333,1281.84966993138,1375.66699673529,9.24166666666679,0
"02.de 20 a 39 anios","02.de 20 a 39 anios",2017,"01",1380,0,87,117,13,1,5,2,2017-01-01,1,1355.2,1309.23908405966,1401.16091594034,24.8000000000011,0
"02.de 20 a 39 anios","02.de 20 a 39 anios",2017,"02",1214,0,84,110,9,0,1,2,2017-02-01,2,1238.60000000001,1192.63908405966,1284.56091594035,-24.6000000000058,0
"02.de 20 a 39 anios","02.de 20 a 39 anios",2017,"03",1245,0,73,121,9,0,9,2,2017-03-01,3,1284.2,1238.23908405966,1330.16091594034,-39.2000000000025,0
"02.de 20 a 39 anios","02.de 20 a 39 anios",2017,"04",1161,0,81,97,12,0,1,1,2017-04-01,4,1170.4,1124.43908405966,1216.36091594034,-9.400000000001,0
"02.de 20 a 39 anios","02.de 20 a 39 anios",2017,"05",1190,0,83,126,10,0,2,0,2017-05-01,5,1223,1177.03908405966,1268.96091594034,-33.0000000000009,0
"02.de 20 a 39 anios","02.de 20 a 39 anios",2017,"06",1356,0,111,143,19,1,3,4,2017-06-01,6,1266.2,1220.23908405966,1312.16091594034,89.7999999999988,0
"02.de 20 a 39 anios","02.de 20 a 39 anios",2017,"07",1286,0,97,132,11,0,1,2,2017-07-01,7,1309.8,1263.83908405966,1355.76091594034,-23.8000000000015,0
"02.de 20 a 39 anios","02.de 20 a 39 anios",2017,"08",1241,0,104,120,13,1,2,0,2017-08-01,8,1239.6,1193.63908405966,1285.56091594034,1.39999999999873,0
"02.de 20 a 39 anios","02.de 20 a 39 anios",2017,"09",1188,0,105,107,13,0,2,2,2017-09-01,9,1214.6,1168.63908405966,1260.56091594034,-26.6000000000013,0
"02.de 20 a 39 anios","02.de 20 a 39 anios",2017,"10",1258,0,92,129,17,0,3,1,2017-10-01,10,1222.4,1176.43908405966,1268.36091594034,35.5999999999985,0
"02.de 20 a 39 anios","02.de 20 a 39 anios",2017,"11",1214,0,83,113,9,0,3,1,2017-11-01,11,1210.4,1164.43908405966,1256.36091594034,3.599999999999,0
"02.de 20 a 39 anios","02.de 20 a 39 anios",2017,"12",1383,0,81,124,11,0,5,1,2017-12-01,12,1321.8,1275.83908405966,1367.76091594034,61.1999999999989,0
"02.de 20 a 39 anios","02.de 20 a 39 anios",2018,"01",1358,0,102,130,13,1,2,3,2018-01-01,1,1348.24166666666,1301.33300326471,1395.15033006862,9.75833333333503,0
"02.de 20 a 39 anios","02.de 20 a 39 anios",2018,"02",1312,0,85,118,11,0,3,2,2018-02-01,2,1231.64166666667,1184.73300326472,1278.55033006863,80.3583333333281,0
"02.de 20 a 39 anios","02.de 20 a 39 anios",2018,"03",1327,0,73,116,15,0,3,2,2018-03-01,3,1277.24166666667,1230.33300326471,1324.15033006862,49.7583333333314,0
"02.de 20 a 39 anios","02.de 20 a 39 anios",2018,"04",1210,0,76,122,9,1,2,3,2018-04-01,4,1163.44166666667,1116.53300326471,1210.35033006862,46.5583333333329,0
"02.de 20 a 39 anios","02.de 20 a 39 anios",2018,"05",1192,0,91,115,16,0,5,2,2018-05-01,5,1216.04166666667,1169.13300326471,1262.95033006862,-24.041666666667,0
"02.de 20 a 39 anios","02.de 20 a 39 anios",2018,"06",1256,0,99,116,21,0,5,3,2018-06-01,6,1259.24166666667,1212.33300326471,1306.15033006862,-3.24166666666724,0
"02.de 20 a 39 anios","02.de 20 a 39 anios",2018,"07",1343,0,121,140,14,0,3,2,2018-07-01,7,1302.84166666667,1255.93300326471,1349.75033006862,40.1583333333324,0
"02.de 20 a 39 anios","02.de 20 a 39 anios",2018,"08",1288,0,127,141,22,0,5,2,2018-08-01,8,1232.64166666667,1185.73300326471,1279.55033006862,55.3583333333327,0
"02.de 20 a 39 anios","02.de 20 a 39 anios",2018,"09",1271,0,121,120,10,0,6,0,2018-09-01,9,1207.64166666667,1160.73300326471,1254.55033006862,63.3583333333327,0
"02.de 20 a 39 anios","02.de 20 a 39 anios",2018,"10",1210,0,86,105,12,1,2,1,2018-10-01,10,1215.44166666667,1168.53300326471,1262.35033006862,-5.44166666666752,0
"02.de 20 a 39 anios","02.de 20 a 39 anios",2018,"11",1217,0,76,110,10,0,7,1,2018-11-01,11,1203.44166666667,1156.53300326471,1250.35033006862,13.5583333333329,0
"02.de 20 a 39 anios","02.de 20 a 39 anios",2018,"12",1314,0,68,115,14,0,2,1,2018-12-01,12,1314.84166666667,1267.93300326471,1361.75033006862,-0.841666666667152,0
"02.de 20 a 39 anios","02.de 20 a 39 anios",2019,"01",1313,0,74,128,9,0,4,1,2019-01-01,1,1341.28333333333,1291.63987025503,1390.92679641163,-28.2833333333328,0
"02.de 20 a 39 anios","02.de 20 a 39 anios",2019,"02",1194,0,55,117,12,0,2,0,2019-02-01,2,1224.68333333334,1175.03987025504,1274.32679641164,-30.6833333333398,0
"02.de 20 a 39 anios","02.de 20 a 39 anios",2019,"03",1225,0,79,116,9,0,4,1,2019-03-01,3,1270.28333333334,1220.63987025504,1319.92679641163,-45.2833333333365,0
"02.de 20 a 39 anios","02.de 20 a 39 anios",2019,"04",1147,0,90,118,16,1,0,2,2019-04-01,4,1156.48333333333,1106.83987025504,1206.12679641163,-9.48333333333494,0
"02.de 20 a 39 anios","02.de 20 a 39 anios",2019,"05",1125,0,82,95,10,0,4,0,2019-05-01,5,1209.08333333333,1159.43987025504,1258.72679641163,-84.0833333333348,0
"02.de 20 a 39 anios","02.de 20 a 39 anios",2019,"06",1160,0,96,116,12,0,1,3,2019-06-01,6,1252.28333333334,1202.63987025504,1301.92679641163,-92.2833333333351,0
"02.de 20 a 39 anios","02.de 20 a 39 anios",2019,"07",1333,0,130,129,21,0,6,6,2019-07-01,7,1295.88333333334,1246.23987025504,1345.52679641163,37.1166666666645,0
"02.de 20 a 39 anios","02.de 20 a 39 anios",2019,"08",1232,0,86,130,10,0,6,0,2019-08-01,8,1225.68333333334,1176.03987025504,1275.32679641163,6.31666666666479,0
"02.de 20 a 39 anios","02.de 20 a 39 anios",2019,"09",1210,0,87,104,11,0,4,1,2019-09-01,9,1200.68333333334,1151.03987025504,1250.32679641163,9.31666666666479,0
"02.de 20 a 39 anios","02.de 20 a 39 anios",2019,"10",1207,0,92,100,10,0,7,2,2019-10-01,10,1208.48333333334,1158.83987025504,1258.12679641163,-1.48333333333539,0
"02.de 20 a 39 anios","02.de 20 a 39 anios",2019,"11",1158,0,71,105,9,1,5,1,2019-11-01,11,1196.48333333333,1146.83987025504,1246.12679641163,-38.4833333333349,0
"02.de 20 a 39 anios","02.de 20 a 39 anios",2019,"12",1225,0,65,116,9,0,4,1,2019-12-01,12,1307.88333333334,1258.23987025504,1357.52679641163,-82.883333333335,0
"02.de 20 a 39 anios","02.de 20 a 39 anios",2020,"01",1269,0,78,123,14,0,6,2,2020-01-01,1,1334.325,1280.43104888468,1388.21895111532,-65.3249999999989,0
"02.de 20 a 39 anios","02.de 20 a 39 anios",2020,"02",1164,0,71,97,15,0,3,1,2020-02-01,2,1217.72500000001,1163.83104888469,1271.61895111532,-53.7250000000058,0
"02.de 20 a 39 anios","02.de 20 a 39 anios",2020,"03",1109,1,86,111,15,0,1,2,2020-03-01,3,1263.325,1209.43104888469,1317.21895111532,-154.325000000003,0
"02.de 20 a 39 anios","02.de 20 a 39 anios",2020,"04",992,5,93,110,15,0,3,2,2020-04-01,4,1149.525,1095.63104888468,1203.41895111532,-157.525000000001,0
"02.de 20 a 39 anios","02.de 20 a 39 anios",2020,"05",1034,14,78,86,11,0,6,0,2020-05-01,5,1202.125,1148.23104888468,1256.01895111532,-168.125000000001,0
"02.de 20 a 39 anios","02.de 20 a 39 anios",2020,"06",1072,45,66,113,14,0,3,0,2020-06-01,6,1245.325,1191.43104888468,1299.21895111532,-173.325000000001,0
"02.de 20 a 39 anios","02.de 20 a 39 anios",2020,"07",1264,114,91,126,16,0,3,5,2020-07-01,7,1288.925,1235.03104888468,1342.81895111532,-24.9250000000015,0
"02.de 20 a 39 anios","02.de 20 a 39 anios",2020,"08",1293,145,87,119,21,0,0,2,2020-08-01,8,1218.725,1164.83104888468,1272.61895111532,74.2749999999987,0
"02.de 20 a 39 anios","02.de 20 a 39 anios",2020,"09",1350,209,93,100,20,1,1,6,2020-09-01,9,1193.725,1139.83104888468,1247.61895111532,156.274999999999,0
"02.de 20 a 39 anios","02.de 20 a 39 anios",2020,"10",1390,224,91,108,13,0,5,6,2020-10-01,10,1201.525,1147.63104888468,1255.41895111532,188.474999999999,0
"02.de 20 a 39 anios","02.de 20 a 39 anios",2020,"11",1336,128,68,130,19,0,4,3,2020-11-01,11,1189.525,1135.63104888468,1243.41895111532,146.474999999999,0
"02.de 20 a 39 anios","02.de 20 a 39 anios",2020,"12",1292,96,75,104,10,3,8,2,2020-12-01,12,1300.925,1247.03104888468,1354.81895111532,-8.92500000000109,0
"02.de 20 a 39 anios","02.de 20 a 39 anios",2021,"01",1468,113,84,155,16,0,2,1,2021-01-01,1,1327.36666666667,1268.03137932937,1386.70195400397,140.633333333333,1
"02.de 20 a 39 anios","02.de 20 a 39 anios",2021,"02",1164,75,76,105,12,0,1,0,2021-02-01,2,1210.76666666667,1151.43137932938,1270.10195400397,-46.7666666666737,1
"02.de 20 a 39 anios","02.de 20 a 39 anios",2021,"03",1271,70,84,113,17,0,1,1,2021-03-01,3,1256.36666666667,1197.03137932937,1315.70195400397,14.6333333333296,1
"02.de 20 a 39 anios","02.de 20 a 39 anios",2021,"04",1404,254,105,119,16,1,3,1,2021-04-01,4,1142.56666666667,1083.23137932937,1201.90195400397,261.433333333331,1
"02.de 20 a 39 anios","02.de 20 a 39 anios",2021,"05",1913,623,144,162,18,0,6,4,2021-05-01,5,1195.16666666667,1135.83137932937,1254.50195400397,717.833333333331,1
"02.de 20 a 39 anios","02.de 20 a 39 anios",2021,"06",2044,831,125,130,21,0,2,2,2021-06-01,6,1238.36666666667,1179.03137932937,1297.70195400397,805.633333333331,1
"02.de 20 a 39 anios","02.de 20 a 39 anios",2021,"07",1837,512,146,164,22,0,6,2,2021-07-01,7,1281.96666666667,1222.63137932937,1341.30195400397,555.033333333331,1
"02.de 20 a 39 anios","02.de 20 a 39 anios",2021,"08",1504,213,142,133,24,0,4,1,2021-08-01,8,1211.76666666667,1152.43137932937,1271.10195400397,292.233333333331,1
"02.de 20 a 39 anios","02.de 20 a 39 anios",2021,"09",1183,55,102,113,13,0,2,3,2021-09-01,9,1186.76666666667,1127.43137932937,1246.10195400397,-3.76666666666915,1
"02.de 20 a 39 anios","02.de 20 a 39 anios",2021,"10",1217,12,89,120,11,0,4,1,2021-10-01,10,1194.56666666667,1135.23137932937,1253.90195400397,22.4333333333307,1
"02.de 20 a 39 anios","02.de 20 a 39 anios",2021,"11",1170,17,82,98,21,0,2,1,2021-11-01,11,1182.56666666667,1123.23137932937,1241.90195400397,-12.5666666666689,1
"02.de 20 a 39 anios","02.de 20 a 39 anios",2021,"12",1396,24,80,123,6,0,3,0,2021-12-01,12,1293.96666666667,1234.63137932937,1353.30195400397,102.033333333331,1
"02.de 20 a 39 anios","02.de 20 a 39 anios",2022,"01",1670,235,105,140,24,0,3,2,2022-01-01,1,1320.40833333333,1254.73620457124,1386.08046209543,349.591666666667,1
"02.de 20 a 39 anios","02.de 20 a 39 anios",2022,"02",1290,103,119,109,14,0,4,0,2022-02-01,2,1203.80833333334,1138.13620457125,1269.48046209543,86.1916666666602,1
"02.de 20 a 39 anios","02.de 20 a 39 anios",2022,"03",1255,24,114,125,17,0,10,5,2022-03-01,3,1249.40833333334,1183.73620457125,1315.08046209543,5.59166666666351,1
"02.de 20 a 39 anios","02.de 20 a 39 anios",2022,"04",1206,7,111,110,15,0,1,0,2022-04-01,4,1135.60833333333,1069.93620457124,1201.28046209543,70.3916666666651,1
"02.de 20 a 39 anios","02.de 20 a 39 anios",2022,"05",1218,13,82,145,14,0,1,3,2022-05-01,5,1188.20833333333,1122.53620457124,1253.88046209543,29.7916666666652,1
"02.de 20 a 39 anios","02.de 20 a 39 anios",2022,"06",1205,23,100,150,15,0,5,1,2022-06-01,6,1231.40833333334,1165.73620457124,1297.08046209543,-26.4083333333351,1
"02.de 20 a 39 anios","02.de 20 a 39 anios",2022,"07",1255,31,93,127,15,0,6,2,2022-07-01,7,1275.00833333334,1209.33620457124,1340.68046209543,-20.0083333333355,1
"02.de 20 a 39 anios","02.de 20 a 39 anios",2022,"08",1238,24,85,112,12,1,1,4,2022-08-01,8,1204.80833333334,1139.13620457124,1270.48046209543,33.1916666666648,1
"02.de 20 a 39 anios","02.de 20 a 39 anios",2022,"09",1154,16,95,150,15,0,1,0,2022-09-01,9,1179.80833333334,1114.13620457124,1245.48046209543,-25.8083333333352,1
"02.de 20 a 39 anios","02.de 20 a 39 anios",2022,"10",1304,4,108,148,13,1,7,1,2022-10-01,10,1187.60833333334,1121.93620457124,1253.28046209543,116.391666666665,1
"02.de 20 a 39 anios","02.de 20 a 39 anios",2022,"11",1262,3,93,140,18,0,3,2,2022-11-01,11,1175.60833333333,1109.93620457124,1241.28046209543,86.3916666666651,1
"02.de 20 a 39 anios","02.de 20 a 39 anios",2022,"12",1396,27,102,138,13,0,2,1,2022-12-01,12,1287.00833333334,1221.33620457124,1352.68046209543,108.991666666665,1
"02.de 20 a 39 anios","02.de 20 a 39 anios",2023,"01",1320,18,101,106,9,0,1,1,2023-01-01,1,1313.45,1240.7794111414,1386.1205888586,6.54999999999927,1
"02.de 20 a 39 anios","02.de 20 a 39 anios",2023,"02",1216,4,75,109,6,0,1,3,2023-02-01,2,1196.85000000001,1124.17941114141,1269.5205888586,19.1499999999924,1
"02.de 20 a 39 anios","02.de 20 a 39 anios",2023,"03",1241,3,81,141,12,0,4,3,2023-03-01,3,1242.45,1169.77941114141,1315.1205888586,-1.45000000000437,1
"02.de 20 a 39 anios","02.de 20 a 39 anios",2023,"04",1186,1,88,124,16,2,5,4,2023-04-01,4,1128.65,1055.97941114141,1201.3205888586,57.3499999999972,1
"02.de 20 a 39 anios","02.de 20 a 39 anios",2023,"05",1204,2,110,118,7,0,2,1,2023-05-01,5,1181.25,1108.5794111414,1253.9205888586,22.7499999999973,1
"02.de 20 a 39 anios","02.de 20 a 39 anios",2023,"06",1244,1,107,149,20,1,3,0,2023-06-01,6,1224.45,1151.77941114141,1297.1205888586,19.549999999997,1
"02.de 20 a 39 anios","02.de 20 a 39 anios",2023,"07",1252,1,109,145,19,2,2,1,2023-07-01,7,1268.05,1195.3794111414,1340.7205888586,-16.0500000000034,1
"02.de 20 a 39 anios","02.de 20 a 39 anios",2023,"08",1155,2,107,119,7,0,6,2,2023-08-01,8,1197.85,1125.1794111414,1270.5205888586,-42.8500000000031,1
"02.de 20 a 39 anios","02.de 20 a 39 anios",2023,"09",1181,5,97,113,3,0,5,2,2023-09-01,9,1172.85,1100.1794111414,1245.5205888586,8.14999999999691,1
"02.de 20 a 39 anios","02.de 20 a 39 anios",2023,"10",1272,1,93,134,14,0,4,3,2023-10-01,10,1180.65,1107.9794111414,1253.3205888586,91.3499999999967,1
"02.de 20 a 39 anios","02.de 20 a 39 anios",2023,"11",1212,1,73,127,15,0,1,3,2023-11-01,11,1168.65,1095.9794111414,1241.3205888586,43.3499999999972,1
"02.de 20 a 39 anios","02.de 20 a 39 anios",2023,"12",1368,2,79,135,12,0,3,1,2023-12-01,12,1280.05,1207.37941114141,1352.7205888586,87.9499999999971,1
"02.de 20 a 39 anios","02.de 20 a 39 anios",2024,"01",1268,4,105,136,11,0,3,2,2024-01-01,1,1306.49166666667,1226.33410750889,1386.64922582444,-38.4916666666668,1
"02.de 20 a 39 anios","02.de 20 a 39 anios",2024,"02",1285,8,92,116,7,0,5,4,2024-02-01,2,1189.89166666667,1109.73410750891,1270.04922582444,95.1083333333263,1
"02.de 20 a 39 anios","02.de 20 a 39 anios",2024,"03",1421,7,127,144,10,0,5,2,2024-03-01,3,1235.49166666667,1155.3341075089,1315.64922582444,185.50833333333,1
"02.de 20 a 39 anios","02.de 20 a 39 anios",2024,"04",1321,2,115,151,15,0,4,3,2024-04-01,4,1121.69166666667,1041.5341075089,1201.84922582444,199.308333333331,1
"02.de 20 a 39 anios","02.de 20 a 39 anios",2024,"05",1171,0,110,126,10,0,6,0,2024-05-01,5,1174.29166666667,1094.1341075089,1254.44922582444,-3.29166666666879,1
"02.de 20 a 39 anios","02.de 20 a 39 anios",2024,"06",1237,1,149,153,11,0,4,2,2024-06-01,6,1217.49166666667,1137.3341075089,1297.64922582444,19.5083333333309,1
"02.de 20 a 39 anios","02.de 20 a 39 anios",2024,"07",1218,1,137,149,21,0,6,3,2024-07-01,7,1261.09166666667,1180.9341075089,1341.24922582444,-43.0916666666694,1
"02.de 20 a 39 anios","02.de 20 a 39 anios",2024,"08",1259,2,119,125,11,0,1,6,2024-08-01,8,1190.89166666667,1110.7341075089,1271.04922582444,68.1083333333308,1
"02.de 20 a 39 anios","02.de 20 a 39 anios",2024,"09",1244,0,108,149,20,1,3,0,2024-09-01,9,1165.89166666667,1085.7341075089,1246.04922582444,78.1083333333308,1
"02.de 20 a 39 anios","02.de 20 a 39 anios",2024,"10",1251,3,96,147,10,0,1,2,2024-10-01,10,1173.69166666667,1093.5341075089,1253.84922582444,77.3083333333307,1
"02.de 20 a 39 anios","02.de 20 a 39 anios",2024,"11",1221,2,91,140,19,0,4,3,2024-11-01,11,1161.69166666667,1081.5341075089,1241.84922582444,59.3083333333311,1
"02.de 20 a 39 anios","02.de 20 a 39 anios",2024,"12",1110,0,88,119,9,0,3,3,2024-12-01,12,1273.09166666667,1192.9341075089,1353.24922582444,-163.091666666669,1
"03.de 40 a 49 anios","03.de 40 a 49 anios",2015,"01",1160,0,84,203,25,0,1,2,2015-01-01,1,1122.7,1070.7368565412,1174.66314345881,37.2999999999956,0
"03.de 40 a 49 anios","03.de 40 a 49 anios",2015,"02",1026,0,66,180,22,0,1,2,2015-02-01,2,1021.1,969.136856541193,1073.06314345881,4.89999999999964,0
"03.de 40 a 49 anios","03.de 40 a 49 anios",2015,"03",1053,0,80,180,23,1,0,2,2015-03-01,3,1099.3,1047.3368565412,1151.26314345881,-46.3000000000029,0
"03.de 40 a 49 anios","03.de 40 a 49 anios",2015,"04",1020,0,73,211,16,0,0,1,2015-04-01,4,1043.3,991.336856541197,1095.26314345881,-23.3000000000027,0
"03.de 40 a 49 anios","03.de 40 a 49 anios",2015,"05",1099,0,75,232,21,0,3,2,2015-05-01,5,1141.1,1089.1368565412,1193.06314345881,-42.1000000000029,0
"03.de 40 a 49 anios","03.de 40 a 49 anios",2015,"06",1082,0,84,218,26,0,1,3,2015-06-01,6,1206.1,1154.1368565412,1258.06314345881,-124.100000000003,0
"03.de 40 a 49 anios","03.de 40 a 49 anios",2015,"07",1160,0,108,243,26,0,4,4,2015-07-01,7,1217.3,1165.3368565412,1269.26314345881,-57.3000000000025,0
"03.de 40 a 49 anios","03.de 40 a 49 anios",2015,"08",1156,0,116,240,26,0,1,5,2015-08-01,8,1126.3,1074.3368565412,1178.26314345881,29.6999999999973,0
"03.de 40 a 49 anios","03.de 40 a 49 anios",2015,"09",1055,0,105,203,21,0,3,2,2015-09-01,9,1097.3,1045.3368565412,1149.26314345881,-42.3000000000027,0
"03.de 40 a 49 anios","03.de 40 a 49 anios",2015,"10",1066,0,84,220,28,0,3,1,2015-10-01,10,1080.5,1028.5368565412,1132.46314345881,-14.5000000000025,0
"03.de 40 a 49 anios","03.de 40 a 49 anios",2015,"11",980,0,87,189,16,0,2,1,2015-11-01,11,1013.3,961.336856541198,1065.26314345881,-33.300000000003,0
"03.de 40 a 49 anios","03.de 40 a 49 anios",2015,"12",1185,0,84,212,26,0,2,3,2015-12-01,12,1142.9,1090.9368565412,1194.86314345881,42.0999999999972,0
"03.de 40 a 49 anios","03.de 40 a 49 anios",2016,"01",1109,0,83,194,23,0,1,2,2016-01-01,1,1128.75000000001,1079.64944466674,1177.85055533327,-19.7500000000055,0
"03.de 40 a 49 anios","03.de 40 a 49 anios",2016,"02",1111,0,71,195,27,0,3,4,2016-02-01,2,1027.15,978.049444666731,1076.25055533327,83.8499999999985,0
"03.de 40 a 49 anios","03.de 40 a 49 anios",2016,"03",1164,0,106,230,23,0,4,1,2016-03-01,3,1105.35,1056.24944466673,1154.45055533327,58.649999999996,0
"03.de 40 a 49 anios","03.de 40 a 49 anios",2016,"04",1098,0,92,209,27,0,2,0,2016-04-01,4,1049.35,1000.24944466673,1098.45055533327,48.6499999999962,0
"03.de 40 a 49 anios","03.de 40 a 49 anios",2016,"05",1278,0,165,228,37,0,2,4,2016-05-01,5,1147.15,1098.04944466674,1196.25055533327,130.849999999996,0
"03.de 40 a 49 anios","03.de 40 a 49 anios",2016,"06",1386,0,256,264,47,0,2,0,2016-06-01,6,1212.15,1163.04944466673,1261.25055533327,173.849999999996,0
"03.de 40 a 49 anios","03.de 40 a 49 anios",2016,"07",1276,0,166,237,26,1,3,3,2016-07-01,7,1223.35,1174.24944466673,1272.45055533327,52.6499999999965,0
"03.de 40 a 49 anios","03.de 40 a 49 anios",2016,"08",1124,0,128,200,23,0,2,2,2016-08-01,8,1132.35,1083.24944466673,1181.45055533327,-8.35000000000377,0
"03.de 40 a 49 anios","03.de 40 a 49 anios",2016,"09",1095,0,113,204,34,0,3,2,2016-09-01,9,1103.35,1054.24944466673,1152.45055533327,-8.35000000000377,0
"03.de 40 a 49 anios","03.de 40 a 49 anios",2016,"10",1023,0,62,215,21,1,3,1,2016-10-01,10,1086.55,1037.44944466673,1135.65055533327,-63.5500000000036,0
"03.de 40 a 49 anios","03.de 40 a 49 anios",2016,"11",1011,0,102,197,21,0,0,0,2016-11-01,11,1019.35,970.249444666735,1068.45055533327,-8.35000000000412,0
"03.de 40 a 49 anios","03.de 40 a 49 anios",2016,"12",1090,0,80,208,22,0,3,1,2016-12-01,12,1148.95,1099.84944466674,1198.05055533327,-58.9500000000039,0
"03.de 40 a 49 anios","03.de 40 a 49 anios",2017,"01",1113,0,83,220,28,0,2,0,2017-01-01,1,1134.8,1086.69147733849,1182.90852266152,-21.8000000000047,0
"03.de 40 a 49 anios","03.de 40 a 49 anios",2017,"02",972,0,68,189,21,0,3,4,2017-02-01,2,1033.2,985.091477338483,1081.30852266152,-61.2000000000007,0
"03.de 40 a 49 anios","03.de 40 a 49 anios",2017,"03",1142,0,91,202,27,0,3,4,2017-03-01,3,1111.4,1063.29147733849,1159.50852266152,30.5999999999967,0
"03.de 40 a 49 anios","03.de 40 a 49 anios",2017,"04",1047,0,98,188,25,0,1,2,2017-04-01,4,1055.4,1007.29147733849,1103.50852266152,-8.40000000000305,0
"03.de 40 a 49 anios","03.de 40 a 49 anios",2017,"05",1128,0,98,230,28,0,4,1,2017-05-01,5,1153.2,1105.09147733849,1201.30852266152,-25.2000000000032,0
"03.de 40 a 49 anios","03.de 40 a 49 anios",2017,"06",1180,0,131,258,21,0,3,1,2017-06-01,6,1218.2,1170.09147733849,1266.30852266152,-38.200000000003,0
"03.de 40 a 49 anios","03.de 40 a 49 anios",2017,"07",1214,0,108,241,33,0,3,3,2017-07-01,7,1229.4,1181.29147733849,1277.50852266152,-15.4000000000028,0
"03.de 40 a 49 anios","03.de 40 a 49 anios",2017,"08",1119,0,107,206,25,0,1,3,2017-08-01,8,1138.4,1090.29147733849,1186.50852266152,-19.400000000003,0
"03.de 40 a 49 anios","03.de 40 a 49 anios",2017,"09",1093,0,101,218,22,0,1,3,2017-09-01,9,1109.4,1061.29147733849,1157.50852266152,-16.400000000003,0
"03.de 40 a 49 anios","03.de 40 a 49 anios",2017,"10",1140,0,110,247,22,0,3,2,2017-10-01,10,1092.6,1044.49147733849,1140.70852266152,47.3999999999971,0
"03.de 40 a 49 anios","03.de 40 a 49 anios",2017,"11",1009,0,100,180,23,0,5,3,2017-11-01,11,1025.4,977.291477338486,1073.50852266152,-16.4000000000033,0
"03.de 40 a 49 anios","03.de 40 a 49 anios",2017,"12",1198,0,108,214,40,0,6,2,2017-12-01,12,1155,1106.89147733849,1203.10852266152,42.9999999999968,0
"03.de 40 a 49 anios","03.de 40 a 49 anios",2018,"01",1150,0,99,199,27,0,3,0,2018-01-01,1,1140.85,1091.74944466673,1189.95055533327,9.149999999996,0
"03.de 40 a 49 anios","03.de 40 a 49 anios",2018,"02",1056,0,74,188,23,0,3,2,2018-02-01,2,1039.25,990.149444666733,1088.35055533327,16.75,0
"03.de 40 a 49 anios","03.de 40 a 49 anios",2018,"03",1099,0,85,199,31,0,2,1,2018-03-01,3,1117.45,1068.34944466673,1166.55055533327,-18.4500000000025,0
"03.de 40 a 49 anios","03.de 40 a 49 anios",2018,"04",1076,0,66,195,28,1,3,2,2018-04-01,4,1061.45,1012.34944466673,1110.55055533327,14.5499999999977,0
"03.de 40 a 49 anios","03.de 40 a 49 anios",2018,"05",1151,0,87,215,27,0,2,2,2018-05-01,5,1159.25,1110.14944466673,1208.35055533327,-8.2500000000025,0
"03.de 40 a 49 anios","03.de 40 a 49 anios",2018,"06",1217,0,113,236,35,0,2,3,2018-06-01,6,1224.25,1175.14944466673,1273.35055533327,-7.25000000000227,0
"03.de 40 a 49 anios","03.de 40 a 49 anios",2018,"07",1183,0,127,240,23,0,5,3,2018-07-01,7,1235.45,1186.34944466673,1284.55055533327,-52.4500000000021,0
"03.de 40 a 49 anios","03.de 40 a 49 anios",2018,"08",1183,0,129,242,28,0,5,1,2018-08-01,8,1144.45,1095.34944466673,1193.55055533327,38.5499999999977,0
"03.de 40 a 49 anios","03.de 40 a 49 anios",2018,"09",1174,0,154,230,27,0,2,1,2018-09-01,9,1115.45,1066.34944466673,1164.55055533327,58.5499999999977,0
"03.de 40 a 49 anios","03.de 40 a 49 anios",2018,"10",1134,0,111,234,17,1,1,1,2018-10-01,10,1098.65,1049.54944466673,1147.75055533327,35.3499999999979,0
"03.de 40 a 49 anios","03.de 40 a 49 anios",2018,"11",1092,0,104,211,32,0,3,0,2018-11-01,11,1031.45,982.349444666734,1080.55055533327,60.5499999999975,0
"03.de 40 a 49 anios","03.de 40 a 49 anios",2018,"12",1150,0,93,245,22,0,5,0,2018-12-01,12,1161.05,1111.94944466673,1210.15055533327,-11.0500000000025,0
"03.de 40 a 49 anios","03.de 40 a 49 anios",2019,"01",1142,0,75,209,31,0,4,3,2019-01-01,1,1146.9,1094.9368565412,1198.86314345881,-4.90000000000327,0
"03.de 40 a 49 anios","03.de 40 a 49 anios",2019,"02",1001,0,77,196,23,0,1,1,2019-02-01,2,1045.3,993.336856541197,1097.2631434588,-44.2999999999993,0
"03.de 40 a 49 anios","03.de 40 a 49 anios",2019,"03",1099,0,71,234,18,0,2,1,2019-03-01,3,1123.5,1071.5368565412,1175.46314345881,-24.5000000000018,0
"03.de 40 a 49 anios","03.de 40 a 49 anios",2019,"04",1036,0,81,199,23,0,5,2,2019-04-01,4,1067.5,1015.5368565412,1119.46314345881,-31.5000000000016,0
"03.de 40 a 49 anios","03.de 40 a 49 anios",2019,"05",1110,0,105,226,24,0,3,0,2019-05-01,5,1165.3,1113.3368565412,1217.26314345881,-55.3000000000018,0
"03.de 40 a 49 anios","03.de 40 a 49 anios",2019,"06",1226,0,125,273,29,0,5,0,2019-06-01,6,1230.3,1178.3368565412,1282.26314345881,-4.30000000000155,0
"03.de 40 a 49 anios","03.de 40 a 49 anios",2019,"07",1314,0,191,248,33,0,5,1,2019-07-01,7,1241.5,1189.5368565412,1293.46314345881,72.4999999999986,0
"03.de 40 a 49 anios","03.de 40 a 49 anios",2019,"08",1110,0,124,227,28,1,6,1,2019-08-01,8,1150.5,1098.5368565412,1202.46314345881,-40.5000000000016,0
"03.de 40 a 49 anios","03.de 40 a 49 anios",2019,"09",1130,0,99,233,27,0,2,1,2019-09-01,9,1121.5,1069.5368565412,1173.46314345881,8.49999999999841,0
"03.de 40 a 49 anios","03.de 40 a 49 anios",2019,"10",1100,0,86,215,24,0,3,5,2019-10-01,10,1104.7,1052.7368565412,1156.66314345881,-4.70000000000141,0
"03.de 40 a 49 anios","03.de 40 a 49 anios",2019,"11",1035,0,87,178,23,0,0,3,2019-11-01,11,1037.5,985.536856541197,1089.46314345881,-2.50000000000182,0
"03.de 40 a 49 anios","03.de 40 a 49 anios",2019,"12",1152,0,91,206,27,0,5,1,2019-12-01,12,1167.1,1115.1368565412,1219.06314345881,-15.1000000000017,0
"03.de 40 a 49 anios","03.de 40 a 49 anios",2020,"01",1126,0,82,225,25,0,3,3,2020-01-01,1,1152.95,1096.53775678163,1209.36224321837,-26.9500000000025,0
"03.de 40 a 49 anios","03.de 40 a 49 anios",2020,"02",1040,0,90,175,24,1,4,2,2020-02-01,2,1051.35,994.937756781632,1107.76224321837,-11.3499999999985,0
"03.de 40 a 49 anios","03.de 40 a 49 anios",2020,"03",1071,1,107,209,15,0,4,1,2020-03-01,3,1129.55,1073.13775678163,1185.96224321837,-58.5500000000011,0
"03.de 40 a 49 anios","03.de 40 a 49 anios",2020,"04",1026,14,98,203,21,0,2,2,2020-04-01,4,1073.55,1017.13775678163,1129.96224321837,-47.5500000000009,0
"03.de 40 a 49 anios","03.de 40 a 49 anios",2020,"05",1119,23,85,223,27,1,2,4,2020-05-01,5,1171.35,1114.93775678163,1227.76224321837,-52.350000000001,0
"03.de 40 a 49 anios","03.de 40 a 49 anios",2020,"06",1124,74,86,225,21,0,1,2,2020-06-01,6,1236.35,1179.93775678163,1292.76224321837,-112.350000000001,0
"03.de 40 a 49 anios","03.de 40 a 49 anios",2020,"07",1361,183,120,254,28,1,1,3,2020-07-01,7,1247.55,1191.13775678163,1303.96224321837,113.449999999999,0
"03.de 40 a 49 anios","03.de 40 a 49 anios",2020,"08",1518,346,102,260,36,1,3,1,2020-08-01,8,1156.55,1100.13775678163,1212.96224321837,361.449999999999,0
"03.de 40 a 49 anios","03.de 40 a 49 anios",2020,"09",1611,453,115,250,45,0,3,1,2020-09-01,9,1127.55,1071.13775678163,1183.96224321837,483.449999999999,0
"03.de 40 a 49 anios","03.de 40 a 49 anios",2020,"10",1656,480,109,255,49,0,1,5,2020-10-01,10,1110.75,1054.33775678163,1167.16224321837,545.249999999999,0
"03.de 40 a 49 anios","03.de 40 a 49 anios",2020,"11",1487,295,122,215,30,0,2,0,2020-11-01,11,1043.55,987.137756781632,1099.96224321837,443.449999999999,0
"03.de 40 a 49 anios","03.de 40 a 49 anios",2020,"12",1392,178,93,243,19,1,6,3,2020-12-01,12,1173.15,1116.73775678163,1229.56224321837,218.849999999999,0
"03.de 40 a 49 anios","03.de 40 a 49 anios",2021,"01",1535,204,139,230,40,0,3,1,2021-01-01,1,1159,1096.89216430707,1221.10783569293,375.999999999998,1
"03.de 40 a 49 anios","03.de 40 a 49 anios",2021,"02",1259,153,106,201,19,0,3,2,2021-02-01,2,1057.4,995.292164307072,1119.50783569292,201.600000000002,1
"03.de 40 a 49 anios","03.de 40 a 49 anios",2021,"03",1383,182,103,240,30,0,1,0,2021-03-01,3,1135.6,1073.49216430707,1197.70783569293,247.4,1
"03.de 40 a 49 anios","03.de 40 a 49 anios",2021,"04",1782,581,132,252,35,0,4,1,2021-04-01,4,1079.6,1017.49216430707,1141.70783569293,702.4,1
"03.de 40 a 49 anios","03.de 40 a 49 anios",2021,"05",2830,1422,205,311,33,0,5,1,2021-05-01,5,1177.4,1115.29216430707,1239.50783569293,1652.6,1
"03.de 40 a 49 anios","03.de 40 a 49 anios",2021,"06",3312,1884,251,281,49,0,1,3,2021-06-01,6,1242.4,1180.29216430707,1304.50783569293,2069.6,1
"03.de 40 a 49 anios","03.de 40 a 49 anios",2021,"07",2393,991,216,284,38,0,4,2,2021-07-01,7,1253.6,1191.49216430707,1315.70783569293,1139.4,1
"03.de 40 a 49 anios","03.de 40 a 49 anios",2021,"08",1691,407,160,281,31,0,0,5,2021-08-01,8,1162.6,1100.49216430707,1224.70783569293,528.4,1
"03.de 40 a 49 anios","03.de 40 a 49 anios",2021,"09",1223,103,120,211,35,0,2,3,2021-09-01,9,1133.6,1071.49216430707,1195.70783569293,89.3999999999999,1
"03.de 40 a 49 anios","03.de 40 a 49 anios",2021,"10",1237,38,106,249,28,0,4,3,2021-10-01,10,1116.8,1054.69216430707,1178.90783569293,120.2,1
"03.de 40 a 49 anios","03.de 40 a 49 anios",2021,"11",1183,16,105,232,23,0,6,0,2021-11-01,11,1049.6,987.492164307071,1111.70783569293,133.4,1
"03.de 40 a 49 anios","03.de 40 a 49 anios",2021,"12",1258,43,94,216,26,0,4,2,2021-12-01,12,1179.2,1117.09216430707,1241.30783569293,78.7999999999997,1
"03.de 40 a 49 anios","03.de 40 a 49 anios",2022,"01",1719,324,133,288,40,0,9,1,2022-01-01,1,1165.05,1096.30922253339,1233.79077746662,553.949999999997,1
"03.de 40 a 49 anios","03.de 40 a 49 anios",2022,"02",1301,163,123,233,34,0,1,1,2022-02-01,2,1063.45,994.709222533388,1132.19077746661,237.550000000001,1
"03.de 40 a 49 anios","03.de 40 a 49 anios",2022,"03",1278,26,112,229,29,0,2,3,2022-03-01,3,1141.65,1072.90922253339,1210.39077746662,136.349999999999,1
"03.de 40 a 49 anios","03.de 40 a 49 anios",2022,"04",1231,8,125,254,24,1,3,2,2022-04-01,4,1085.65,1016.90922253339,1154.39077746662,145.349999999999,1
"03.de 40 a 49 anios","03.de 40 a 49 anios",2022,"05",1290,14,128,281,32,1,1,0,2022-05-01,5,1183.45,1114.70922253339,1252.19077746662,106.549999999999,1
"03.de 40 a 49 anios","03.de 40 a 49 anios",2022,"06",1246,20,138,233,27,1,1,4,2022-06-01,6,1248.45,1179.70922253339,1317.19077746662,-2.45000000000118,1
"03.de 40 a 49 anios","03.de 40 a 49 anios",2022,"07",1313,43,124,282,31,0,3,1,2022-07-01,7,1259.65,1190.90922253339,1328.39077746662,53.349999999999,1
"03.de 40 a 49 anios","03.de 40 a 49 anios",2022,"08",1209,29,117,264,25,1,6,1,2022-08-01,8,1168.65,1099.90922253339,1237.39077746662,40.3499999999988,1
"03.de 40 a 49 anios","03.de 40 a 49 anios",2022,"09",1147,12,108,234,24,0,3,2,2022-09-01,9,1139.65,1070.90922253339,1208.39077746662,7.34999999999877,1
"03.de 40 a 49 anios","03.de 40 a 49 anios",2022,"10",1213,0,131,258,27,0,0,1,2022-10-01,10,1122.85,1054.10922253339,1191.59077746662,90.149999999999,1
"03.de 40 a 49 anios","03.de 40 a 49 anios",2022,"11",1264,4,128,248,32,0,5,0,2022-11-01,11,1055.65,986.909222533386,1124.39077746662,208.349999999999,1
"03.de 40 a 49 anios","03.de 40 a 49 anios",2022,"12",1253,33,100,245,29,0,4,1,2022-12-01,12,1185.25,1116.50922253339,1253.99077746662,67.7499999999986,1
"03.de 40 a 49 anios","03.de 40 a 49 anios",2023,"01",1310,30,103,242,29,0,4,2,2023-01-01,1,1171.1,1095.03374676184,1247.16625323817,138.899999999998,1
"03.de 40 a 49 anios","03.de 40 a 49 anios",2023,"02",1051,2,82,191,25,1,3,2,2023-02-01,2,1069.5,993.433746761837,1145.56625323816,-18.4999999999982,1
"03.de 40 a 49 anios","03.de 40 a 49 anios",2023,"03",1282,4,114,235,21,0,1,0,2023-03-01,3,1147.7,1071.63374676184,1223.76625323816,134.299999999999,1
"03.de 40 a 49 anios","03.de 40 a 49 anios",2023,"04",1206,1,110,249,32,0,2,2,2023-04-01,4,1091.7,1015.63374676184,1167.76625323816,114.299999999999,1
"03.de 40 a 49 anios","03.de 40 a 49 anios",2023,"05",1263,4,98,268,26,0,2,4,2023-05-01,5,1189.5,1113.43374676183,1265.56625323817,73.4999999999993,1
"03.de 40 a 49 anios","03.de 40 a 49 anios",2023,"06",1375,5,152,283,35,0,4,1,2023-06-01,6,1254.5,1178.43374676184,1330.56625323816,120.5,1
"03.de 40 a 49 anios","03.de 40 a 49 anios",2023,"07",1337,5,142,259,49,0,3,0,2023-07-01,7,1265.7,1189.63374676184,1341.76625323816,71.2999999999997,1
"03.de 40 a 49 anios","03.de 40 a 49 anios",2023,"08",1302,7,130,262,31,0,3,5,2023-08-01,8,1174.7,1098.63374676184,1250.76625323816,127.299999999999,1
"03.de 40 a 49 anios","03.de 40 a 49 anios",2023,"09",1171,3,103,249,26,0,3,5,2023-09-01,9,1145.7,1069.63374676184,1221.76625323816,25.2999999999995,1
"03.de 40 a 49 anios","03.de 40 a 49 anios",2023,"10",1239,3,116,250,21,0,4,6,2023-10-01,10,1128.9,1052.83374676184,1204.96625323816,110.1,1
"03.de 40 a 49 anios","03.de 40 a 49 anios",2023,"11",1164,2,107,202,26,0,5,1,2023-11-01,11,1061.7,985.633746761835,1137.76625323817,102.299999999999,1
"03.de 40 a 49 anios","03.de 40 a 49 anios",2023,"12",1276,0,87,273,30,0,4,2,2023-12-01,12,1191.3,1115.23374676184,1267.36625323816,84.6999999999994,1
"03.de 40 a 49 anios","03.de 40 a 49 anios",2024,"01",1310,7,124,252,37,0,7,2,2024-01-01,1,1177.15,1093.24693426701,1261.05306573299,132.849999999999,1
"03.de 40 a 49 anios","03.de 40 a 49 anios",2024,"02",1202,3,105,244,28,0,2,0,2024-02-01,2,1075.55,991.646934267013,1159.45306573298,126.450000000003,1
"03.de 40 a 49 anios","03.de 40 a 49 anios",2024,"03",1412,3,135,265,33,0,7,2,2024-03-01,3,1153.75,1069.84693426701,1237.65306573299,258.25,1
"03.de 40 a 49 anios","03.de 40 a 49 anios",2024,"04",1283,0,153,287,26,0,9,1,2024-04-01,4,1097.75,1013.84693426701,1181.65306573299,185.25,1
"03.de 40 a 49 anios","03.de 40 a 49 anios",2024,"05",1395,2,167,296,36,0,4,2,2024-05-01,5,1195.55,1111.64693426701,1279.45306573299,199.45,1
"03.de 40 a 49 anios","03.de 40 a 49 anios",2024,"06",1272,0,149,267,35,0,4,4,2024-06-01,6,1260.55,1176.64693426701,1344.45306573299,11.4500000000003,1
"03.de 40 a 49 anios","03.de 40 a 49 anios",2024,"07",1375,2,146,303,37,0,6,1,2024-07-01,7,1271.75,1187.84693426701,1355.65306573299,103.25,1
"03.de 40 a 49 anios","03.de 40 a 49 anios",2024,"08",1213,1,126,267,23,0,4,7,2024-08-01,8,1180.75,1096.84693426701,1264.65306573299,32.2500000000002,1
"03.de 40 a 49 anios","03.de 40 a 49 anios",2024,"09",1162,1,124,224,23,0,1,3,2024-09-01,9,1151.75,1067.84693426701,1235.65306573299,10.2500000000002,1
"03.de 40 a 49 anios","03.de 40 a 49 anios",2024,"10",1208,2,130,268,20,0,2,2,2024-10-01,10,1134.95,1051.04693426701,1218.85306573299,73.0500000000004,1
"03.de 40 a 49 anios","03.de 40 a 49 anios",2024,"11",1120,0,117,229,28,0,2,2,2024-11-01,11,1067.75,983.846934267011,1151.65306573299,52.25,1
"03.de 40 a 49 anios","03.de 40 a 49 anios",2024,"12",1102,0,87,202,21,0,1,0,2024-12-01,12,1197.35,1113.44693426701,1281.25306573299,-95.3499999999999,1
"04.de 50 a 59 anios","04.de 50 a 59 anios",2015,"01",2276,0,170,523,72,1,5,4,2015-01-01,1,2308.03333333331,2200.48473183336,2415.58193483327,-32.033333333311,0
"04.de 50 a 59 anios","04.de 50 a 59 anios",2015,"02",1983,0,153,443,73,0,0,4,2015-02-01,2,2053.23333333334,1945.68473183338,2160.7819348333,-70.2333333333372,0
"04.de 50 a 59 anios","04.de 50 a 59 anios",2015,"03",2266,0,170,463,84,1,5,1,2015-03-01,3,2327.03333333333,2219.48473183337,2434.58193483328,-61.0333333333256,0
"04.de 50 a 59 anios","04.de 50 a 59 anios",2015,"04",2275,0,178,568,55,1,8,2,2015-04-01,4,2247.03333333332,2139.48473183336,2354.58193483328,27.966666666679,0
"04.de 50 a 59 anios","04.de 50 a 59 anios",2015,"05",2359,0,225,570,89,1,5,1,2015-05-01,5,2477.83333333332,2370.28473183336,2585.38193483328,-118.83333333332,0
"04.de 50 a 59 anios","04.de 50 a 59 anios",2015,"06",2400,0,237,572,82,0,11,2,2015-06-01,6,2623.63333333332,2516.08473183336,2731.18193483328,-223.633333333321,0
"04.de 50 a 59 anios","04.de 50 a 59 anios",2015,"07",2525,0,276,622,73,1,4,3,2015-07-01,7,2618.03333333332,2510.48473183336,2725.58193483328,-93.0333333333233,0
"04.de 50 a 59 anios","04.de 50 a 59 anios",2015,"08",2564,0,275,665,84,0,5,3,2015-08-01,8,2521.83333333332,2414.28473183336,2629.38193483328,42.1666666666779,0
"04.de 50 a 59 anios","04.de 50 a 59 anios",2015,"09",2323,0,267,604,85,1,3,1,2015-09-01,9,2327.83333333332,2220.28473183336,2435.38193483328,-4.83333333332212,0
"04.de 50 a 59 anios","04.de 50 a 59 anios",2015,"10",2273,0,208,539,71,0,8,6,2015-10-01,10,2294.63333333332,2187.08473183336,2402.18193483328,-21.6333333333218,0
"04.de 50 a 59 anios","04.de 50 a 59 anios",2015,"11",2227,0,191,547,79,1,4,3,2015-11-01,11,2153.23333333332,2045.68473183336,2260.78193483328,73.7666666666796,0
"04.de 50 a 59 anios","04.de 50 a 59 anios",2015,"12",2360,0,203,539,91,1,2,5,2015-12-01,12,2309.23333333332,2201.68473183336,2416.78193483328,50.7666666666787,0
"04.de 50 a 59 anios","04.de 50 a 59 anios",2016,"01",2347,0,223,540,70,1,4,4,2016-01-01,1,2274.71666666665,2173.09279044451,2376.34054288878,72.2833333333547,0
"04.de 50 a 59 anios","04.de 50 a 59 anios",2016,"02",2196,0,170,493,67,2,5,3,2016-02-01,2,2019.91666666667,1918.29279044453,2121.54054288881,176.083333333328,0
"04.de 50 a 59 anios","04.de 50 a 59 anios",2016,"03",2378,0,200,547,76,1,5,5,2016-03-01,3,2293.71666666666,2192.09279044452,2395.3405428888,84.2833333333401,0
"04.de 50 a 59 anios","04.de 50 a 59 anios",2016,"04",2362,0,217,560,92,0,4,5,2016-04-01,4,2213.71666666666,2112.09279044452,2315.34054288879,148.283333333345,0
"04.de 50 a 59 anios","04.de 50 a 59 anios",2016,"05",2797,0,376,690,100,0,7,7,2016-05-01,5,2444.51666666665,2342.89279044452,2546.14054288879,352.483333333345,0
"04.de 50 a 59 anios","04.de 50 a 59 anios",2016,"06",2970,0,541,709,114,1,8,7,2016-06-01,6,2590.31666666666,2488.69279044452,2691.94054288879,379.683333333345,0
"04.de 50 a 59 anios","04.de 50 a 59 anios",2016,"07",2647,0,361,654,86,1,9,5,2016-07-01,7,2584.71666666666,2483.09279044452,2686.3405428888,62.2833333333424,0
"04.de 50 a 59 anios","04.de 50 a 59 anios",2016,"08",2391,0,283,623,71,0,7,4,2016-08-01,8,2488.51666666666,2386.89279044452,2590.1405428888,-97.5166666666564,0
"04.de 50 a 59 anios","04.de 50 a 59 anios",2016,"09",2343,0,251,600,82,1,3,2,2016-09-01,9,2294.51666666666,2192.89279044452,2396.1405428888,48.4833333333436,0
"04.de 50 a 59 anios","04.de 50 a 59 anios",2016,"10",2175,0,194,499,71,3,2,4,2016-10-01,10,2261.31666666666,2159.69279044452,2362.9405428888,-86.3166666666561,0
"04.de 50 a 59 anios","04.de 50 a 59 anios",2016,"11",2032,0,172,503,67,1,5,3,2016-11-01,11,2119.91666666665,2018.29279044452,2221.54054288879,-87.9166666666547,0
"04.de 50 a 59 anios","04.de 50 a 59 anios",2016,"12",2234,0,180,536,78,0,7,7,2016-12-01,12,2275.91666666666,2174.29279044452,2377.54054288879,-41.9166666666556,0
"04.de 50 a 59 anios","04.de 50 a 59 anios",2017,"01",2213,0,190,489,70,0,7,5,2017-01-01,1,2241.39999999999,2141.82934302875,2340.97065697124,-28.3999999999942,0
"04.de 50 a 59 anios","04.de 50 a 59 anios",2017,"02",1972,0,153,438,60,0,3,1,2017-02-01,2,1986.60000000002,1887.02934302878,2086.17065697126,-14.6000000000204,0
"04.de 50 a 59 anios","04.de 50 a 59 anios",2017,"03",2192,0,199,529,60,0,1,2,2017-03-01,3,2260.40000000001,2160.82934302877,2359.97065697125,-68.4000000000087,0
"04.de 50 a 59 anios","04.de 50 a 59 anios",2017,"04",2057,0,185,477,76,1,9,2,2017-04-01,4,2180.4,2080.82934302876,2279.97065697125,-123.400000000004,0
"04.de 50 a 59 anios","04.de 50 a 59 anios",2017,"05",2350,0,234,603,92,0,7,3,2017-05-01,5,2411.2,2311.62934302876,2510.77065697124,-61.2000000000035,0
"04.de 50 a 59 anios","04.de 50 a 59 anios",2017,"06",2519,0,352,597,87,2,4,5,2017-06-01,6,2557,2457.42934302876,2656.57065697125,-38.0000000000041,0
"04.de 50 a 59 anios","04.de 50 a 59 anios",2017,"07",2526,0,329,626,80,0,6,4,2017-07-01,7,2551.40000000001,2451.82934302876,2650.97065697125,-25.4000000000065,0
"04.de 50 a 59 anios","04.de 50 a 59 anios",2017,"08",2352,0,240,573,87,0,11,0,2017-08-01,8,2455.20000000001,2355.62934302876,2554.77065697125,-103.200000000005,0
"04.de 50 a 59 anios","04.de 50 a 59 anios",2017,"09",2155,0,263,509,64,1,4,2,2017-09-01,9,2261.20000000001,2161.62934302876,2360.77065697125,-106.200000000005,0
"04.de 50 a 59 anios","04.de 50 a 59 anios",2017,"10",2236,0,218,543,84,0,7,4,2017-10-01,10,2228.00000000001,2128.42934302876,2327.57065697125,7.999999999995,0
"04.de 50 a 59 anios","04.de 50 a 59 anios",2017,"11",2059,0,207,494,64,0,5,6,2017-11-01,11,2086.6,1987.02934302876,2186.17065697125,-27.6000000000035,0
"04.de 50 a 59 anios","04.de 50 a 59 anios",2017,"12",2253,0,201,552,62,0,5,3,2017-12-01,12,2242.6,2143.02934302876,2342.17065697125,10.3999999999955,0
"04.de 50 a 59 anios","04.de 50 a 59 anios",2018,"01",2224,0,196,518,88,1,4,1,2018-01-01,1,2208.08333333333,2106.45945711119,2309.70720955547,15.9166666666715,0
"04.de 50 a 59 anios","04.de 50 a 59 anios",2018,"02",1919,0,179,435,61,0,7,2,2018-02-01,2,1953.28333333335,1851.65945711122,2054.90720955549,-34.2833333333547,0
"04.de 50 a 59 anios","04.de 50 a 59 anios",2018,"03",2158,0,185,494,73,2,4,1,2018-03-01,3,2227.08333333334,2125.4594571112,2328.70720955548,-69.083333333343,0
"04.de 50 a 59 anios","04.de 50 a 59 anios",2018,"04",2201,0,195,465,76,0,6,2,2018-04-01,4,2147.08333333334,2045.4594571112,2248.70720955548,53.9166666666615,0
"04.de 50 a 59 anios","04.de 50 a 59 anios",2018,"05",2277,0,190,585,65,0,4,2,2018-05-01,5,2377.88333333334,2276.2594571112,2479.50720955548,-100.883333333338,0
"04.de 50 a 59 anios","04.de 50 a 59 anios",2018,"06",2442,0,277,580,79,0,3,2,2018-06-01,6,2523.68333333334,2422.0594571112,2625.30720955548,-81.6833333333384,0
"04.de 50 a 59 anios","04.de 50 a 59 anios",2018,"07",2489,0,292,629,78,0,8,2,2018-07-01,7,2518.08333333334,2416.4594571112,2619.70720955548,-29.0833333333408,0
"04.de 50 a 59 anios","04.de 50 a 59 anios",2018,"08",2521,0,379,603,112,0,12,1,2018-08-01,8,2421.88333333334,2320.2594571112,2523.50720955548,99.1166666666604,0
"04.de 50 a 59 anios","04.de 50 a 59 anios",2018,"09",2210,0,314,517,86,0,4,3,2018-09-01,9,2227.88333333334,2126.2594571112,2329.50720955548,-17.8833333333396,0
"04.de 50 a 59 anios","04.de 50 a 59 anios",2018,"10",2234,0,211,552,73,0,6,3,2018-10-01,10,2194.68333333334,2093.0594571112,2296.30720955548,39.3166666666607,0
"04.de 50 a 59 anios","04.de 50 a 59 anios",2018,"11",2056,0,185,479,80,0,3,3,2018-11-01,11,2053.28333333334,1951.6594571112,2154.90720955548,2.71666666666215,0
"04.de 50 a 59 anios","04.de 50 a 59 anios",2018,"12",2179,0,198,526,88,1,3,2,2018-12-01,12,2209.28333333334,2107.6594571112,2310.90720955548,-30.2833333333388,0
"04.de 50 a 59 anios","04.de 50 a 59 anios",2019,"01",2147,0,168,538,57,0,8,2,2019-01-01,1,2174.76666666666,2067.2180651667,2282.31526816662,-27.7666666666628,0
"04.de 50 a 59 anios","04.de 50 a 59 anios",2019,"02",1863,0,143,440,92,0,2,3,2019-02-01,2,1919.96666666669,1812.41806516674,2027.51526816664,-56.966666666689,0
"04.de 50 a 59 anios","04.de 50 a 59 anios",2019,"03",2308,0,205,534,69,0,5,5,2019-03-01,3,2193.76666666668,2086.21806516672,2301.31526816663,114.233333333323,0
"04.de 50 a 59 anios","04.de 50 a 59 anios",2019,"04",2007,0,215,460,67,0,5,2,2019-04-01,4,2113.76666666667,2006.21806516672,2221.31526816663,-106.766666666673,0
"04.de 50 a 59 anios","04.de 50 a 59 anios",2019,"05",2273,0,220,568,94,0,7,4,2019-05-01,5,2344.56666666667,2237.01806516671,2452.11526816663,-71.5666666666721,0
"04.de 50 a 59 anios","04.de 50 a 59 anios",2019,"06",2454,0,328,597,106,0,4,2,2019-06-01,6,2490.36666666667,2382.81806516672,2597.91526816663,-36.3666666666727,0
"04.de 50 a 59 anios","04.de 50 a 59 anios",2019,"07",2570,0,370,654,99,1,2,0,2019-07-01,7,2484.76666666668,2377.21806516672,2592.31526816663,85.2333333333249,0
"04.de 50 a 59 anios","04.de 50 a 59 anios",2019,"08",2448,0,297,586,95,0,8,2,2019-08-01,8,2388.56666666667,2281.01806516672,2496.11526816663,59.4333333333261,0
"04.de 50 a 59 anios","04.de 50 a 59 anios",2019,"09",2275,0,267,574,70,2,2,4,2019-09-01,9,2194.56666666667,2087.01806516672,2302.11526816663,80.4333333333261,0
"04.de 50 a 59 anios","04.de 50 a 59 anios",2019,"10",2222,0,228,533,83,0,8,2,2019-10-01,10,2161.36666666667,2053.81806516672,2268.91526816663,60.6333333333264,0
"04.de 50 a 59 anios","04.de 50 a 59 anios",2019,"11",2059,0,173,486,71,0,4,2,2019-11-01,11,2019.96666666667,1912.41806516671,2127.51526816663,39.0333333333281,0
"04.de 50 a 59 anios","04.de 50 a 59 anios",2019,"12",2187,0,190,485,81,0,8,1,2019-12-01,12,2175.96666666667,2068.41806516672,2283.51526816663,11.0333333333269,0
"04.de 50 a 59 anios","04.de 50 a 59 anios",2020,"01",2158,0,198,482,68,0,4,4,2020-01-01,1,2141.45,2024.69305533187,2258.20694466813,16.5500000000029,0
"04.de 50 a 59 anios","04.de 50 a 59 anios",2020,"02",2058,0,200,530,67,1,4,4,2020-02-01,2,1886.65000000002,1769.8930553319,2003.40694466815,171.349999999977,0
"04.de 50 a 59 anios","04.de 50 a 59 anios",2020,"03",2161,9,211,496,67,0,3,2,2020-03-01,3,2160.45000000001,2043.69305533188,2277.20694466814,0.549999999988358,0
"04.de 50 a 59 anios","04.de 50 a 59 anios",2020,"04",1991,23,225,429,58,2,4,3,2020-04-01,4,2080.45000000001,1963.69305533188,2197.20694466813,-89.4500000000071,0
"04.de 50 a 59 anios","04.de 50 a 59 anios",2020,"05",2167,50,188,509,87,0,6,0,2020-05-01,5,2311.25000000001,2194.49305533188,2428.00694466814,-144.250000000006,0
"04.de 50 a 59 anios","04.de 50 a 59 anios",2020,"06",2301,162,221,558,77,0,6,6,2020-06-01,6,2457.05000000001,2340.29305533188,2573.80694466813,-156.050000000007,0
"04.de 50 a 59 anios","04.de 50 a 59 anios",2020,"07",2789,422,227,611,104,0,6,2,2020-07-01,7,2451.45000000001,2334.69305533188,2568.20694466814,337.549999999991,0
"04.de 50 a 59 anios","04.de 50 a 59 anios",2020,"08",3009,771,256,598,94,0,3,0,2020-08-01,8,2355.25000000001,2238.49305533188,2472.00694466814,653.749999999992,0
"04.de 50 a 59 anios","04.de 50 a 59 anios",2020,"09",3328,1118,298,566,82,1,2,2,2020-09-01,9,2161.25000000001,2044.49305533188,2278.00694466814,1166.74999999999,0
"04.de 50 a 59 anios","04.de 50 a 59 anios",2020,"10",3451,1260,281,576,93,1,6,2,2020-10-01,10,2128.05000000001,2011.29305533188,2244.80694466813,1322.94999999999,0
"04.de 50 a 59 anios","04.de 50 a 59 anios",2020,"11",2980,891,236,531,83,1,4,4,2020-11-01,11,1986.65000000001,1869.89305533188,2103.40694466814,993.349999999994,0
"04.de 50 a 59 anios","04.de 50 a 59 anios",2020,"12",2691,442,236,514,91,1,2,3,2020-12-01,12,2142.65000000001,2025.89305533188,2259.40694466813,548.349999999993,0
"04.de 50 a 59 anios","04.de 50 a 59 anios",2021,"01",2936,558,271,556,75,1,8,7,2021-01-01,1,2108.13333333333,1979.58816792703,2236.67849873963,827.866666666669,1
"04.de 50 a 59 anios","04.de 50 a 59 anios",2021,"02",2636,393,254,550,73,0,0,2,2021-02-01,2,1853.33333333336,1724.78816792707,1981.87849873965,782.666666666642,1
"04.de 50 a 59 anios","04.de 50 a 59 anios",2021,"03",2779,428,259,587,62,0,6,4,2021-03-01,3,2127.13333333335,1998.58816792705,2255.67849873964,651.866666666654,1
"04.de 50 a 59 anios","04.de 50 a 59 anios",2021,"04",3800,1409,285,588,95,1,8,2,2021-04-01,4,2047.13333333334,1918.58816792705,2175.67849873964,1752.86666666666,1
"04.de 50 a 59 anios","04.de 50 a 59 anios",2021,"05",5825,3136,451,666,101,0,7,2,2021-05-01,5,2277.93333333334,2149.38816792704,2406.47849873964,3547.06666666666,1
"04.de 50 a 59 anios","04.de 50 a 59 anios",2021,"06",6478,3610,539,700,114,2,9,1,2021-06-01,6,2423.73333333334,2295.18816792705,2552.27849873964,4054.26666666666,1
"04.de 50 a 59 anios","04.de 50 a 59 anios",2021,"07",4464,1751,422,745,106,2,7,4,2021-07-01,7,2418.13333333334,2289.58816792705,2546.67849873964,2045.86666666666,1
"04.de 50 a 59 anios","04.de 50 a 59 anios",2021,"08",3185,704,346,614,106,0,3,3,2021-08-01,8,2321.93333333334,2193.38816792705,2450.47849873964,863.066666666658,1
"04.de 50 a 59 anios","04.de 50 a 59 anios",2021,"09",2479,205,244,576,79,0,7,4,2021-09-01,9,2127.93333333334,1999.38816792705,2256.47849873964,351.066666666658,1
"04.de 50 a 59 anios","04.de 50 a 59 anios",2021,"10",2305,44,227,557,79,0,4,3,2021-10-01,10,2094.73333333334,1966.18816792705,2223.27849873964,210.266666666658,1
"04.de 50 a 59 anios","04.de 50 a 59 anios",2021,"11",2160,31,216,495,84,1,2,2,2021-11-01,11,1953.33333333334,1824.78816792704,2081.87849873964,206.666666666659,1
"04.de 50 a 59 anios","04.de 50 a 59 anios",2021,"12",2445,68,251,598,83,0,7,6,2021-12-01,12,2109.33333333334,1980.78816792705,2237.87849873964,335.666666666658,1
"04.de 50 a 59 anios","04.de 50 a 59 anios",2022,"01",3353,681,333,662,99,1,6,6,2022-01-01,1,2074.81666666667,1932.54323995638,2217.09009337695,1278.18333333333,1
"04.de 50 a 59 anios","04.de 50 a 59 anios",2022,"02",2449,328,290,470,71,0,4,2,2022-02-01,2,1820.01666666669,1677.74323995642,1962.29009337696,628.983333333308,1
"04.de 50 a 59 anios","04.de 50 a 59 anios",2022,"03",2532,49,317,588,89,0,7,7,2022-03-01,3,2093.81666666668,1951.54323995641,2236.09009337695,438.18333333332,1
"04.de 50 a 59 anios","04.de 50 a 59 anios",2022,"04",2278,11,259,546,79,0,10,5,2022-04-01,4,2013.81666666668,1871.5432399564,2156.09009337695,264.183333333324,1
"04.de 50 a 59 anios","04.de 50 a 59 anios",2022,"05",2385,22,263,621,86,0,6,3,2022-05-01,5,2244.61666666667,2102.3432399564,2386.89009337695,140.383333333325,1
"04.de 50 a 59 anios","04.de 50 a 59 anios",2022,"06",2508,43,279,640,94,1,9,2,2022-06-01,6,2390.41666666668,2248.1432399564,2532.69009337695,117.583333333324,1
"04.de 50 a 59 anios","04.de 50 a 59 anios",2022,"07",2615,61,322,674,81,0,9,3,2022-07-01,7,2384.81666666668,2242.5432399564,2527.09009337695,230.183333333322,1
"04.de 50 a 59 anios","04.de 50 a 59 anios",2022,"08",2428,63,274,608,107,0,4,5,2022-08-01,8,2288.61666666668,2146.3432399564,2430.89009337695,139.383333333323,1
"04.de 50 a 59 anios","04.de 50 a 59 anios",2022,"09",2238,28,261,526,76,0,10,3,2022-09-01,9,2094.61666666668,1952.3432399564,2236.89009337695,143.383333333323,1
"04.de 50 a 59 anios","04.de 50 a 59 anios",2022,"10",2211,11,226,546,79,0,7,4,2022-10-01,10,2061.41666666668,1919.1432399564,2203.69009337695,149.583333333323,1
"04.de 50 a 59 anios","04.de 50 a 59 anios",2022,"11",2262,13,255,555,79,1,4,4,2022-11-01,11,1920.01666666667,1777.7432399564,2062.29009337695,341.983333333325,1
"04.de 50 a 59 anios","04.de 50 a 59 anios",2022,"12",2424,51,248,564,91,0,6,4,2022-12-01,12,2076.01666666668,1933.7432399564,2218.29009337695,347.983333333324,1
"04.de 50 a 59 anios","04.de 50 a 59 anios",2023,"01",2314,43,239,510,80,0,4,2,2023-01-01,1,2041.5,1884.06496792679,2198.93503207321,272.5,1
"04.de 50 a 59 anios","04.de 50 a 59 anios",2023,"02",1986,10,195,457,77,0,5,3,2023-02-01,2,1786.70000000003,1629.26496792683,1944.13503207323,199.299999999974,1
"04.de 50 a 59 anios","04.de 50 a 59 anios",2023,"03",2236,6,226,525,73,1,7,3,2023-03-01,3,2060.50000000001,1903.06496792681,2217.93503207322,175.499999999985,1
"04.de 50 a 59 anios","04.de 50 a 59 anios",2023,"04",2165,5,196,528,76,0,5,4,2023-04-01,4,1980.50000000001,1823.0649679268,2137.93503207322,184.49999999999,1
"04.de 50 a 59 anios","04.de 50 a 59 anios",2023,"05",2252,2,232,557,65,1,5,5,2023-05-01,5,2211.30000000001,2053.8649679268,2368.73503207322,40.6999999999907,1
"04.de 50 a 59 anios","04.de 50 a 59 anios",2023,"06",2408,7,317,645,86,0,11,3,2023-06-01,6,2357.10000000001,2199.6649679268,2514.53503207322,50.8999999999901,1
"04.de 50 a 59 anios","04.de 50 a 59 anios",2023,"07",2425,8,327,610,79,1,6,2,2023-07-01,7,2351.50000000001,2194.06496792681,2508.93503207322,73.4999999999877,1
"04.de 50 a 59 anios","04.de 50 a 59 anios",2023,"08",2352,9,261,602,80,0,4,1,2023-08-01,8,2255.30000000001,2097.86496792681,2412.73503207322,96.6999999999889,1
"04.de 50 a 59 anios","04.de 50 a 59 anios",2023,"09",2294,6,254,590,54,1,12,2,2023-09-01,9,2061.30000000001,1903.86496792681,2218.73503207322,232.699999999989,1
"04.de 50 a 59 anios","04.de 50 a 59 anios",2023,"10",2235,8,226,580,59,1,5,3,2023-10-01,10,2028.10000000001,1870.66496792681,2185.53503207322,206.899999999989,1
"04.de 50 a 59 anios","04.de 50 a 59 anios",2023,"11",2143,2,193,521,64,1,5,5,2023-11-01,11,1886.70000000001,1729.2649679268,2044.13503207322,256.299999999991,1
"04.de 50 a 59 anios","04.de 50 a 59 anios",2023,"12",2256,1,205,521,80,0,6,5,2023-12-01,12,2042.70000000001,1885.2649679268,2200.13503207322,213.29999999999,1
"04.de 50 a 59 anios","04.de 50 a 59 anios",2024,"01",2285,6,238,522,59,1,5,5,2024-01-01,1,2008.18333333333,1834.52837752338,2181.83828914329,276.816666666666,1
"04.de 50 a 59 anios","04.de 50 a 59 anios",2024,"02",2200,11,224,514,73,1,8,4,2024-02-01,2,1753.38333333336,1579.72837752342,1927.0382891433,446.61666666664,1
"04.de 50 a 59 anios","04.de 50 a 59 anios",2024,"03",2470,6,270,562,62,0,7,3,2024-03-01,3,2027.18333333335,1853.5283775234,2200.83828914329,442.816666666651,1
"04.de 50 a 59 anios","04.de 50 a 59 anios",2024,"04",2442,3,263,622,87,1,7,3,2024-04-01,4,1947.18333333334,1773.52837752339,2120.83828914329,494.816666666656,1
"04.de 50 a 59 anios","04.de 50 a 59 anios",2024,"05",2510,1,314,628,79,0,7,0,2024-05-01,5,2177.98333333334,2004.3283775234,2351.63828914329,332.016666666656,1
"04.de 50 a 59 anios","04.de 50 a 59 anios",2024,"06",2495,1,360,609,90,0,7,3,2024-06-01,6,2323.78333333334,2150.12837752339,2497.43828914329,171.216666666656,1
"04.de 50 a 59 anios","04.de 50 a 59 anios",2024,"07",2474,0,350,675,84,1,6,4,2024-07-01,7,2318.18333333335,2144.5283775234,2491.83828914329,155.816666666653,1
"04.de 50 a 59 anios","04.de 50 a 59 anios",2024,"08",2353,1,292,616,87,1,6,4,2024-08-01,8,2221.98333333335,2048.3283775234,2395.63828914329,131.016666666655,1
"04.de 50 a 59 anios","04.de 50 a 59 anios",2024,"09",2293,2,263,565,82,1,4,1,2024-09-01,9,2027.98333333335,1854.3283775234,2201.63828914329,265.016666666655,1
"04.de 50 a 59 anios","04.de 50 a 59 anios",2024,"10",2161,3,239,529,58,0,5,7,2024-10-01,10,1994.78333333335,1821.1283775234,2168.43828914329,166.216666666655,1
"04.de 50 a 59 anios","04.de 50 a 59 anios",2024,"11",2079,1,216,484,68,1,11,0,2024-11-01,11,1853.38333333334,1679.7283775234,2027.03828914329,225.616666666657,1
"04.de 50 a 59 anios","04.de 50 a 59 anios",2024,"12",1904,1,202,432,50,1,7,4,2024-12-01,12,2009.38333333334,1835.72837752339,2183.03828914329,-105.383333333344,1
"05.de 60 a 69 anios","05.de 60 a 69 anios",2015,"01",4219,0,460,1074,197,1,9,6,2015-01-01,1,4320.61666666667,4119.65454998879,4521.57878334455,-101.616666666669,0
"05.de 60 a 69 anios","05.de 60 a 69 anios",2015,"02",3762,0,388,963,147,1,10,1,2015-02-01,2,3934.21666666665,3733.25454998876,4135.17878334455,-172.216666666653,0
"05.de 60 a 69 anios","05.de 60 a 69 anios",2015,"03",4173,0,462,1055,172,3,4,9,2015-03-01,3,4231.41666666666,4030.45454998878,4432.37878334455,-58.4166666666642,0
"05.de 60 a 69 anios","05.de 60 a 69 anios",2015,"04",4241,0,483,1094,165,6,16,5,2015-04-01,4,4196.41666666666,3995.45454998878,4397.37878334454,44.5833333333376,0
"05.de 60 a 69 anios","05.de 60 a 69 anios",2015,"05",4326,0,500,1231,183,1,7,5,2015-05-01,5,4659.41666666666,4458.45454998878,4860.37878334455,-333.416666666663,0
"05.de 60 a 69 anios","05.de 60 a 69 anios",2015,"06",4626,0,617,1266,208,5,10,9,2015-06-01,6,5164.81666666666,4963.85454998878,5365.77878334454,-538.816666666662,0
"05.de 60 a 69 anios","05.de 60 a 69 anios",2015,"07",5202,0,781,1490,235,6,11,7,2015-07-01,7,5319.61666666666,5118.65454998877,5520.57878334455,-117.616666666662,0
"05.de 60 a 69 anios","05.de 60 a 69 anios",2015,"08",4966,0,826,1331,203,5,14,15,2015-08-01,8,4973.41666666666,4772.45454998877,5174.37878334455,-7.41666666666151,0
"05.de 60 a 69 anios","05.de 60 a 69 anios",2015,"09",4674,0,709,1252,217,5,13,7,2015-09-01,9,4633.01666666666,4432.05454998877,4833.97878334455,40.9833333333381,0
"05.de 60 a 69 anios","05.de 60 a 69 anios",2015,"10",4643,0,661,1174,216,5,8,6,2015-10-01,10,4564.41666666666,4363.45454998878,4765.37878334455,78.5833333333376,0
"05.de 60 a 69 anios","05.de 60 a 69 anios",2015,"11",4226,0,501,1099,186,4,13,0,2015-11-01,11,4214.01666666666,4013.05454998878,4414.97878334455,11.9833333333363,0
"05.de 60 a 69 anios","05.de 60 a 69 anios",2015,"12",4525,0,513,1177,195,7,20,8,2015-12-01,12,4386.81666666666,4185.85454998878,4587.77878334455,138.183333333337,0
"05.de 60 a 69 anios","05.de 60 a 69 anios",2016,"01",4494,0,490,1189,200,4,17,5,2016-01-01,1,4337.10833333334,4147.21698202097,4526.99968464571,156.891666666663,0
"05.de 60 a 69 anios","05.de 60 a 69 anios",2016,"02",4212,0,480,1065,172,4,21,10,2016-02-01,2,3950.70833333332,3760.81698202095,4140.5996846457,261.291666666679,0
"05.de 60 a 69 anios","05.de 60 a 69 anios",2016,"03",4297,0,480,1162,149,5,11,8,2016-03-01,3,4247.90833333333,4058.01698202096,4437.7996846457,49.0916666666672,0
"05.de 60 a 69 anios","05.de 60 a 69 anios",2016,"04",4351,0,515,1198,145,8,10,9,2016-04-01,4,4212.90833333333,4023.01698202096,4402.7996846457,138.091666666669,0
"05.de 60 a 69 anios","05.de 60 a 69 anios",2016,"05",5358,0,905,1438,235,8,13,9,2016-05-01,5,4675.90833333333,4486.01698202096,4865.7996846457,682.091666666668,0
"05.de 60 a 69 anios","05.de 60 a 69 anios",2016,"06",5740,0,1106,1547,211,5,23,12,2016-06-01,6,5181.30833333333,4991.41698202096,5371.1996846457,558.691666666669,0
"05.de 60 a 69 anios","05.de 60 a 69 anios",2016,"07",5382,0,929,1520,200,5,14,7,2016-07-01,7,5336.10833333333,5146.21698202096,5525.9996846457,45.8916666666692,0
"05.de 60 a 69 anios","05.de 60 a 69 anios",2016,"08",4893,0,747,1344,212,8,15,7,2016-08-01,8,4989.90833333333,4800.01698202096,5179.7996846457,-96.9083333333301,0
"05.de 60 a 69 anios","05.de 60 a 69 anios",2016,"09",4687,0,669,1268,199,7,14,5,2016-09-01,9,4649.50833333333,4459.61698202096,4839.3996846457,37.4916666666695,0
"05.de 60 a 69 anios","05.de 60 a 69 anios",2016,"10",4531,0,625,1269,175,5,17,6,2016-10-01,10,4580.90833333333,4391.01698202096,4770.7996846457,-49.908333333331,0
"05.de 60 a 69 anios","05.de 60 a 69 anios",2016,"11",4269,0,511,1174,163,3,9,9,2016-11-01,11,4230.50833333333,4040.61698202096,4420.3996846457,38.4916666666677,0
"05.de 60 a 69 anios","05.de 60 a 69 anios",2016,"12",4285,0,549,1142,187,6,15,8,2016-12-01,12,4403.30833333333,4213.41698202096,4593.1996846457,-118.308333333332,0
"05.de 60 a 69 anios","05.de 60 a 69 anios",2017,"01",4262,0,482,1102,163,5,15,3,2017-01-01,1,4353.60000000001,4167.54523308688,4539.65476691313,-91.6000000000058,0
"05.de 60 a 69 anios","05.de 60 a 69 anios",2017,"02",3921,0,438,990,127,0,18,5,2017-02-01,2,3967.19999999999,3781.14523308686,4153.25476691312,-46.1999999999898,0
"05.de 60 a 69 anios","05.de 60 a 69 anios",2017,"03",4265,0,472,1130,166,3,12,10,2017-03-01,3,4264.4,4078.34523308687,4450.45476691313,0.599999999998545,0
"05.de 60 a 69 anios","05.de 60 a 69 anios",2017,"04",4153,0,523,1030,143,8,6,13,2017-04-01,4,4229.4,4043.34523308687,4415.45476691313,-76.3999999999996,0
"05.de 60 a 69 anios","05.de 60 a 69 anios",2017,"05",4748,0,675,1272,174,3,13,13,2017-05-01,5,4692.4,4506.34523308687,4878.45476691313,55.5999999999995,0
"05.de 60 a 69 anios","05.de 60 a 69 anios",2017,"06",5497,0,970,1564,227,3,17,8,2017-06-01,6,5197.8,5011.74523308687,5383.85476691313,299.200000000001,0
"05.de 60 a 69 anios","05.de 60 a 69 anios",2017,"07",5266,0,919,1386,215,9,19,8,2017-07-01,7,5352.6,5166.54523308687,5538.65476691313,-86.5999999999995,0
"05.de 60 a 69 anios","05.de 60 a 69 anios",2017,"08",4731,0,744,1282,180,8,17,1,2017-08-01,8,5006.4,4820.34523308687,5192.45476691313,-275.399999999999,0
"05.de 60 a 69 anios","05.de 60 a 69 anios",2017,"09",4381,0,628,1140,184,3,18,5,2017-09-01,9,4666,4479.94523308687,4852.05476691313,-284.999999999999,0
"05.de 60 a 69 anios","05.de 60 a 69 anios",2017,"10",4618,0,705,1219,149,5,23,5,2017-10-01,10,4597.4,4411.34523308687,4783.45476691313,20.6000000000004,0
"05.de 60 a 69 anios","05.de 60 a 69 anios",2017,"11",4225,0,554,1102,172,3,14,11,2017-11-01,11,4247,4060.94523308687,4433.05476691313,-22.0000000000009,0
"05.de 60 a 69 anios","05.de 60 a 69 anios",2017,"12",4396,0,549,1179,166,3,16,6,2017-12-01,12,4419.8,4233.74523308687,4605.85476691313,-23.8000000000002,0
"05.de 60 a 69 anios","05.de 60 a 69 anios",2018,"01",4448,0,513,1157,169,5,15,5,2018-01-01,1,4370.09166666667,4180.2003153543,4559.98301797905,77.9083333333256,0
"05.de 60 a 69 anios","05.de 60 a 69 anios",2018,"02",3997,0,439,1046,134,3,14,3,2018-02-01,2,3983.69166666666,3793.80031535429,4173.58301797902,13.3083333333416,0
"05.de 60 a 69 anios","05.de 60 a 69 anios",2018,"03",4337,0,525,1127,137,4,11,6,2018-03-01,3,4280.89166666667,4091.0003153543,4470.78301797904,56.1083333333299,0
"05.de 60 a 69 anios","05.de 60 a 69 anios",2018,"04",4246,0,499,1064,157,3,12,6,2018-04-01,4,4245.89166666667,4056.0003153543,4435.78301797904,0.108333333331757,0
"05.de 60 a 69 anios","05.de 60 a 69 anios",2018,"05",4526,0,569,1236,167,4,22,8,2018-05-01,5,4708.89166666667,4519.0003153543,4898.78301797904,-182.891666666669,0
"05.de 60 a 69 anios","05.de 60 a 69 anios",2018,"06",4953,0,729,1334,221,3,14,10,2018-06-01,6,5214.29166666667,5024.4003153543,5404.18301797904,-261.291666666668,0
"05.de 60 a 69 anios","05.de 60 a 69 anios",2018,"07",5240,0,831,1425,234,4,10,2,2018-07-01,7,5369.09166666667,5179.2003153543,5558.98301797904,-129.091666666668,0
"05.de 60 a 69 anios","05.de 60 a 69 anios",2018,"08",5350,0,932,1397,235,2,11,2,2018-08-01,8,5022.89166666667,4833.0003153543,5212.78301797904,327.108333333333,0
"05.de 60 a 69 anios","05.de 60 a 69 anios",2018,"09",4869,0,865,1279,203,3,19,8,2018-09-01,9,4682.49166666667,4492.6003153543,4872.38301797904,186.508333333332,0
"05.de 60 a 69 anios","05.de 60 a 69 anios",2018,"10",4570,0,652,1227,174,4,15,6,2018-10-01,10,4613.89166666667,4424.0003153543,4803.78301797904,-43.8916666666682,0
"05.de 60 a 69 anios","05.de 60 a 69 anios",2018,"11",4212,0,556,1094,176,2,14,5,2018-11-01,11,4263.49166666667,4073.6003153543,4453.38301797904,-51.4916666666695,0
"05.de 60 a 69 anios","05.de 60 a 69 anios",2018,"12",4458,0,568,1168,177,5,13,4,2018-12-01,12,4436.29166666667,4246.4003153543,4626.18301797904,21.7083333333312,0
"05.de 60 a 69 anios","05.de 60 a 69 anios",2019,"01",4345,0,503,1168,183,1,18,8,2019-01-01,1,4386.58333333334,4185.62121665546,4587.54545001123,-41.583333333343,0
"05.de 60 a 69 anios","05.de 60 a 69 anios",2019,"02",3944,0,465,1017,163,7,10,7,2019-02-01,2,4000.18333333333,3799.22121665545,4201.1454500112,-56.183333333327,0
"05.de 60 a 69 anios","05.de 60 a 69 anios",2019,"03",4250,0,515,1140,133,7,8,5,2019-03-01,3,4297.38333333334,4096.42121665546,4498.34545001122,-47.3833333333387,0
"05.de 60 a 69 anios","05.de 60 a 69 anios",2019,"04",4156,0,532,1069,151,6,11,3,2019-04-01,4,4262.38333333334,4061.42121665546,4463.34545001122,-106.383333333337,0
"05.de 60 a 69 anios","05.de 60 a 69 anios",2019,"05",4504,0,582,1198,170,7,15,15,2019-05-01,5,4725.38333333334,4524.42121665546,4926.34545001122,-221.383333333338,0
"05.de 60 a 69 anios","05.de 60 a 69 anios",2019,"06",5173,0,828,1458,215,10,11,10,2019-06-01,6,5230.78333333334,5029.82121665546,5431.74545001122,-57.7833333333365,0
"05.de 60 a 69 anios","05.de 60 a 69 anios",2019,"07",5673,0,983,1590,225,4,31,7,2019-07-01,7,5385.58333333334,5184.62121665545,5586.54545001122,287.416666666663,0
"05.de 60 a 69 anios","05.de 60 a 69 anios",2019,"08",5092,0,835,1344,225,5,16,4,2019-08-01,8,5039.38333333334,4838.42121665545,5240.34545001122,52.6166666666641,0
"05.de 60 a 69 anios","05.de 60 a 69 anios",2019,"09",4719,0,753,1258,190,3,18,4,2019-09-01,9,4698.98333333334,4498.02121665545,4899.94545001122,20.0166666666637,0
"05.de 60 a 69 anios","05.de 60 a 69 anios",2019,"10",4625,0,589,1258,177,4,17,6,2019-10-01,10,4630.38333333334,4429.42121665545,4831.34545001122,-5.38333333333685,0
"05.de 60 a 69 anios","05.de 60 a 69 anios",2019,"11",4303,0,571,1076,148,5,20,8,2019-11-01,11,4279.98333333334,4079.02121665546,4480.94545001122,23.0166666666619,0
"05.de 60 a 69 anios","05.de 60 a 69 anios",2019,"12",4435,0,550,1115,159,11,10,6,2019-12-01,12,4452.78333333334,4251.82121665546,4653.74545001122,-17.7833333333374,0
"05.de 60 a 69 anios","05.de 60 a 69 anios",2020,"01",4261,0,479,1097,161,2,20,11,2020-01-01,1,4403.07500000001,4184.90644726989,4621.24355273013,-142.075000000012,0
"05.de 60 a 69 anios","05.de 60 a 69 anios",2020,"02",4063,0,491,1068,160,5,15,5,2020-02-01,2,4016.675,3798.50644726989,4234.8435527301,46.3250000000044,0
"05.de 60 a 69 anios","05.de 60 a 69 anios",2020,"03",4353,9,580,1067,164,7,17,7,2020-03-01,3,4313.87500000001,4095.7064472699,4532.04355273012,39.1249999999927,0
"05.de 60 a 69 anios","05.de 60 a 69 anios",2020,"04",4145,58,516,1077,176,5,16,6,2020-04-01,4,4278.87500000001,4060.70644726989,4497.04355273012,-133.875000000005,0
"05.de 60 a 69 anios","05.de 60 a 69 anios",2020,"05",4417,106,531,1173,197,2,11,6,2020-05-01,5,4741.87500000001,4523.70644726989,4960.04355273012,-324.875000000006,0
"05.de 60 a 69 anios","05.de 60 a 69 anios",2020,"06",4559,260,572,1222,192,2,15,5,2020-06-01,6,5247.27500000001,5029.10644726989,5465.44355273012,-688.275000000005,0
"05.de 60 a 69 anios","05.de 60 a 69 anios",2020,"07",5695,823,653,1421,230,5,12,6,2020-07-01,7,5402.07500000001,5183.90644726989,5620.24355273012,292.924999999995,0
"05.de 60 a 69 anios","05.de 60 a 69 anios",2020,"08",6267,1610,733,1289,233,9,9,8,2020-08-01,8,5055.875,4837.70644726989,5274.04355273012,1211.125,0
"05.de 60 a 69 anios","05.de 60 a 69 anios",2020,"09",7421,2595,815,1276,263,3,17,6,2020-09-01,9,4715.475,4497.30644726989,4933.64355273012,2705.525,0
"05.de 60 a 69 anios","05.de 60 a 69 anios",2020,"10",7733,2937,760,1322,248,7,17,6,2020-10-01,10,4646.87500000001,4428.70644726989,4865.04355273012,3086.12499999999,0
"05.de 60 a 69 anios","05.de 60 a 69 anios",2020,"11",6133,1828,627,1101,173,6,10,2,2020-11-01,11,4296.47500000001,4078.3064472699,4514.64355273012,1836.52499999999,0
"05.de 60 a 69 anios","05.de 60 a 69 anios",2020,"12",5631,1051,651,1181,184,1,8,1,2020-12-01,12,4469.27500000001,4251.10644726989,4687.44355273012,1161.72499999999,0
"05.de 60 a 69 anios","05.de 60 a 69 anios",2021,"01",6028,1292,776,1231,166,2,16,9,2021-01-01,1,4419.56666666668,4179.37099542065,4659.76233791271,1608.43333333332,1
"05.de 60 a 69 anios","05.de 60 a 69 anios",2021,"02",5170,946,638,1099,148,0,12,10,2021-02-01,2,4033.16666666666,3792.97099542065,4273.36233791268,1136.83333333334,1
"05.de 60 a 69 anios","05.de 60 a 69 anios",2021,"03",5650,920,663,1285,171,3,10,8,2021-03-01,3,4330.36666666668,4090.17099542066,4570.56233791269,1319.63333333332,1
"05.de 60 a 69 anios","05.de 60 a 69 anios",2021,"04",7686,2849,868,1239,181,6,12,7,2021-04-01,4,4295.36666666667,4055.17099542065,4535.5623379127,3390.63333333333,1
"05.de 60 a 69 anios","05.de 60 a 69 anios",2021,"05",10702,5075,1121,1587,217,7,15,9,2021-05-01,5,4758.36666666667,4518.17099542065,4998.5623379127,5943.63333333333,1
"05.de 60 a 69 anios","05.de 60 a 69 anios",2021,"06",9580,4147,1012,1526,261,6,14,11,2021-06-01,6,5263.76666666667,5023.57099542065,5503.9623379127,4316.23333333333,1
"05.de 60 a 69 anios","05.de 60 a 69 anios",2021,"07",7622,2230,956,1537,245,5,23,13,2021-07-01,7,5418.56666666667,5178.37099542065,5658.7623379127,2203.43333333333,1
"05.de 60 a 69 anios","05.de 60 a 69 anios",2021,"08",6422,1224,852,1468,201,2,20,1,2021-08-01,8,5072.36666666667,4832.17099542065,5312.5623379127,1349.63333333333,1
"05.de 60 a 69 anios","05.de 60 a 69 anios",2021,"09",4847,376,663,1261,171,2,14,7,2021-09-01,9,4731.96666666667,4491.77099542065,4972.1623379127,115.033333333326,1
"05.de 60 a 69 anios","05.de 60 a 69 anios",2021,"10",4647,100,608,1237,183,3,14,5,2021-10-01,10,4663.36666666667,4423.17099542065,4903.5623379127,-16.3666666666741,1
"05.de 60 a 69 anios","05.de 60 a 69 anios",2021,"11",4548,82,628,1180,147,3,7,6,2021-11-01,11,4312.96666666668,4072.77099542065,4553.1623379127,235.033333333325,1
"05.de 60 a 69 anios","05.de 60 a 69 anios",2021,"12",4718,150,588,1205,177,5,12,7,2021-12-01,12,4485.76666666667,4245.57099542065,4725.9623379127,232.233333333325,1
"05.de 60 a 69 anios","05.de 60 a 69 anios",2022,"01",7012,1563,827,1478,247,8,24,10,2022-01-01,1,4436.05833333335,4170.21044149558,4701.90622517112,2575.94166666665,1
"05.de 60 a 69 anios","05.de 60 a 69 anios",2022,"02",5327,876,777,1180,169,9,16,7,2022-02-01,2,4049.65833333333,3783.81044149559,4315.50622517108,1277.34166666667,1
"05.de 60 a 69 anios","05.de 60 a 69 anios",2022,"03",5013,132,772,1279,164,5,24,7,2022-03-01,3,4346.85833333334,4081.01044149559,4612.7062251711,666.141666666656,1
"05.de 60 a 69 anios","05.de 60 a 69 anios",2022,"04",4854,33,791,1303,179,3,16,4,2022-04-01,4,4311.85833333334,4046.01044149558,4577.7062251711,542.141666666657,1
"05.de 60 a 69 anios","05.de 60 a 69 anios",2022,"05",5032,44,773,1400,197,3,18,5,2022-05-01,5,4774.85833333334,4509.01044149558,5040.7062251711,257.141666666656,1
"05.de 60 a 69 anios","05.de 60 a 69 anios",2022,"06",5412,116,846,1590,193,10,15,5,2022-06-01,6,5280.25833333334,5014.41044149558,5546.1062251711,131.741666666658,1
"05.de 60 a 69 anios","05.de 60 a 69 anios",2022,"07",5383,165,901,1443,192,4,15,6,2022-07-01,7,5435.05833333334,5169.21044149558,5700.9062251711,-52.0583333333425,1
"05.de 60 a 69 anios","05.de 60 a 69 anios",2022,"08",4963,186,758,1321,173,2,17,5,2022-08-01,8,5088.85833333334,4823.01044149558,5354.7062251711,-125.858333333342,1
"05.de 60 a 69 anios","05.de 60 a 69 anios",2022,"09",4748,64,750,1337,152,5,12,3,2022-09-01,9,4748.45833333334,4482.61044149558,5014.3062251711,-0.458333333342125,1
"05.de 60 a 69 anios","05.de 60 a 69 anios",2022,"10",4951,23,791,1385,156,1,17,5,2022-10-01,10,4679.85833333334,4414.01044149558,4945.7062251711,271.141666666657,1
"05.de 60 a 69 anios","05.de 60 a 69 anios",2022,"11",4382,11,651,1106,135,4,8,5,2022-11-01,11,4329.45833333334,4063.61044149558,4595.30622517111,52.5416666666561,1
"05.de 60 a 69 anios","05.de 60 a 69 anios",2022,"12",4906,131,714,1279,156,5,17,6,2022-12-01,12,4502.25833333334,4236.41044149558,4768.1062251711,403.741666666657,1
"05.de 60 a 69 anios","05.de 60 a 69 anios",2023,"01",4736,99,622,1178,161,8,15,6,2023-01-01,1,4452.55000000002,4158.37158351077,4746.72841648927,283.449999999983,1
"05.de 60 a 69 anios","05.de 60 a 69 anios",2023,"02",3990,15,523,1005,147,4,17,7,2023-02-01,2,4066.15,3771.97158351078,4360.32841648923,-76.1500000000015,1
"05.de 60 a 69 anios","05.de 60 a 69 anios",2023,"03",4527,20,592,1154,147,4,16,8,2023-03-01,3,4363.35000000001,4069.17158351078,4657.52841648925,163.649999999987,1
"05.de 60 a 69 anios","05.de 60 a 69 anios",2023,"04",4575,10,629,1170,159,1,19,6,2023-04-01,4,4328.35000000001,4034.17158351077,4622.52841648925,246.649999999989,1
"05.de 60 a 69 anios","05.de 60 a 69 anios",2023,"05",4840,11,743,1311,153,6,10,10,2023-05-01,5,4791.35000000001,4497.17158351077,5085.52841648925,48.6499999999878,1
"05.de 60 a 69 anios","05.de 60 a 69 anios",2023,"06",5159,12,871,1383,182,5,14,9,2023-06-01,6,5296.75000000001,5002.57158351077,5590.92841648925,-137.750000000011,1
"05.de 60 a 69 anios","05.de 60 a 69 anios",2023,"07",5196,24,887,1403,184,6,10,9,2023-07-01,7,5451.55000000001,5157.37158351077,5745.72841648925,-255.550000000011,1
"05.de 60 a 69 anios","05.de 60 a 69 anios",2023,"08",4818,20,761,1323,154,5,16,8,2023-08-01,8,5105.35000000001,4811.17158351077,5399.52841648925,-287.35000000001,1
"05.de 60 a 69 anios","05.de 60 a 69 anios",2023,"09",4685,16,697,1291,151,5,16,4,2023-09-01,9,4764.95000000001,4470.77158351077,5059.12841648925,-79.9500000000107,1
"05.de 60 a 69 anios","05.de 60 a 69 anios",2023,"10",4535,9,707,1215,146,4,9,5,2023-10-01,10,4696.35000000001,4402.17158351077,4990.52841648925,-161.350000000011,1
"05.de 60 a 69 anios","05.de 60 a 69 anios",2023,"11",4429,5,620,1154,146,5,15,3,2023-11-01,11,4345.95000000001,4051.77158351077,4640.12841648925,83.0499999999874,1
"05.de 60 a 69 anios","05.de 60 a 69 anios",2023,"12",4523,11,623,1148,158,4,13,8,2023-12-01,12,4518.75000000001,4224.57158351077,4812.92841648925,4.24999999998818,1
"05.de 60 a 69 anios","05.de 60 a 69 anios",2024,"01",4636,19,657,1135,164,8,11,7,2024-01-01,1,4469.04166666669,4144.55518330268,4793.52815003069,166.958333333314,1
"05.de 60 a 69 anios","05.de 60 a 69 anios",2024,"02",4452,33,622,1176,164,6,27,6,2024-02-01,2,4082.64166666667,3758.1551833027,4407.12815003064,369.35833333333,1
"05.de 60 a 69 anios","05.de 60 a 69 anios",2024,"03",5106,7,739,1370,173,3,20,10,2024-03-01,3,4379.84166666668,4055.35518330269,4704.32815003067,726.158333333318,1
"05.de 60 a 69 anios","05.de 60 a 69 anios",2024,"04",5163,5,811,1359,165,6,27,9,2024-04-01,4,4344.84166666668,4020.35518330269,4669.32815003067,818.15833333332,1
"05.de 60 a 69 anios","05.de 60 a 69 anios",2024,"05",5423,4,859,1511,204,14,17,11,2024-05-01,5,4807.84166666668,4483.35518330269,5132.32815003067,615.158333333319,1
"05.de 60 a 69 anios","05.de 60 a 69 anios",2024,"06",5274,3,1052,1407,162,6,21,9,2024-06-01,6,5313.24166666668,4988.75518330269,5637.72815003067,-39.2416666666795,1
"05.de 60 a 69 anios","05.de 60 a 69 anios",2024,"07",5618,2,1037,1567,205,4,20,11,2024-07-01,7,5468.04166666668,5143.55518330269,5792.52815003067,149.95833333332,1
"05.de 60 a 69 anios","05.de 60 a 69 anios",2024,"08",4980,1,854,1305,182,4,18,5,2024-08-01,8,5121.84166666668,4797.35518330269,5446.32815003067,-141.841666666679,1
"05.de 60 a 69 anios","05.de 60 a 69 anios",2024,"09",4574,4,793,1241,158,5,8,9,2024-09-01,9,4781.44166666668,4456.95518330269,5105.92815003067,-207.441666666679,1
"05.de 60 a 69 anios","05.de 60 a 69 anios",2024,"10",4410,5,693,1148,159,3,8,4,2024-10-01,10,4712.84166666668,4388.35518330269,5037.32815003067,-302.84166666668,1
"05.de 60 a 69 anios","05.de 60 a 69 anios",2024,"11",4103,4,575,1014,136,5,11,7,2024-11-01,11,4362.44166666668,4037.95518330269,4686.92815003067,-259.441666666681,1
"05.de 60 a 69 anios","05.de 60 a 69 anios",2024,"12",3889,2,544,966,119,4,12,5,2024-12-01,12,4535.24166666668,4210.75518330269,4859.72815003067,-646.24166666668,1
"06.de 70 a 79 anios","06.de 70 a 79 anios",2015,"01",5667,0,854,1707,168,26,28,21,2015-01-01,1,5877.90000000005,5565.13989742562,6190.66010257448,-210.900000000052,0
"06.de 70 a 79 anios","06.de 70 a 79 anios",2015,"02",5019,0,745,1500,158,16,15,16,2015-02-01,2,5183.89999999997,4871.13989742552,5496.66010257441,-164.899999999965,0
"06.de 70 a 79 anios","06.de 70 a 79 anios",2015,"03",5539,0,779,1658,192,30,33,13,2015-03-01,3,5729.70000000001,5416.93989742557,6042.46010257445,-190.700000000012,0
"06.de 70 a 79 anios","06.de 70 a 79 anios",2015,"04",5802,0,877,1733,212,23,29,18,2015-04-01,4,5806.30000000002,5493.53989742559,6119.06010257446,-4.30000000002383,0
"06.de 70 a 79 anios","06.de 70 a 79 anios",2015,"05",6244,0,948,1928,254,16,34,15,2015-05-01,5,6577.10000000003,6264.33989742559,6889.86010257446,-333.100000000027,0
"06.de 70 a 79 anios","06.de 70 a 79 anios",2015,"06",6576,0,1110,2070,265,23,26,24,2015-06-01,6,7442.70000000002,7129.93989742559,7755.46010257446,-866.700000000023,0
"06.de 70 a 79 anios","06.de 70 a 79 anios",2015,"07",7429,0,1396,2414,290,25,48,27,2015-07-01,7,7662.70000000002,7349.93989742558,7975.46010257446,-233.70000000002,0
"06.de 70 a 79 anios","06.de 70 a 79 anios",2015,"08",7121,0,1446,2208,276,29,31,17,2015-08-01,8,7172.30000000002,6859.53989742558,7485.06010257446,-51.3000000000211,0
"06.de 70 a 79 anios","06.de 70 a 79 anios",2015,"09",6681,0,1319,2057,224,16,37,16,2015-09-01,9,6561.10000000002,6248.33989742558,6873.86010257446,119.899999999979,0
"06.de 70 a 79 anios","06.de 70 a 79 anios",2015,"10",6486,0,1134,2025,219,23,28,18,2015-10-01,10,6396.90000000002,6084.13989742558,6709.66010257446,89.0999999999785,0
"06.de 70 a 79 anios","06.de 70 a 79 anios",2015,"11",5872,0,960,1733,233,26,23,22,2015-11-01,11,5797.30000000003,5484.53989742559,6110.06010257446,74.6999999999725,0
"06.de 70 a 79 anios","06.de 70 a 79 anios",2015,"12",6143,0,945,1792,220,17,31,13,2015-12-01,12,5984.50000000002,5671.73989742559,6297.26010257446,158.499999999975,0
"06.de 70 a 79 anios","06.de 70 a 79 anios",2016,"01",6273,0,1001,1784,239,33,33,16,2016-01-01,1,5975.65000000005,5680.11948162999,6271.18051837011,297.349999999948,0
"06.de 70 a 79 anios","06.de 70 a 79 anios",2016,"02",5601,0,907,1630,225,18,33,14,2016-02-01,2,5281.64999999997,4986.1194816299,5577.18051837003,319.350000000035,0
"06.de 70 a 79 anios","06.de 70 a 79 anios",2016,"03",6084,0,962,1734,194,21,48,11,2016-03-01,3,5827.45000000001,5531.91948162995,6122.98051837007,256.549999999988,0
"06.de 70 a 79 anios","06.de 70 a 79 anios",2016,"04",6167,0,1070,1882,199,26,38,12,2016-04-01,4,5904.05000000002,5608.51948162996,6199.58051837008,262.949999999976,0
"06.de 70 a 79 anios","06.de 70 a 79 anios",2016,"05",7462,0,1382,2342,282,28,27,26,2016-05-01,5,6674.85000000003,6379.31948162997,6970.38051837009,787.149999999973,0
"06.de 70 a 79 anios","06.de 70 a 79 anios",2016,"06",8163,0,1833,2606,299,36,47,22,2016-06-01,6,7540.45000000002,7244.91948162996,7835.98051837008,622.549999999977,0
"06.de 70 a 79 anios","06.de 70 a 79 anios",2016,"07",7844,0,1640,2508,285,23,29,12,2016-07-01,7,7760.45000000002,7464.91948162996,8055.98051837008,83.5499999999802,0
"06.de 70 a 79 anios","06.de 70 a 79 anios",2016,"08",7089,0,1388,2219,277,22,39,16,2016-08-01,8,7270.05000000002,6974.51948162996,7565.58051837008,-181.050000000021,0
"06.de 70 a 79 anios","06.de 70 a 79 anios",2016,"09",6750,0,1245,2066,263,18,24,18,2016-09-01,9,6658.85000000002,6363.31948162996,6954.38051837008,91.1499999999787,0
"06.de 70 a 79 anios","06.de 70 a 79 anios",2016,"10",6520,0,1160,1953,243,21,41,14,2016-10-01,10,6494.65000000002,6199.11948162996,6790.18051837008,25.3499999999785,0
"06.de 70 a 79 anios","06.de 70 a 79 anios",2016,"11",5933,0,974,1835,197,25,32,10,2016-11-01,11,5895.05000000003,5599.51948162997,6190.58051837009,37.9499999999725,0
"06.de 70 a 79 anios","06.de 70 a 79 anios",2016,"12",5979,0,934,1826,183,23,33,24,2016-12-01,12,6082.25000000002,5786.71948162996,6377.78051837009,-103.250000000025,0
"06.de 70 a 79 anios","06.de 70 a 79 anios",2017,"01",6137,0,963,1783,205,18,33,12,2017-01-01,1,6073.40000000005,5783.84041062915,6362.95958937096,63.5999999999476,0
"06.de 70 a 79 anios","06.de 70 a 79 anios",2017,"02",5304,0,850,1502,171,17,41,12,2017-02-01,2,5379.39999999997,5089.84041062906,5668.95958937087,-75.3999999999651,0
"06.de 70 a 79 anios","06.de 70 a 79 anios",2017,"03",5851,0,942,1669,178,18,24,14,2017-03-01,3,5925.20000000001,5635.64041062911,6214.75958937091,-74.2000000000116,0
"06.de 70 a 79 anios","06.de 70 a 79 anios",2017,"04",5992,0,1023,1800,195,22,30,13,2017-04-01,4,6001.80000000002,5712.24041062912,6291.35958937093,-9.80000000002383,0
"06.de 70 a 79 anios","06.de 70 a 79 anios",2017,"05",6920,0,1222,2153,234,22,33,16,2017-05-01,5,6772.60000000003,6483.04041062912,7062.15958937093,147.399999999973,0
"06.de 70 a 79 anios","06.de 70 a 79 anios",2017,"06",8653,0,1985,2700,306,28,41,19,2017-06-01,6,7638.20000000002,7348.64041062912,7927.75958937092,1014.79999999998,0
"06.de 70 a 79 anios","06.de 70 a 79 anios",2017,"07",7749,0,1785,2353,255,33,43,19,2017-07-01,7,7858.20000000002,7568.64041062912,8147.75958937092,-109.20000000002,0
"06.de 70 a 79 anios","06.de 70 a 79 anios",2017,"08",6997,0,1431,2144,253,27,29,14,2017-08-01,8,7367.80000000002,7078.24041062912,7657.35958937092,-370.800000000021,0
"06.de 70 a 79 anios","06.de 70 a 79 anios",2017,"09",6253,0,1156,1879,204,31,34,21,2017-09-01,9,6756.60000000002,6467.04041062912,7046.15958937092,-503.600000000021,0
"06.de 70 a 79 anios","06.de 70 a 79 anios",2017,"10",6495,0,1170,1956,227,24,38,21,2017-10-01,10,6592.40000000002,6302.84041062912,6881.95958937092,-97.4000000000215,0
"06.de 70 a 79 anios","06.de 70 a 79 anios",2017,"11",5850,0,991,1715,199,17,26,18,2017-11-01,11,5992.80000000003,5703.24041062913,6282.35958937093,-142.800000000027,0
"06.de 70 a 79 anios","06.de 70 a 79 anios",2017,"12",6169,0,1038,1799,223,21,39,7,2017-12-01,12,6180.00000000002,5890.44041062912,6469.55958937093,-11.0000000000246,0
"06.de 70 a 79 anios","06.de 70 a 79 anios",2018,"01",6096,0,932,1812,217,24,36,18,2018-01-01,1,6171.15000000005,5875.61948162999,6466.68051837012,-75.1500000000524,0
"06.de 70 a 79 anios","06.de 70 a 79 anios",2018,"02",5325,0,838,1490,174,18,32,17,2018-02-01,2,5477.14999999997,5181.61948162991,5772.68051837002,-152.149999999965,0
"06.de 70 a 79 anios","06.de 70 a 79 anios",2018,"03",5993,0,989,1713,200,20,24,8,2018-03-01,3,6022.95000000001,5727.41948162995,6318.48051837007,-29.9500000000116,0
"06.de 70 a 79 anios","06.de 70 a 79 anios",2018,"04",5925,0,1009,1696,192,16,26,13,2018-04-01,4,6099.55000000002,5804.01948162996,6395.08051837009,-174.550000000024,0
"06.de 70 a 79 anios","06.de 70 a 79 anios",2018,"05",6501,0,1076,1974,220,26,34,8,2018-05-01,5,6870.35000000003,6574.81948162997,7165.88051837009,-369.350000000027,0
"06.de 70 a 79 anios","06.de 70 a 79 anios",2018,"06",7410,0,1451,2288,303,21,34,15,2018-06-01,6,7735.95000000002,7440.41948162996,8031.48051837008,-325.950000000023,0
"06.de 70 a 79 anios","06.de 70 a 79 anios",2018,"07",7714,0,1571,2413,291,32,41,18,2018-07-01,7,7955.95000000002,7660.41948162996,8251.48051837008,-241.95000000002,0
"06.de 70 a 79 anios","06.de 70 a 79 anios",2018,"08",7872,0,1726,2415,281,22,44,15,2018-08-01,8,7465.55000000002,7170.01948162996,7761.08051837008,406.449999999979,0
"06.de 70 a 79 anios","06.de 70 a 79 anios",2018,"09",7079,0,1560,2054,240,28,32,18,2018-09-01,9,6854.35000000002,6558.81948162996,7149.88051837008,224.649999999979,0
"06.de 70 a 79 anios","06.de 70 a 79 anios",2018,"10",6641,0,1206,1979,234,24,36,15,2018-10-01,10,6690.15000000002,6394.61948162996,6985.68051837008,-49.1500000000215,0
"06.de 70 a 79 anios","06.de 70 a 79 anios",2018,"11",6127,0,1085,1798,206,24,31,8,2018-11-01,11,6090.55000000003,5795.01948162997,6386.08051837009,36.4499999999725,0
"06.de 70 a 79 anios","06.de 70 a 79 anios",2018,"12",6320,0,970,1881,229,29,29,12,2018-12-01,12,6277.75000000002,5982.21948162996,6573.28051837009,42.2499999999754,0
"06.de 70 a 79 anios","06.de 70 a 79 anios",2019,"01",6194,0,985,1797,233,15,43,14,2019-01-01,1,6268.90000000005,5956.13989742561,6581.6601025745,-74.9000000000524,0
"06.de 70 a 79 anios","06.de 70 a 79 anios",2019,"02",5648,0,880,1647,204,21,41,11,2019-02-01,2,5574.89999999997,5262.13989742554,5887.66010257439,73.1000000000349,0
"06.de 70 a 79 anios","06.de 70 a 79 anios",2019,"03",6159,0,998,1778,185,18,39,13,2019-03-01,3,6120.70000000001,5807.93989742558,6433.46010257445,38.2999999999884,0
"06.de 70 a 79 anios","06.de 70 a 79 anios",2019,"04",6123,0,1017,1841,173,25,30,13,2019-04-01,4,6197.30000000002,5884.53989742559,6510.06010257446,-74.3000000000238,0
"06.de 70 a 79 anios","06.de 70 a 79 anios",2019,"05",6736,0,1167,2069,234,23,28,13,2019-05-01,5,6968.10000000003,6655.33989742559,7280.86010257446,-232.100000000027,0
"06.de 70 a 79 anios","06.de 70 a 79 anios",2019,"06",7389,0,1444,2313,260,24,33,14,2019-06-01,6,7833.70000000002,7520.93989742559,8146.46010257446,-444.700000000023,0
"06.de 70 a 79 anios","06.de 70 a 79 anios",2019,"07",8555,0,1863,2599,338,25,53,24,2019-07-01,7,8053.70000000002,7740.93989742558,8366.46010257446,501.29999999998,0
"06.de 70 a 79 anios","06.de 70 a 79 anios",2019,"08",7760,0,1599,2310,289,28,48,20,2019-08-01,8,7563.30000000002,7250.53989742558,7876.06010257446,196.699999999979,0
"06.de 70 a 79 anios","06.de 70 a 79 anios",2019,"09",7020,0,1397,2106,271,14,35,13,2019-09-01,9,6952.10000000002,6639.33989742558,7264.86010257446,67.8999999999787,0
"06.de 70 a 79 anios","06.de 70 a 79 anios",2019,"10",6820,0,1219,1974,229,25,34,14,2019-10-01,10,6787.90000000002,6475.13989742558,7100.66010257446,32.0999999999785,0
"06.de 70 a 79 anios","06.de 70 a 79 anios",2019,"11",6182,0,1072,1823,179,20,34,14,2019-11-01,11,6188.30000000003,5875.53989742559,6501.06010257446,-6.30000000002747,0
"06.de 70 a 79 anios","06.de 70 a 79 anios",2019,"12",6289,0,977,1753,213,16,36,18,2019-12-01,12,6375.50000000002,6062.73989742559,6688.26010257446,-86.5000000000246,0
"06.de 70 a 79 anios","06.de 70 a 79 anios",2020,"01",6189,0,957,1724,238,17,34,13,2020-01-01,1,6366.65000000008,6027.11128465302,6706.18871534715,-177.650000000081,0
"06.de 70 a 79 anios","06.de 70 a 79 anios",2020,"02",5835,0,981,1557,185,15,30,22,2020-02-01,2,5672.64999999999,5333.11128465296,6012.18871534703,162.350000000006,0
"06.de 70 a 79 anios","06.de 70 a 79 anios",2020,"03",6262,11,1162,1766,203,25,30,12,2020-03-01,3,6218.45000000004,5878.91128465299,6557.98871534709,43.5499999999593,0
"06.de 70 a 79 anios","06.de 70 a 79 anios",2020,"04",6084,89,1033,1742,233,23,19,14,2020-04-01,4,6295.05000000005,5955.511284653,6634.5887153471,-211.050000000053,0
"06.de 70 a 79 anios","06.de 70 a 79 anios",2020,"05",6518,119,1032,1910,241,32,37,17,2020-05-01,5,7065.85000000006,6726.311284653,7405.38871534711,-547.850000000056,0
"06.de 70 a 79 anios","06.de 70 a 79 anios",2020,"06",6845,350,1087,2093,230,45,23,13,2020-06-01,6,7931.45000000005,7591.911284653,8270.9887153471,-1086.45000000005,0
"06.de 70 a 79 anios","06.de 70 a 79 anios",2020,"07",8442,1210,1251,2396,285,23,35,11,2020-07-01,7,8151.45000000005,7811.911284653,8490.9887153471,290.549999999951,0
"06.de 70 a 79 anios","06.de 70 a 79 anios",2020,"08",9055,2012,1334,2291,274,24,35,14,2020-08-01,8,7661.05000000005,7321.511284653,8000.5887153471,1393.94999999995,0
"06.de 70 a 79 anios","06.de 70 a 79 anios",2020,"09",10345,3313,1390,2304,329,29,30,7,2020-09-01,9,7049.85000000005,6710.311284653,7389.3887153471,3295.14999999995,0
"06.de 70 a 79 anios","06.de 70 a 79 anios",2020,"10",10357,3747,1317,2018,303,16,33,12,2020-10-01,10,6885.65000000005,6546.111284653,7225.1887153471,3471.34999999995,0
"06.de 70 a 79 anios","06.de 70 a 79 anios",2020,"11",9003,2574,1229,1939,241,22,28,19,2020-11-01,11,6286.05000000006,5946.511284653,6625.58871534711,2716.94999999994,0
"06.de 70 a 79 anios","06.de 70 a 79 anios",2020,"12",7960,1524,1195,1939,235,14,32,16,2020-12-01,12,6473.25000000005,6133.711284653,6812.78871534711,1486.74999999995,0
"06.de 70 a 79 anios","06.de 70 a 79 anios",2021,"01",8739,1883,1297,2064,238,20,36,13,2021-01-01,1,6464.40000000008,6090.58017754606,6838.2198224541,2274.59999999992,1
"06.de 70 a 79 anios","06.de 70 a 79 anios",2021,"02",7365,1295,1152,1755,199,26,19,12,2021-02-01,2,5770.39999999999,5396.58017754601,6144.21982245398,1594.60000000001,1
"06.de 70 a 79 anios","06.de 70 a 79 anios",2021,"03",8219,1414,1305,1961,237,29,41,19,2021-03-01,3,6316.20000000004,5942.38017754604,6690.01982245405,1902.79999999996,1
"06.de 70 a 79 anios","06.de 70 a 79 anios",2021,"04",10688,3435,1433,2290,248,29,27,21,2021-04-01,4,6392.80000000005,6018.98017754605,6766.61982245406,4295.19999999995,1
"06.de 70 a 79 anios","06.de 70 a 79 anios",2021,"05",12657,4599,1629,2591,294,19,37,18,2021-05-01,5,7163.60000000006,6789.78017754605,7537.41982245406,5493.39999999994,1
"06.de 70 a 79 anios","06.de 70 a 79 anios",2021,"06",11853,4027,1527,2573,306,28,36,19,2021-06-01,6,8029.20000000005,7655.38017754604,8403.01982245406,3823.79999999995,1
"06.de 70 a 79 anios","06.de 70 a 79 anios",2021,"07",10669,2545,1554,2644,311,33,56,31,2021-07-01,7,8249.20000000005,7875.38017754604,8623.01982245405,2419.79999999995,1
"06.de 70 a 79 anios","06.de 70 a 79 anios",2021,"08",9247,1374,1489,2436,315,32,43,12,2021-08-01,8,7758.80000000005,7384.98017754604,8132.61982245406,1488.19999999995,1
"06.de 70 a 79 anios","06.de 70 a 79 anios",2021,"09",7335,472,1231,2145,221,24,35,13,2021-09-01,9,7147.60000000005,6773.78017754604,7521.41982245406,187.39999999995,1
"06.de 70 a 79 anios","06.de 70 a 79 anios",2021,"10",7290,136,1263,2170,215,26,41,12,2021-10-01,10,6983.40000000005,6609.58017754604,7357.21982245406,306.599999999949,1
"06.de 70 a 79 anios","06.de 70 a 79 anios",2021,"11",6719,104,1138,1898,198,27,37,7,2021-11-01,11,6383.80000000006,6009.98017754605,6757.61982245406,335.199999999943,1
"06.de 70 a 79 anios","06.de 70 a 79 anios",2021,"12",7358,262,1255,2016,245,22,33,16,2021-12-01,12,6571.00000000005,6197.18017754605,6944.81982245406,786.999999999946,1
"06.de 70 a 79 anios","06.de 70 a 79 anios",2022,"01",12270,2999,1789,2886,368,47,67,18,2022-01-01,1,6562.15000000008,6148.40727428464,6975.89272571552,5707.84999999992,1
"06.de 70 a 79 anios","06.de 70 a 79 anios",2022,"02",8537,1590,1489,1975,251,33,46,12,2022-02-01,2,5868.14999999999,5454.4072742846,6281.89272571539,2668.85000000001,1
"06.de 70 a 79 anios","06.de 70 a 79 anios",2022,"03",7626,213,1567,2121,225,26,38,16,2022-03-01,3,6413.95000000004,6000.20727428462,6827.69272571546,1212.04999999996,1
"06.de 70 a 79 anios","06.de 70 a 79 anios",2022,"04",7449,47,1561,2122,209,26,44,18,2022-04-01,4,6490.55000000005,6076.80727428463,6904.29272571548,958.449999999947,1
"06.de 70 a 79 anios","06.de 70 a 79 anios",2022,"05",8055,102,1522,2453,242,26,34,20,2022-05-01,5,7261.35000000006,6847.60727428462,7675.09272571549,793.649999999944,1
"06.de 70 a 79 anios","06.de 70 a 79 anios",2022,"06",8657,231,1889,2552,292,30,59,23,2022-06-01,6,8126.95000000005,7713.20727428463,8540.69272571548,530.049999999948,1
"06.de 70 a 79 anios","06.de 70 a 79 anios",2022,"07",8987,347,1891,2607,272,30,37,18,2022-07-01,7,8346.95000000005,7933.20727428462,8760.69272571547,640.049999999952,1
"06.de 70 a 79 anios","06.de 70 a 79 anios",2022,"08",8237,338,1622,2377,251,22,54,17,2022-08-01,8,7856.55000000005,7442.80727428463,8270.29272571548,380.44999999995,1
"06.de 70 a 79 anios","06.de 70 a 79 anios",2022,"09",7419,102,1440,2150,208,21,43,14,2022-09-01,9,7245.35000000005,6831.60727428463,7659.09272571548,173.64999999995,1
"06.de 70 a 79 anios","06.de 70 a 79 anios",2022,"10",7312,23,1508,2196,203,21,42,15,2022-10-01,10,7081.15000000005,6667.40727428463,7494.89272571548,230.849999999949,1
"06.de 70 a 79 anios","06.de 70 a 79 anios",2022,"11",7001,29,1359,1949,221,23,35,20,2022-11-01,11,6481.55000000006,6067.80727428462,6895.29272571549,519.449999999943,1
"06.de 70 a 79 anios","06.de 70 a 79 anios",2022,"12",7697,269,1446,2162,250,22,41,8,2022-12-01,12,6668.75000000005,6255.00727428463,7082.49272571548,1028.24999999995,1
"06.de 70 a 79 anios","06.de 70 a 79 anios",2023,"01",7417,267,1341,2055,240,25,48,23,2023-01-01,1,6659.90000000008,6202.06608962625,7117.73391037391,757.099999999919,1
"06.de 70 a 79 anios","06.de 70 a 79 anios",2023,"02",6280,40,1131,1761,167,28,31,15,2023-02-01,2,5965.89999999999,5508.06608962621,6423.73391037378,314.100000000006,1
"06.de 70 a 79 anios","06.de 70 a 79 anios",2023,"03",7132,15,1376,1953,199,17,39,10,2023-03-01,3,6511.70000000004,6053.86608962623,6969.53391037385,620.299999999959,1
"06.de 70 a 79 anios","06.de 70 a 79 anios",2023,"04",7262,18,1308,2068,204,18,51,18,2023-04-01,4,6588.30000000005,6130.46608962624,7046.13391037387,673.699999999947,1
"06.de 70 a 79 anios","06.de 70 a 79 anios",2023,"05",7522,16,1515,2181,215,28,54,20,2023-05-01,5,7359.10000000006,6901.26608962623,7816.93391037388,162.899999999944,1
"06.de 70 a 79 anios","06.de 70 a 79 anios",2023,"06",8173,29,1800,2475,239,25,27,14,2023-06-01,6,8224.70000000005,7766.86608962624,8682.53391037387,-51.7000000000517,1
"06.de 70 a 79 anios","06.de 70 a 79 anios",2023,"07",8551,32,1851,2590,235,30,45,24,2023-07-01,7,8444.70000000005,7986.86608962623,8902.53391037386,106.299999999952,1
"06.de 70 a 79 anios","06.de 70 a 79 anios",2023,"08",7793,44,1632,2255,236,29,31,21,2023-08-01,8,7954.30000000005,7496.46608962624,8412.13391037386,-161.30000000005,1
"06.de 70 a 79 anios","06.de 70 a 79 anios",2023,"09",7459,47,1468,2230,206,23,37,13,2023-09-01,9,7343.10000000005,6885.26608962624,7800.93391037386,115.89999999995,1
"06.de 70 a 79 anios","06.de 70 a 79 anios",2023,"10",7040,17,1395,1997,197,25,27,11,2023-10-01,10,7178.90000000005,6721.06608962624,7636.73391037386,-138.900000000051,1
"06.de 70 a 79 anios","06.de 70 a 79 anios",2023,"11",6770,10,1228,1946,205,38,25,12,2023-11-01,11,6579.30000000006,6121.46608962623,7037.13391037388,190.699999999943,1
"06.de 70 a 79 anios","06.de 70 a 79 anios",2023,"12",6931,12,1215,1939,223,16,35,16,2023-12-01,12,6766.50000000005,6308.66608962624,7224.33391037387,164.499999999946,1
"06.de 70 a 79 anios","06.de 70 a 79 anios",2024,"01",7221,54,1285,1995,220,35,37,16,2024-01-01,1,6757.65000000008,6252.64722884254,7262.65277115762,463.349999999919,1
"06.de 70 a 79 anios","06.de 70 a 79 anios",2024,"02",7355,61,1356,1976,215,30,43,19,2024-02-01,2,6063.64999999999,5558.6472288425,6568.65277115749,1291.35000000001,1
"06.de 70 a 79 anios","06.de 70 a 79 anios",2024,"03",7919,29,1368,2348,213,23,49,21,2024-03-01,3,6609.45000000004,6104.44722884252,7114.45277115756,1309.54999999996,1
"06.de 70 a 79 anios","06.de 70 a 79 anios",2024,"04",8454,6,1674,2410,238,38,68,21,2024-04-01,4,6686.05000000005,6181.04722884253,7191.05277115758,1767.94999999995,1
"06.de 70 a 79 anios","06.de 70 a 79 anios",2024,"05",8866,9,1825,2720,259,33,35,19,2024-05-01,5,7456.85000000006,6951.84722884252,7961.85277115759,1409.14999999994,1
"06.de 70 a 79 anios","06.de 70 a 79 anios",2024,"06",8998,3,2313,2468,269,36,37,26,2024-06-01,6,8322.45000000005,7817.44722884253,8827.45277115758,675.549999999948,1
"06.de 70 a 79 anios","06.de 70 a 79 anios",2024,"07",9523,2,2232,2826,295,23,49,19,2024-07-01,7,8542.45000000005,8037.44722884252,9047.45277115757,980.549999999952,1
"06.de 70 a 79 anios","06.de 70 a 79 anios",2024,"08",8165,5,1788,2272,255,28,33,23,2024-08-01,8,8052.05000000005,7547.04722884253,8557.05277115758,112.94999999995,1
"06.de 70 a 79 anios","06.de 70 a 79 anios",2024,"09",7571,8,1706,2125,221,27,31,16,2024-09-01,9,7440.85000000005,6935.84722884253,7945.85277115758,130.14999999995,1
"06.de 70 a 79 anios","06.de 70 a 79 anios",2024,"10",7190,13,1458,1928,232,22,33,14,2024-10-01,10,7276.65000000005,6771.64722884253,7781.65277115758,-86.6500000000506,1
"06.de 70 a 79 anios","06.de 70 a 79 anios",2024,"11",6638,5,1232,1770,192,16,38,17,2024-11-01,11,6677.05000000006,6172.04722884252,7182.05277115759,-39.0500000000566,1
"06.de 70 a 79 anios","06.de 70 a 79 anios",2024,"12",6235,6,1167,1751,161,16,25,15,2024-12-01,12,6864.25000000005,6359.24722884253,7369.25277115758,-629.250000000054,1
"07.de 80 anios y mas","07.de 80 anios y mas",2015,"01",9836,0,2063,3470,206,81,107,52,2015-01-01,1,10276.3,9550.4968985638,11002.1031014361,-440.299999999959,0
"07.de 80 anios y mas","07.de 80 anios y mas",2015,"02",8665,0,1735,3053,168,71,100,39,2015-02-01,2,9264.7,8538.89689856379,9990.5031014362,-599.699999999997,0
"07.de 80 anios y mas","07.de 80 anios y mas",2015,"03",9650,0,2020,3395,191,72,107,44,2015-03-01,3,10149.5,9423.6968985638,10875.3031014361,-499.499999999971,0
"07.de 80 anios y mas","07.de 80 anios y mas",2015,"04",10274,0,2220,3627,214,86,117,49,2015-04-01,4,10355.5,9629.6968985638,11081.3031014361,-81.4999999999709,0
"07.de 80 anios y mas","07.de 80 anios y mas",2015,"05",11116,0,2506,4029,221,75,102,49,2015-05-01,5,12051.3,11325.4968985638,12777.1031014362,-935.299999999972,0
"07.de 80 anios y mas","07.de 80 anios y mas",2015,"06",12341,0,2946,4559,247,90,126,50,2015-06-01,6,14135.5,13409.6968985638,14861.3031014361,-1794.49999999997,0
"07.de 80 anios y mas","07.de 80 anios y mas",2015,"07",14433,0,3711,5355,284,107,122,66,2015-07-01,7,14975.5,14249.6968985638,15701.3031014362,-542.499999999975,0
"07.de 80 anios y mas","07.de 80 anios y mas",2015,"08",13604,0,3731,4758,299,115,109,63,2015-08-01,8,13616.1,12890.2968985638,14341.9031014361,-12.0999999999731,0
"07.de 80 anios y mas","07.de 80 anios y mas",2015,"09",12693,0,3399,4471,274,101,133,51,2015-09-01,9,12259.1,11533.2968985638,12984.9031014361,433.900000000027,0
"07.de 80 anios y mas","07.de 80 anios y mas",2015,"10",11775,0,3040,4133,229,100,123,66,2015-10-01,10,11425.1,10699.2968985638,12150.9031014361,349.900000000027,0
"07.de 80 anios y mas","07.de 80 anios y mas",2015,"11",10097,0,2240,3520,234,92,107,45,2015-11-01,11,10084.9,9359.09689856379,10810.7031014362,12.1000000000258,0
"07.de 80 anios y mas","07.de 80 anios y mas",2015,"12",10419,0,2212,3667,236,103,105,50,2015-12-01,12,10429.1,9703.2968985638,11154.9031014361,-10.0999999999731,0
"07.de 80 anios y mas","07.de 80 anios y mas",2016,"01",10844,0,2319,3768,208,134,111,48,2016-01-01,1,10241.75,9555.93053314188,10927.5694668581,602.250000000029,0
"07.de 80 anios y mas","07.de 80 anios y mas",2016,"02",9853,0,2143,3351,205,106,129,51,2016-02-01,2,9230.15000000001,8544.3305331419,9915.96946685812,622.849999999991,0
"07.de 80 anios y mas","07.de 80 anios y mas",2016,"03",10725,0,2380,3616,222,110,117,42,2016-03-01,3,10114.95,9429.13053314188,10800.7694668581,610.050000000017,0
"07.de 80 anios y mas","07.de 80 anios y mas",2016,"04",10905,0,2586,3748,233,108,105,38,2016-04-01,4,10320.95,9635.13053314188,11006.7694668581,584.050000000017,0
"07.de 80 anios y mas","07.de 80 anios y mas",2016,"05",13659,0,3463,4895,267,124,145,59,2016-05-01,5,12016.75,11330.9305331419,12702.5694668581,1642.25000000002,0
"07.de 80 anios y mas","07.de 80 anios y mas",2016,"06",15147,0,4182,5446,291,133,134,69,2016-06-01,6,14100.95,13415.1305331419,14786.7694668581,1046.05000000002,0
"07.de 80 anios y mas","07.de 80 anios y mas",2016,"07",14727,0,4088,5183,276,134,158,51,2016-07-01,7,14940.95,14255.1305331419,15626.7694668581,-213.949999999986,0
"07.de 80 anios y mas","07.de 80 anios y mas",2016,"08",13378,0,3557,4809,287,107,155,50,2016-08-01,8,13581.55,12895.7305331419,14267.3694668581,-203.549999999985,0
"07.de 80 anios y mas","07.de 80 anios y mas",2016,"09",12415,0,3190,4279,264,102,113,42,2016-09-01,9,12224.55,11538.7305331419,12910.3694668581,190.450000000015,0
"07.de 80 anios y mas","07.de 80 anios y mas",2016,"10",11342,0,2700,3989,245,93,116,46,2016-10-01,10,11390.55,10704.7305331419,12076.3694668581,-48.5499999999847,0
"07.de 80 anios y mas","07.de 80 anios y mas",2016,"11",10166,0,2327,3607,217,70,105,38,2016-11-01,11,10050.35,9364.53053314189,10736.1694668581,115.650000000014,0
"07.de 80 anios y mas","07.de 80 anios y mas",2016,"12",10577,0,2433,3671,199,100,126,48,2016-12-01,12,10394.55,9708.73053314189,11080.3694668581,182.450000000015,0
"07.de 80 anios y mas","07.de 80 anios y mas",2017,"01",10504,0,2259,3679,203,89,118,45,2017-01-01,1,10207.2,9535.23690021157,10879.1630997884,296.800000000017,0
"07.de 80 anios y mas","07.de 80 anios y mas",2017,"02",9310,0,1998,3191,172,71,121,33,2017-02-01,2,9195.60000000002,8523.63690021161,9867.56309978843,114.39999999998,0
"07.de 80 anios y mas","07.de 80 anios y mas",2017,"03",10371,0,2307,3570,213,82,104,52,2017-03-01,3,10080.4,9408.43690021159,10752.3630997884,290.600000000006,0
"07.de 80 anios y mas","07.de 80 anios y mas",2017,"04",10444,0,2455,3686,210,72,110,34,2017-04-01,4,10286.4,9614.43690021159,10958.3630997884,157.600000000006,0
"07.de 80 anios y mas","07.de 80 anios y mas",2017,"05",12518,0,3294,4344,269,76,150,60,2017-05-01,5,11982.2,11310.2369002116,12654.1630997884,535.800000000005,0
"07.de 80 anios y mas","07.de 80 anios y mas",2017,"06",16920,0,5598,5797,303,132,135,61,2017-06-01,6,14066.4,13394.4369002116,14738.3630997884,2853.60000000001,0
"07.de 80 anios y mas","07.de 80 anios y mas",2017,"07",15475,0,4805,5082,316,128,175,60,2017-07-01,7,14906.4,14234.4369002116,15578.3630997884,568.600000000002,0
"07.de 80 anios y mas","07.de 80 anios y mas",2017,"08",12559,0,3421,4327,256,96,110,41,2017-08-01,8,13547,12875.0369002116,14218.9630997884,-987.999999999996,0
"07.de 80 anios y mas","07.de 80 anios y mas",2017,"09",11180,0,2921,3830,260,107,119,37,2017-09-01,9,12190,11518.0369002116,12861.9630997884,-1010,0
"07.de 80 anios y mas","07.de 80 anios y mas",2017,"10",11085,0,2843,3812,226,92,124,37,2017-10-01,10,11356,10684.0369002116,12027.9630997884,-270.999999999996,0
"07.de 80 anios y mas","07.de 80 anios y mas",2017,"11",9855,0,2272,3403,184,79,92,46,2017-11-01,11,10015.8,9343.83690021159,10687.7630997884,-160.799999999997,0
"07.de 80 anios y mas","07.de 80 anios y mas",2017,"12",10166,0,2300,3540,170,98,118,33,2017-12-01,12,10360,9688.03690021159,11031.9630997884,-193.999999999996,0
"07.de 80 anios y mas","07.de 80 anios y mas",2018,"01",9743,0,2127,3397,185,79,123,31,2018-01-01,1,10172.65,9486.8305331419,10858.4694668581,-429.650000000009,0
"07.de 80 anios y mas","07.de 80 anios y mas",2018,"02",9026,0,2004,3046,158,68,117,41,2018-02-01,2,9161.05000000005,8475.23053314196,9846.86946685813,-135.050000000047,0
"07.de 80 anios y mas","07.de 80 anios y mas",2018,"03",9680,0,2087,3222,167,74,99,39,2018-03-01,3,10045.85,9360.03053314192,10731.6694668581,-365.85000000002,0
"07.de 80 anios y mas","07.de 80 anios y mas",2018,"04",9617,0,2275,3190,186,72,92,38,2018-04-01,4,10251.85,9566.03053314192,10937.6694668581,-634.85000000002,0
"07.de 80 anios y mas","07.de 80 anios y mas",2018,"05",11002,0,2482,3948,244,75,102,40,2018-05-01,5,11947.65,11261.8305331419,12633.4694668581,-945.650000000021,0
"07.de 80 anios y mas","07.de 80 anios y mas",2018,"06",13026,0,3370,4615,255,84,149,46,2018-06-01,6,14031.85,13346.0305331419,14717.6694668581,-1005.85000000002,0
"07.de 80 anios y mas","07.de 80 anios y mas",2018,"07",14457,0,3943,5202,301,113,122,52,2018-07-01,7,14871.85,14186.0305331419,15557.6694668581,-414.850000000024,0
"07.de 80 anios y mas","07.de 80 anios y mas",2018,"08",14358,0,4045,5013,243,120,129,53,2018-08-01,8,13512.45,12826.6305331419,14198.2694668581,845.549999999977,0
"07.de 80 anios y mas","07.de 80 anios y mas",2018,"09",12412,0,3611,4112,274,89,118,42,2018-09-01,9,12155.45,11469.6305331419,12841.2694668581,256.549999999977,0
"07.de 80 anios y mas","07.de 80 anios y mas",2018,"10",11068,0,2761,3896,225,76,98,56,2018-10-01,10,11321.45,10635.6305331419,12007.2694668581,-253.450000000023,0
"07.de 80 anios y mas","07.de 80 anios y mas",2018,"11",9917,0,2329,3449,208,72,112,39,2018-11-01,11,9981.25000000002,9295.43053314192,10667.0694668581,-64.2500000000236,0
"07.de 80 anios y mas","07.de 80 anios y mas",2018,"12",10174,0,2237,3526,200,79,110,45,2018-12-01,12,10325.45,9639.63053314192,11011.2694668581,-151.450000000023,0
"07.de 80 anios y mas","07.de 80 anios y mas",2019,"01",10109,0,2189,3413,219,78,128,59,2019-01-01,1,10138.1,9412.29689856382,10863.9031014362,-29.1000000000204,0
"07.de 80 anios y mas","07.de 80 anios y mas",2019,"02",9124,0,1970,3053,182,80,125,50,2019-02-01,2,9126.50000000006,8400.6968985639,9852.30310143622,-2.50000000005821,0
"07.de 80 anios y mas","07.de 80 anios y mas",2019,"03",9976,0,2155,3457,220,75,119,49,2019-03-01,3,10011.3,9285.49689856386,10737.1031014362,-35.300000000032,0
"07.de 80 anios y mas","07.de 80 anios y mas",2019,"04",10192,0,2399,3588,209,84,113,38,2019-04-01,4,10217.3,9491.49689856385,10943.1031014362,-25.300000000032,0
"07.de 80 anios y mas","07.de 80 anios y mas",2019,"05",11616,0,2746,4180,249,82,116,35,2019-05-01,5,11913.1,11187.2968985638,12638.9031014362,-297.100000000033,0
"07.de 80 anios y mas","07.de 80 anios y mas",2019,"06",12898,0,3316,4526,253,111,128,43,2019-06-01,6,13997.3,13271.4968985638,14723.1031014362,-1099.30000000003,0
"07.de 80 anios y mas","07.de 80 anios y mas",2019,"07",15440,0,4351,5331,321,109,127,51,2019-07-01,7,14837.3,14111.4968985639,15563.1031014362,602.699999999964,0
"07.de 80 anios y mas","07.de 80 anios y mas",2019,"08",13836,0,3747,4739,295,102,121,54,2019-08-01,8,13477.9,12752.0968985639,14203.7031014362,358.099999999966,0
"07.de 80 anios y mas","07.de 80 anios y mas",2019,"09",12250,0,3248,4026,238,92,124,34,2019-09-01,9,12120.9,11395.0968985639,12846.7031014362,129.099999999966,0
"07.de 80 anios y mas","07.de 80 anios y mas",2019,"10",11510,0,2729,3976,207,101,104,49,2019-10-01,10,11286.9,10561.0968985639,12012.7031014362,223.099999999966,0
"07.de 80 anios y mas","07.de 80 anios y mas",2019,"11",10044,0,2268,3345,181,81,92,47,2019-11-01,11,9946.70000000004,9220.89689856384,10672.5031014362,97.2999999999647,0
"07.de 80 anios y mas","07.de 80 anios y mas",2019,"12",10464,0,2192,3492,195,83,107,49,2019-12-01,12,10290.9,9565.09689856385,11016.7031014362,173.099999999966,0
"07.de 80 anios y mas","07.de 80 anios y mas",2020,"01",9918,0,2068,3346,197,101,114,48,2020-01-01,1,10103.55,9315.60342168662,10891.4965783134,-185.550000000032,0
"07.de 80 anios y mas","07.de 80 anios y mas",2020,"02",9380,0,2103,2950,164,69,92,36,2020-02-01,2,9091.95000000007,8304.00342168672,9879.89657831342,288.04999999993,0
"07.de 80 anios y mas","07.de 80 anios y mas",2020,"03",10249,8,2406,3521,212,95,85,31,2020-03-01,3,9976.75000000004,9188.80342168667,10764.6965783134,272.249999999956,0
"07.de 80 anios y mas","07.de 80 anios y mas",2020,"04",9859,123,2058,3612,235,88,79,28,2020-04-01,4,10182.75,9394.80342168665,10970.6965783134,-323.750000000044,0
"07.de 80 anios y mas","07.de 80 anios y mas",2020,"05",10807,201,2110,4069,277,90,110,46,2020-05-01,5,11878.55,11090.6034216866,12666.4965783134,-1071.55000000004,0
"07.de 80 anios y mas","07.de 80 anios y mas",2020,"06",11559,619,2301,4287,244,91,80,25,2020-06-01,6,13962.75,13174.8034216867,14750.6965783134,-2403.75000000004,0
"07.de 80 anios y mas","07.de 80 anios y mas",2020,"07",14840,2011,2658,5370,270,124,105,49,2020-07-01,7,14802.75,14014.8034216867,15590.6965783134,37.2499999999527,0
"07.de 80 anios y mas","07.de 80 anios y mas",2020,"08",15029,2850,2644,4821,304,114,85,41,2020-08-01,8,13443.35,12655.4034216867,14231.2965783134,1585.64999999995,0
"07.de 80 anios y mas","07.de 80 anios y mas",2020,"09",15505,3943,2451,4600,326,107,88,28,2020-09-01,9,12086.35,11298.4034216867,12874.2965783134,3418.64999999995,0
"07.de 80 anios y mas","07.de 80 anios y mas",2020,"10",15276,4385,2354,4127,286,106,83,43,2020-10-01,10,11252.35,10464.4034216867,12040.2965783134,4023.64999999995,0
"07.de 80 anios y mas","07.de 80 anios y mas",2020,"11",12843,2841,2167,3685,256,88,89,46,2020-11-01,11,9912.15000000005,9124.20342168664,10700.0965783135,2930.84999999995,0
"07.de 80 anios y mas","07.de 80 anios y mas",2020,"12",12167,1680,2224,3830,226,103,96,37,2020-12-01,12,10256.35,9468.40342168665,11044.2965783134,1910.64999999995,0
"07.de 80 anios y mas","07.de 80 anios y mas",2021,"01",13104,2078,2473,4049,212,85,108,37,2021-01-01,1,10069,9201.49936842345,10936.5006315766,3034.99999999996,1
"07.de 80 anios y mas","07.de 80 anios y mas",2021,"02",11110,1480,2183,3502,187,86,93,30,2021-02-01,2,9057.40000000008,8189.89936842357,9924.90063157659,2052.59999999992,1
"07.de 80 anios y mas","07.de 80 anios y mas",2021,"03",11955,1415,2271,3847,208,83,94,47,2021-03-01,3,9942.20000000006,9074.69936842349,10809.7006315766,2012.79999999994,1
"07.de 80 anios y mas","07.de 80 anios y mas",2021,"04",13917,2999,2392,4266,247,99,72,35,2021-04-01,4,10148.2000000001,9280.69936842348,11015.7006315766,3768.79999999994,1
"07.de 80 anios y mas","07.de 80 anios y mas",2021,"05",16802,4126,2558,5155,283,122,106,44,2021-05-01,5,11844.0000000001,10976.4993684235,12711.5006315766,4957.99999999994,1
"07.de 80 anios y mas","07.de 80 anios y mas",2021,"06",17006,4381,2651,5141,286,115,116,50,2021-06-01,6,13928.2000000001,13060.6993684235,14795.7006315766,3077.79999999994,1
"07.de 80 anios y mas","07.de 80 anios y mas",2021,"07",16106,2691,2858,5356,295,116,121,46,2021-07-01,7,14768.2000000001,13900.6993684235,15635.7006315766,1337.79999999994,1
"07.de 80 anios y mas","07.de 80 anios y mas",2021,"08",14274,1462,2775,5004,259,97,115,51,2021-08-01,8,13408.8000000001,12541.2993684235,14276.3006315766,865.199999999943,1
"07.de 80 anios y mas","07.de 80 anios y mas",2021,"09",11625,477,2364,4175,222,78,95,40,2021-09-01,9,12051.8000000001,11184.2993684235,12919.3006315766,-426.800000000057,1
"07.de 80 anios y mas","07.de 80 anios y mas",2021,"10",11559,149,2432,4126,230,73,105,50,2021-10-01,10,11217.8000000001,10350.2993684235,12085.3006315766,341.199999999943,1
"07.de 80 anios y mas","07.de 80 anios y mas",2021,"11",10661,135,2332,3756,204,82,88,34,2021-11-01,11,9877.60000000006,9010.09936842349,10745.1006315766,783.399999999941,1
"07.de 80 anios y mas","07.de 80 anios y mas",2021,"12",11794,338,2557,4093,240,98,119,45,2021-12-01,12,10221.8000000001,9354.29936842349,11089.3006315766,1572.19999999994,1
"07.de 80 anios y mas","07.de 80 anios y mas",2022,"01",21470,5265,3608,6122,360,176,203,72,2022-01-01,1,10034.4500000001,9074.30274640594,10994.5972535942,11435.5499999999,1
"07.de 80 anios y mas","07.de 80 anios y mas",2022,"02",14346,2712,3061,4000,250,100,112,35,2022-02-01,2,9022.85000000011,8062.70274640607,9982.99725359414,5323.14999999989,1
"07.de 80 anios y mas","07.de 80 anios y mas",2022,"03",12281,303,3055,4036,236,116,125,58,2022-03-01,3,9907.65000000008,8947.50274640598,10867.7972535942,2373.34999999992,1
"07.de 80 anios y mas","07.de 80 anios y mas",2022,"04",12303,85,3174,4154,209,115,126,51,2022-04-01,4,10113.6500000001,9153.50274640597,11073.7972535942,2189.34999999992,1
"07.de 80 anios y mas","07.de 80 anios y mas",2022,"05",13196,241,3228,4601,216,103,98,54,2022-05-01,5,11809.4500000001,10849.302746406,12769.5972535942,1386.54999999992,1
"07.de 80 anios y mas","07.de 80 anios y mas",2022,"06",15517,508,4104,5490,272,126,132,42,2022-06-01,6,13893.6500000001,12933.502746406,14853.7972535942,1623.34999999992,1
"07.de 80 anios y mas","07.de 80 anios y mas",2022,"07",15579,734,4099,5323,284,120,133,40,2022-07-01,7,14733.6500000001,13773.502746406,15693.7972535942,845.349999999915,1
"07.de 80 anios y mas","07.de 80 anios y mas",2022,"08",13874,687,3453,4683,258,87,111,35,2022-08-01,8,13374.2500000001,12414.102746406,14334.3972535942,499.749999999916,1
"07.de 80 anios y mas","07.de 80 anios y mas",2022,"09",12332,216,3112,4219,198,100,104,37,2022-09-01,9,12017.2500000001,11057.102746406,12977.3972535942,314.749999999916,1
"07.de 80 anios y mas","07.de 80 anios y mas",2022,"10",11993,78,3008,4134,209,75,119,36,2022-10-01,10,11183.2500000001,10223.102746406,12143.3972535942,809.749999999916,1
"07.de 80 anios y mas","07.de 80 anios y mas",2022,"11",10904,45,2700,3647,200,82,131,36,2022-11-01,11,9843.05000000008,8882.90274640598,10803.1972535942,1060.94999999992,1
"07.de 80 anios y mas","07.de 80 anios y mas",2022,"12",12360,581,3022,4074,220,83,150,47,2022-12-01,12,10187.2500000001,9227.10274640598,11147.3972535942,2172.74999999992,1
"07.de 80 anios y mas","07.de 80 anios y mas",2023,"01",11939,540,2831,3742,191,101,141,54,2023-01-01,1,9999.90000000008,8937.43305055108,11062.3669494491,1939.09999999992,1
"07.de 80 anios y mas","07.de 80 anios y mas",2023,"02",9626,48,2143,3128,172,76,120,46,2023-02-01,2,8988.30000000012,7925.83305055122,10050.766949449,637.699999999881,1
"07.de 80 anios y mas","07.de 80 anios y mas",2023,"03",10964,26,2606,3488,212,81,109,51,2023-03-01,3,9873.10000000009,8810.63305055114,10935.5669494491,1090.89999999991,1
"07.de 80 anios y mas","07.de 80 anios y mas",2023,"04",11197,25,2750,3710,180,86,109,46,2023-04-01,4,10079.1000000001,9016.63305055113,11141.5669494491,1117.89999999991,1
"07.de 80 anios y mas","07.de 80 anios y mas",2023,"05",12214,29,3156,4097,201,83,101,42,2023-05-01,5,11774.9000000001,10712.4330505511,12837.3669494491,439.099999999906,1
"07.de 80 anios y mas","07.de 80 anios y mas",2023,"06",13603,28,3721,4704,242,105,109,60,2023-06-01,6,13859.1000000001,12796.6330505511,14921.5669494491,-256.100000000093,1
"07.de 80 anios y mas","07.de 80 anios y mas",2023,"07",13985,56,3887,4796,252,96,110,49,2023-07-01,7,14699.1000000001,13636.6330505511,15761.5669494491,-714.100000000097,1
"07.de 80 anios y mas","07.de 80 anios y mas",2023,"08",13089,72,3621,4345,218,85,103,46,2023-08-01,8,13339.7000000001,12277.2330505511,14402.166949449,-250.700000000095,1
"07.de 80 anios y mas","07.de 80 anios y mas",2023,"09",12212,101,3161,4114,223,87,105,42,2023-09-01,9,11982.7000000001,10920.2330505511,13045.166949449,229.299999999905,1
"07.de 80 anios y mas","07.de 80 anios y mas",2023,"10",11491,44,2883,3857,169,76,76,35,2023-10-01,10,11148.7000000001,10086.2330505511,12211.166949449,342.299999999905,1
"07.de 80 anios y mas","07.de 80 anios y mas",2023,"11",10634,27,2589,3495,194,68,82,37,2023-11-01,11,9808.5000000001,8746.03305055113,10870.9669494491,825.499999999904,1
"07.de 80 anios y mas","07.de 80 anios y mas",2023,"12",10525,28,2412,3552,186,74,81,46,2023-12-01,12,10152.7000000001,9090.23305055113,11215.1669494491,372.299999999905,1
"07.de 80 anios y mas","07.de 80 anios y mas",2024,"00",1,0,0,1,0,0,0,0,NA,0,NA,NA,NA,NA,1
"07.de 80 anios y mas","07.de 80 anios y mas",2024,"01",11153,82,2617,3722,205,55,98,45,2024-01-01,1,9965.35000000009,8793.42118132247,11137.2788186777,1187.64999999991,1
"07.de 80 anios y mas","07.de 80 anios y mas",2024,"02",11504,142,2796,3648,203,104,132,67,2024-02-01,2,8953.75000000013,7781.82118132259,10125.6788186777,2550.24999999987,1
"07.de 80 anios y mas","07.de 80 anios y mas",2024,"03",12449,49,2914,4100,203,95,144,58,2024-03-01,3,9838.5500000001,8666.62118132256,11010.4788186776,2610.4499999999,1
"07.de 80 anios y mas","07.de 80 anios y mas",2024,"04",13257,15,3355,4308,246,109,138,55,2024-04-01,4,10044.5500000001,8872.6211813225,11216.4788186777,3212.4499999999,1
"07.de 80 anios y mas","07.de 80 anios y mas",2024,"05",15129,8,4063,5219,230,104,144,51,2024-05-01,5,11740.3500000001,10568.4211813225,12912.2788186777,3388.64999999989,1
"07.de 80 anios y mas","07.de 80 anios y mas",2024,"06",16244,9,5156,5183,271,106,116,55,2024-06-01,6,13824.5500000001,12652.6211813225,14996.4788186777,2419.4499999999,1
"07.de 80 anios y mas","07.de 80 anios y mas",2024,"07",16996,5,5077,5706,275,122,134,43,2024-07-01,7,14664.5500000001,13492.6211813225,15836.4788186777,2331.44999999989,1
"07.de 80 anios y mas","07.de 80 anios y mas",2024,"08",14514,6,4202,4804,214,96,146,48,2024-08-01,8,13305.1500000001,12133.2211813225,14477.0788186777,1208.84999999989,1
"07.de 80 anios y mas","07.de 80 anios y mas",2024,"09",12418,22,3452,3973,214,78,93,47,2024-09-01,9,11948.1500000001,10776.2211813225,13120.0788186777,469.849999999893,1
"07.de 80 anios y mas","07.de 80 anios y mas",2024,"10",11429,23,3005,3585,179,86,93,49,2024-10-01,10,11114.1500000001,9942.22118132253,12286.0788186777,314.849999999893,1
"07.de 80 anios y mas","07.de 80 anios y mas",2024,"11",10163,23,2556,3148,162,77,79,39,2024-11-01,11,9773.95000000011,8602.02118132253,10945.8788186777,389.049999999892,1
"07.de 80 anios y mas","07.de 80 anios y mas",2024,"12",9466,5,2355,2924,175,66,86,36,2024-12-01,12,10118.1500000001,8946.22118132251,11290.0788186777,-652.150000000107,1
"08.sin especificar","08.sin especificar",2015,"01",85,0,12,18,1,0,1,0,2015-01-01,1,136.63333333333,98.4840690453003,174.782597621359,-51.6333333333296,0
"08.sin especificar","08.sin especificar",2015,"02",81,0,9,18,1,0,1,0,2015-02-01,2,124.633333333333,86.4840690453018,162.782597621365,-43.6333333333332,0
"08.sin especificar","08.sin especificar",2015,"03",68,0,7,20,2,0,0,0,2015-03-01,3,114.033333333331,75.8840690453009,152.182597621361,-46.033333333331,0
"08.sin especificar","08.sin especificar",2015,"04",74,0,4,14,1,1,1,0,2015-04-01,4,129.633333333331,91.484069045301,167.782597621361,-55.6333333333309,0
"08.sin especificar","08.sin especificar",2015,"05",110,0,15,28,3,0,2,0,2015-05-01,5,162.233333333331,124.084069045301,200.382597621361,-52.2333333333308,0
"08.sin especificar","08.sin especificar",2015,"06",132,0,27,33,4,0,0,0,2015-06-01,6,174.633333333331,136.484069045301,212.782597621361,-42.6333333333309,0
"08.sin especificar","08.sin especificar",2015,"07",255,0,50,68,6,0,2,0,2015-07-01,7,194.433333333331,156.284069045301,232.582597621361,60.5666666666688,0
"08.sin especificar","08.sin especificar",2015,"08",197,0,42,42,3,0,1,0,2015-08-01,8,175.633333333331,137.484069045301,213.782597621361,21.366666666669,0
"08.sin especificar","08.sin especificar",2015,"09",254,0,49,65,4,2,1,2,2015-09-01,9,173.833333333331,135.684069045301,211.982597621361,80.166666666669,0
"08.sin especificar","08.sin especificar",2015,"10",219,0,46,51,5,0,0,1,2015-10-01,10,163.833333333331,125.684069045301,201.982597621361,55.166666666669,0
"08.sin especificar","08.sin especificar",2015,"11",122,0,18,33,3,0,1,0,2015-11-01,11,132.433333333331,94.2840690453009,170.582597621361,-10.4333333333308,0
"08.sin especificar","08.sin especificar",2015,"12",101,0,14,16,2,0,0,0,2015-12-01,12,141.433333333331,103.284069045301,179.582597621361,-40.4333333333309,0
"08.sin especificar","08.sin especificar",2016,"01",123,0,27,30,2,0,1,0,2016-01-01,1,132.516666666665,96.4690002358398,168.564333097489,-9.51666666666461,0
"08.sin especificar","08.sin especificar",2016,"02",125,0,15,31,0,0,1,0,2016-02-01,2,120.516666666668,84.4690002358422,156.564333097494,4.48333333333176,0
"08.sin especificar","08.sin especificar",2016,"03",100,0,20,29,3,0,1,0,2016-03-01,3,109.916666666666,73.8690002358406,145.964333097492,-9.91666666666606,0
"08.sin especificar","08.sin especificar",2016,"04",144,0,23,42,3,1,0,0,2016-04-01,4,125.516666666666,89.4690002358407,161.564333097491,18.4833333333341,0
"08.sin especificar","08.sin especificar",2016,"05",168,0,30,46,7,0,0,1,2016-05-01,5,158.116666666666,122.069000235841,194.164333097491,9.88333333333418,0
"08.sin especificar","08.sin especificar",2016,"06",182,0,49,53,1,3,1,0,2016-06-01,6,170.516666666666,134.469000235841,206.564333097491,11.4833333333341,0
"08.sin especificar","08.sin especificar",2016,"07",116,0,24,29,2,1,1,0,2016-07-01,7,190.316666666666,154.269000235841,226.364333097492,-74.3166666666662,0
"08.sin especificar","08.sin especificar",2016,"08",214,0,47,65,3,0,2,0,2016-08-01,8,171.516666666666,135.469000235841,207.564333097491,42.483333333334,0
"08.sin especificar","08.sin especificar",2016,"09",176,0,32,55,2,0,1,0,2016-09-01,9,169.716666666666,133.669000235841,205.764333097491,6.28333333333399,0
"08.sin especificar","08.sin especificar",2016,"10",155,0,34,46,6,0,0,1,2016-10-01,10,159.716666666666,123.669000235841,195.764333097491,-4.71666666666604,0
"08.sin especificar","08.sin especificar",2016,"11",110,0,22,27,6,0,0,0,2016-11-01,11,128.316666666666,92.2690002358406,164.364333097491,-18.3166666666658,0
"08.sin especificar","08.sin especificar",2016,"12",171,0,24,48,6,1,2,0,2016-12-01,12,137.316666666666,101.269000235841,173.364333097491,33.683333333334,0
"08.sin especificar","08.sin especificar",2017,"01",158,0,23,37,2,1,0,2,2017-01-01,1,128.399999999998,93.0806443305531,163.719355669443,29.6000000000022,0
"08.sin especificar","08.sin especificar",2017,"02",165,0,30,39,2,1,3,0,2017-02-01,2,116.400000000001,81.0806443305567,151.719355669446,48.5999999999985,0
"08.sin especificar","08.sin especificar",2017,"03",120,0,25,32,1,0,0,1,2017-03-01,3,105.799999999999,70.4806443305546,141.119355669444,14.2000000000007,0
"08.sin especificar","08.sin especificar",2017,"04",134,0,31,33,1,1,1,1,2017-04-01,4,121.399999999999,86.0806443305544,156.719355669444,12.6000000000008,0
"08.sin especificar","08.sin especificar",2017,"05",201,0,61,47,3,3,2,1,2017-05-01,5,153.999999999999,118.680644330554,189.319355669444,47.000000000001,0
"08.sin especificar","08.sin especificar",2017,"06",194,0,53,52,6,1,2,1,2017-06-01,6,166.399999999999,131.080644330554,201.719355669444,27.6000000000009,0
"08.sin especificar","08.sin especificar",2017,"07",228,0,71,69,4,0,1,0,2017-07-01,7,186.199999999999,150.880644330555,221.519355669444,41.8000000000006,0
"08.sin especificar","08.sin especificar",2017,"08",100,0,23,21,4,0,1,0,2017-08-01,8,167.399999999999,132.080644330555,202.719355669444,-67.3999999999992,0
"08.sin especificar","08.sin especificar",2017,"09",160,0,29,46,6,1,0,0,2017-09-01,9,165.599999999999,130.280644330555,200.919355669444,-5.59999999999923,0
"08.sin especificar","08.sin especificar",2017,"10",200,0,42,77,3,0,1,1,2017-10-01,10,155.599999999999,120.280644330555,190.919355669444,44.4000000000007,0
"08.sin especificar","08.sin especificar",2017,"11",133,0,27,32,4,0,0,0,2017-11-01,11,124.199999999999,88.8806443305543,159.519355669444,8.80000000000096,0
"08.sin especificar","08.sin especificar",2017,"12",149,0,17,38,6,1,1,1,2017-12-01,12,133.199999999999,97.8806443305544,168.519355669444,15.8000000000008,0
"08.sin especificar","08.sin especificar",2018,"01",126,0,19,39,3,0,0,0,2018-01-01,1,124.283333333333,88.2356669025071,160.330999764159,1.71666666666715,0
"08.sin especificar","08.sin especificar",2018,"02",92,0,16,22,1,0,0,0,2018-02-01,2,112.283333333336,76.2356669025121,148.330999764161,-20.2833333333365,0
"08.sin especificar","08.sin especificar",2018,"03",105,0,19,22,1,0,1,0,2018-03-01,3,101.683333333334,65.6356669025093,137.730999764159,3.3166666666657,0
"08.sin especificar","08.sin especificar",2018,"04",140,0,25,34,0,0,1,0,2018-04-01,4,117.283333333334,81.2356669025089,153.33099976416,22.7166666666658,0
"08.sin especificar","08.sin especificar",2018,"05",130,0,26,38,3,0,0,0,2018-05-01,5,149.883333333334,113.835666902509,185.930999764159,-19.8833333333341,0
"08.sin especificar","08.sin especificar",2018,"06",156,0,33,42,4,0,2,0,2018-06-01,6,162.283333333334,126.235666902509,198.330999764159,-6.28333333333413,0
"08.sin especificar","08.sin especificar",2018,"07",176,0,39,48,0,0,1,1,2018-07-01,7,182.083333333334,146.035666902509,218.13099976416,-6.08333333333445,0
"08.sin especificar","08.sin especificar",2018,"08",196,0,53,47,1,0,0,1,2018-08-01,8,163.283333333334,127.235666902509,199.33099976416,32.7166666666657,0
"08.sin especificar","08.sin especificar",2018,"09",153,0,42,42,2,0,1,0,2018-09-01,9,161.483333333334,125.435666902509,197.53099976416,-8.48333333333426,0
"08.sin especificar","08.sin especificar",2018,"10",116,0,20,27,1,0,1,0,2018-10-01,10,151.483333333334,115.435666902509,187.53099976416,-35.4833333333343,0
"08.sin especificar","08.sin especificar",2018,"11",155,0,27,46,1,0,1,2,2018-11-01,11,120.083333333334,84.0356669025087,156.130999764159,34.9166666666659,0
"08.sin especificar","08.sin especificar",2018,"12",167,0,33,57,3,0,2,0,2018-12-01,12,129.083333333334,93.0356669025089,165.13099976416,37.9166666666658,0
"08.sin especificar","08.sin especificar",2019,"01",150,0,21,44,5,0,2,0,2019-01-01,1,120.166666666666,82.0174023786349,158.315930954697,29.8333333333339,0
"08.sin especificar","08.sin especificar",2019,"02",119,0,15,42,2,0,1,0,2019-02-01,2,108.16666666667,70.017402378641,146.315930954698,10.8333333333303,0
"08.sin especificar","08.sin especificar",2019,"03",136,0,27,27,2,0,0,0,2019-03-01,3,97.5666666666675,59.4174023786379,135.715930954697,38.4333333333325,0
"08.sin especificar","08.sin especificar",2019,"04",115,0,18,34,2,0,1,0,2019-04-01,4,113.166666666667,75.0174023786372,151.315930954698,1.8333333333326,0
"08.sin especificar","08.sin especificar",2019,"05",161,0,31,42,2,0,3,2,2019-05-01,5,145.766666666667,107.617402378637,183.915930954698,15.2333333333327,0
"08.sin especificar","08.sin especificar",2019,"06",168,0,40,45,1,0,2,1,2019-06-01,6,158.166666666667,120.017402378637,196.315930954698,9.83333333333266,0
"08.sin especificar","08.sin especificar",2019,"07",156,0,31,47,1,1,0,1,2019-07-01,7,177.966666666668,139.817402378638,216.115930954698,-21.9666666666677,0
"08.sin especificar","08.sin especificar",2019,"08",130,0,36,36,3,0,1,0,2019-08-01,8,159.166666666667,121.017402378638,197.315930954697,-29.1666666666675,0
"08.sin especificar","08.sin especificar",2019,"09",85,0,14,19,3,0,0,0,2019-09-01,9,157.366666666667,119.217402378638,195.515930954697,-72.3666666666675,0
"08.sin especificar","08.sin especificar",2019,"10",88,0,20,21,1,0,1,0,2019-10-01,10,147.366666666667,109.217402378638,185.515930954697,-59.3666666666675,0
"08.sin especificar","08.sin especificar",2019,"11",101,0,11,26,1,1,1,0,2019-11-01,11,115.966666666667,77.8174023786371,154.115930954697,-14.9666666666673,0
"08.sin especificar","08.sin especificar",2019,"12",78,0,10,21,1,0,0,0,2019-12-01,12,124.966666666667,86.8174023786372,163.115930954698,-46.9666666666674,0
"08.sin especificar","08.sin especificar",2020,"01",67,0,5,24,1,1,0,1,2020-01-01,1,116.049999999999,74.6343843854195,157.465615614579,-49.0499999999993,0
"08.sin especificar","08.sin especificar",2020,"02",72,0,7,18,1,0,2,0,2020-02-01,2,104.050000000003,62.6343843854266,145.465615614579,-32.0500000000029,0
"08.sin especificar","08.sin especificar",2020,"03",102,0,24,24,1,0,0,0,2020-03-01,3,93.4500000000007,52.0343843854223,134.865615614579,8.54999999999927,0
"08.sin especificar","08.sin especificar",2020,"04",192,2,46,55,5,0,1,0,2020-04-01,4,109.050000000001,67.634384385422,150.465615614579,82.9499999999994,0
"08.sin especificar","08.sin especificar",2020,"05",159,1,26,52,3,0,2,0,2020-05-01,5,141.65,100.234384385422,183.065615614579,17.3499999999995,0
"08.sin especificar","08.sin especificar",2020,"06",218,11,30,66,6,1,1,0,2020-06-01,6,154.050000000001,112.634384385422,195.465615614579,63.9499999999994,0
"08.sin especificar","08.sin especificar",2020,"07",255,39,41,75,3,0,0,0,2020-07-01,7,173.850000000001,132.434384385422,215.265615614579,81.1499999999991,0
"08.sin especificar","08.sin especificar",2020,"08",364,97,61,88,2,0,3,1,2020-08-01,8,155.050000000001,113.634384385422,196.465615614579,208.949999999999,0
"08.sin especificar","08.sin especificar",2020,"09",301,101,48,54,4,1,0,0,2020-09-01,9,153.250000000001,111.834384385422,194.665615614579,147.749999999999,0
"08.sin especificar","08.sin especificar",2020,"10",328,95,52,56,3,1,1,3,2020-10-01,10,143.250000000001,101.834384385422,184.665615614579,184.749999999999,0
"08.sin especificar","08.sin especificar",2020,"11",385,68,58,94,5,0,1,0,2020-11-01,11,111.85,70.4343843854218,153.265615614579,273.15,0
"08.sin especificar","08.sin especificar",2020,"12",187,18,31,35,4,1,1,0,2020-12-01,12,120.850000000001,79.4343843854219,162.265615614579,66.1499999999994,0
"08.sin especificar","08.sin especificar",2021,"01",196,29,29,42,4,2,0,1,2021-01-01,1,111.933333333334,66.3362412313388,157.53042543533,84.0666666666657,1
"08.sin especificar","08.sin especificar",2021,"02",119,17,12,34,0,1,0,0,2021-02-01,2,99.9333333333379,54.3362412313467,145.530425435329,19.0666666666621,1
"08.sin especificar","08.sin especificar",2021,"03",147,24,20,34,2,1,1,0,2021-03-01,3,89.3333333333358,43.7362412313418,134.93042543533,57.6666666666642,1
"08.sin especificar","08.sin especificar",2021,"04",142,38,22,27,2,0,0,0,2021-04-01,4,104.933333333336,59.3362412313413,150.53042543533,37.0666666666644,1
"08.sin especificar","08.sin especificar",2021,"05",217,74,21,43,4,1,1,2,2021-05-01,5,137.533333333336,91.9362412313411,183.13042543533,79.4666666666645,1
"08.sin especificar","08.sin especificar",2021,"06",198,58,26,37,2,1,1,0,2021-06-01,6,149.933333333336,104.336241231341,195.53042543533,48.0666666666644,1
"08.sin especificar","08.sin especificar",2021,"07",190,29,19,41,2,0,2,3,2021-07-01,7,169.733333333336,124.136241231342,215.330425435329,20.2666666666641,1
"08.sin especificar","08.sin especificar",2021,"08",82,11,12,23,2,0,1,0,2021-08-01,8,150.933333333336,105.336241231341,196.53042543533,-68.9333333333357,1
"08.sin especificar","08.sin especificar",2021,"09",118,2,20,29,4,0,0,3,2021-09-01,9,149.133333333336,103.536241231341,194.73042543533,-31.1333333333357,1
"08.sin especificar","08.sin especificar",2021,"10",117,1,20,36,1,0,1,0,2021-10-01,10,139.133333333336,93.5362412313415,184.73042543533,-22.1333333333357,1
"08.sin especificar","08.sin especificar",2021,"11",117,1,17,28,2,0,1,1,2021-11-01,11,107.733333333336,62.1362412313411,153.33042543533,9.26666666666448,1
"08.sin especificar","08.sin especificar",2021,"12",99,3,15,28,0,0,0,0,2021-12-01,12,116.733333333336,71.1362412313413,162.33042543533,-17.7333333333356,1
"08.sin especificar","08.sin especificar",2022,"01",98,18,11,23,0,0,0,1,2022-01-01,1,107.816666666668,57.3499336637528,158.283399669582,-9.81666666666752,1
"08.sin especificar","08.sin especificar",2022,"02",74,14,12,11,3,0,0,1,2022-02-01,2,95.8166666666712,45.3499336637602,146.283399669582,-21.8166666666712,1
"08.sin especificar","08.sin especificar",2022,"03",56,0,7,17,1,0,0,1,2022-03-01,3,85.216666666669,34.7499336637559,135.683399669582,-29.216666666669,1
"08.sin especificar","08.sin especificar",2022,"04",53,0,7,10,0,0,0,0,2022-04-01,4,100.816666666669,50.3499336637554,151.283399669582,-47.8166666666689,1
"08.sin especificar","08.sin especificar",2022,"05",66,0,7,12,1,0,1,2,2022-05-01,5,133.416666666669,82.9499336637552,183.883399669582,-67.4166666666687,1
"08.sin especificar","08.sin especificar",2022,"06",97,1,15,20,1,0,0,0,2022-06-01,6,145.816666666669,95.3499336637553,196.283399669582,-48.8166666666688,1
"08.sin especificar","08.sin especificar",2022,"07",98,0,17,28,3,0,1,0,2022-07-01,7,165.616666666669,115.149933663756,216.083399669582,-67.6166666666691,1
"08.sin especificar","08.sin especificar",2022,"08",71,3,10,17,2,0,0,1,2022-08-01,8,146.816666666669,96.3499336637566,197.283399669581,-75.8166666666689,1
"08.sin especificar","08.sin especificar",2022,"09",108,0,10,30,0,0,0,1,2022-09-01,9,145.016666666669,94.5499336637566,195.483399669581,-37.0166666666689,1
"08.sin especificar","08.sin especificar",2022,"10",103,1,16,23,0,0,1,0,2022-10-01,10,135.016666666669,84.5499336637567,185.483399669581,-32.016666666669,1
"08.sin especificar","08.sin especificar",2022,"11",86,0,16,22,1,0,0,0,2022-11-01,11,103.616666666669,53.1499336637552,154.083399669582,-17.6166666666687,1
"08.sin especificar","08.sin especificar",2022,"12",132,3,18,32,1,0,1,1,2022-12-01,12,112.616666666669,62.1499336637554,163.083399669582,19.3833333333312,1
"08.sin especificar","08.sin especificar",2023,"01",113,1,16,29,0,0,1,0,2023-01-01,1,103.700000000003,47.8551952978278,159.544804702177,9.29999999999745,1
"08.sin especificar","08.sin especificar",2023,"02",106,0,17,19,1,0,0,1,2023-02-01,2,91.7000000000062,35.8551952978362,147.544804702176,14.2999999999938,1
"08.sin especificar","08.sin especificar",2023,"03",125,0,21,29,1,0,0,0,2023-03-01,3,81.100000000004,25.2551952978319,136.944804702176,43.899999999996,1
"08.sin especificar","08.sin especificar",2023,"04",109,0,22,31,0,0,0,0,2023-04-01,4,96.7000000000039,40.8551952978313,152.544804702176,12.2999999999961,1
"08.sin especificar","08.sin especificar",2023,"05",92,0,13,28,3,0,0,0,2023-05-01,5,129.300000000004,73.4551952978311,185.144804702176,-37.3000000000038,1
"08.sin especificar","08.sin especificar",2023,"06",148,0,30,31,3,1,1,0,2023-06-01,6,141.700000000004,85.8551952978313,197.544804702176,6.29999999999617,1
"08.sin especificar","08.sin especificar",2023,"07",148,0,35,50,0,0,1,1,2023-07-01,7,161.500000000004,105.655195297832,217.344804702177,-13.5000000000041,1
"08.sin especificar","08.sin especificar",2023,"08",114,0,16,17,0,0,0,0,2023-08-01,8,142.700000000004,86.8551952978315,198.544804702176,-28.700000000004,1
"08.sin especificar","08.sin especificar",2023,"09",138,2,25,38,2,0,1,0,2023-09-01,9,140.900000000004,85.0551952978315,196.744804702176,-2.90000000000396,1
"08.sin especificar","08.sin especificar",2023,"10",104,0,19,25,0,0,0,0,2023-10-01,10,130.900000000004,75.0551952978315,186.744804702176,-26.900000000004,1
"08.sin especificar","08.sin especificar",2023,"11",90,0,11,25,2,0,0,0,2023-11-01,11,99.5000000000038,43.6551952978311,155.344804702176,-9.50000000000377,1
"08.sin especificar","08.sin especificar",2023,"12",90,0,9,20,2,0,1,0,2023-12-01,12,108.500000000004,52.6551952978313,164.344804702176,-18.5000000000039,1
"08.sin especificar","08.sin especificar",2024,"00",58,0,11,18,1,0,0,0,NA,0,NA,NA,NA,NA,1
"08.sin especificar","08.sin especificar",2024,"01",96,1,19,18,2,0,1,0,2024-01-01,1,99.5833333333358,37.985053934743,161.181612731929,-3.58333333333576,1
"08.sin especificar","08.sin especificar",2024,"02",94,2,13,20,1,0,1,0,2024-02-01,2,87.5833333333394,25.9850539347513,149.181612731927,6.4166666666606,1
"08.sin especificar","08.sin especificar",2024,"03",95,0,20,22,1,0,0,1,2024-03-01,3,76.9833333333372,15.385053934747,138.581612731927,18.0166666666628,1
"08.sin especificar","08.sin especificar",2024,"04",110,0,18,36,3,0,1,1,2024-04-01,4,92.5833333333371,30.9850539347465,154.181612731928,17.4166666666629,1
"08.sin especificar","08.sin especificar",2024,"05",138,0,26,39,2,1,0,3,2024-05-01,5,125.183333333337,63.5850539347462,186.781612731928,12.816666666663,1
"08.sin especificar","08.sin especificar",2024,"06",119,0,18,29,4,0,1,1,2024-06-01,6,137.583333333337,75.9850539347464,199.181612731928,-18.583333333337,1
"08.sin especificar","08.sin especificar",2024,"07",143,0,28,30,0,0,1,1,2024-07-01,7,157.383333333337,95.7850539347469,218.981612731928,-14.3833333333374,1
"08.sin especificar","08.sin especificar",2024,"08",138,0,22,43,1,0,0,0,2024-08-01,8,138.583333333337,76.9850539347466,200.181612731928,-0.58333333333718,1
"08.sin especificar","08.sin especificar",2024,"09",121,0,20,25,4,0,1,1,2024-09-01,9,136.783333333337,75.1850539347466,198.381612731928,-15.7833333333372,1
"08.sin especificar","08.sin especificar",2024,"10",108,0,13,22,0,0,2,0,2024-10-01,10,126.783333333337,65.1850539347467,188.381612731928,-18.7833333333372,1
"08.sin especificar","08.sin especificar",2024,"11",95,1,12,16,0,0,0,1,2024-11-01,11,95.383333333337,33.7850539347463,156.981612731928,-0.383333333336978,1
"08.sin especificar","08.sin especificar",2024,"12",81,0,14,23,0,0,0,0,2024-12-01,12,104.383333333337,42.7850539347465,165.981612731928,-23.3833333333371,1
