age,anio_def,pred_resp,pred_circ,pred_diabetes,pred_alzheimer,pred_metabolic,pred_anemia,covid_sum.x,covid_sq_sum.x,excess_total,cause,excess_resp,excess_circ,excess_diabetes,excess_alzheimer,excess_metabolic,excess_anemia,covid_sum.y,covid_sq_sum.y,pred_sum,covid_sum,covid_sq_sum,coef,se,attributable,se_attrib,lower95,upper95
01.menor a 20 anios,2015,966.3224226540768,309.39173275245287,15.968605561416922,0.2217861883530128,104.68308090262205,36.81650726660013,0,0,-77.32242265407683,resp,-77.32242265407683,-36.39173275245285,-7.968605561416922,-0.2217861883530128,-15.683080902622049,1.1834927333998748,0,0,966.3224226540768,0,0,1.63583207313997,1.719585508407,0,0,0,0
01.menor a 20 anios,2015,966.3224226540768,309.39173275245287,15.968605561416922,0.2217861883530128,104.68308090262205,36.81650726660013,0,0,-36.39173275245285,circ,-77.32242265407683,-36.39173275245285,-7.968605561416922,-0.2217861883530128,-15.683080902622049,1.1834927333998748,0,0,309.39173275245287,0,0,-0.0469684942271819,0.908516950895465,-0,0,-0,0
01.menor a 20 anios,2015,966.3224226540768,309.39173275245287,15.968605561416922,0.2217861883530128,104.68308090262205,36.81650726660013,0,0,-7.968605561416922,diabetes,-77.32242265407683,-36.39173275245285,-7.968605561416922,-0.2217861883530128,-15.683080902622049,1.1834927333998748,0,0,15.968605561416922,0,0,-0.568433019868638,0.255032771433392,-0,0,-0,0
01.menor a 20 anios,2015,966.3224226540768,309.39173275245287,15.968605561416922,0.2217861883530128,104.68308090262205,36.81650726660013,0,0,-0.2217861883530128,alzheimer,-77.32242265407683,-36.39173275245285,-7.968605561416922,-0.2217861883530128,-15.683080902622049,1.1834927333998748,0,0,0.2217861883530128,0,0,0.00591244016104808,0.00815840064309174,0,0,0,0
01.menor a 20 anios,2015,966.3224226540768,309.39173275245287,15.968605561416922,0.2217861883530128,104.68308090262205,36.81650726660013,0,0,-15.683080902622049,metabolic,-77.32242265407683,-36.39173275245285,-7.968605561416922,-0.2217861883530128,-15.683080902622049,1.1834927333998748,0,0,104.68308090262205,0,0,0.327923296136504,0.64444093741183,0,0,0,0
01.menor a 20 anios,2015,966.3224226540768,309.39173275245287,15.968605561416922,0.2217861883530128,104.68308090262205,36.81650726660013,0,0,1.1834927333998748,anemia,-77.32242265407683,-36.39173275245285,-7.968605561416922,-0.2217861883530128,-15.683080902622049,1.1834927333998748,0,0,36.81650726660013,0,0,0.456130678201811,0.305710812458041,0,0,0,0
01.menor a 20 anios,2016,918.8612113270347,294.19586637622524,15.184302780708398,0.21089309417650556,99.54154045131062,35.008253633299915,0,0,91.13878867296533,resp,91.13878867296533,5.804133623774781,0.8156972192916017,-0.21089309417650556,-8.541540451310617,7.991746366700082,0,0,918.8612113270347,0,0,NA,1.719585508407,NA,0,NA,NA
01.menor a 20 anios,2016,918.8612113270347,294.19586637622524,15.184302780708398,0.21089309417650556,99.54154045131062,35.008253633299915,0,0,5.804133623774781,circ,91.13878867296533,5.804133623774781,0.8156972192916017,-0.21089309417650556,-8.541540451310617,7.991746366700082,0,0,294.19586637622524,0,0,NA,0.908516950895465,NA,0,NA,NA
01.menor a 20 anios,2016,918.8612113270347,294.19586637622524,15.184302780708398,0.21089309417650556,99.54154045131062,35.008253633299915,0,0,0.8156972192916017,diabetes,91.13878867296533,5.804133623774781,0.8156972192916017,-0.21089309417650556,-8.541540451310617,7.991746366700082,0,0,15.184302780708398,0,0,NA,0.255032771433392,NA,0,NA,NA
01.menor a 20 anios,2016,918.8612113270347,294.19586637622524,15.184302780708398,0.21089309417650556,99.54154045131062,35.008253633299915,0,0,-0.21089309417650556,alzheimer,91.13878867296533,5.804133623774781,0.8156972192916017,-0.21089309417650556,-8.541540451310617,7.991746366700082,0,0,0.21089309417650556,0,0,NA,0.00815840064309174,NA,0,NA,NA
01.menor a 20 anios,2016,918.8612113270347,294.19586637622524,15.184302780708398,0.21089309417650556,99.54154045131062,35.008253633299915,0,0,-8.541540451310617,metabolic,91.13878867296533,5.804133623774781,0.8156972192916017,-0.21089309417650556,-8.541540451310617,7.991746366700082,0,0,99.54154045131062,0,0,NA,0.64444093741183,NA,0,NA,NA
01.menor a 20 anios,2016,918.8612113270347,294.19586637622524,15.184302780708398,0.21089309417650556,99.54154045131062,35.008253633299915,0,0,7.991746366700082,anemia,91.13878867296533,5.804133623774781,0.8156972192916017,-0.21089309417650556,-8.541540451310617,7.991746366700082,0,0,35.008253633299915,0,0,NA,0.305710812458041,NA,0,NA,NA
01.menor a 20 anios,2017,871.3999999999804,278.99999999999375,14.399999999999675,0.19999999999999551,94.39999999999787,33.19999999999925,0,0,-48.39999999998042,resp,-48.39999999998042,25.00000000000628,2.600000000000324,-0.19999999999999551,13.60000000000212,0.8000000000007477,0,0,871.3999999999804,0,0,NA,1.719585508407,NA,0,NA,NA
01.menor a 20 anios,2017,871.3999999999804,278.99999999999375,14.399999999999675,0.19999999999999551,94.39999999999787,33.19999999999925,0,0,25.00000000000628,circ,-48.39999999998042,25.00000000000628,2.600000000000324,-0.19999999999999551,13.60000000000212,0.8000000000007477,0,0,278.99999999999375,0,0,NA,0.908516950895465,NA,0,NA,NA
01.menor a 20 anios,2017,871.3999999999804,278.99999999999375,14.399999999999675,0.19999999999999551,94.39999999999787,33.19999999999925,0,0,2.600000000000324,diabetes,-48.39999999998042,25.00000000000628,2.600000000000324,-0.19999999999999551,13.60000000000212,0.8000000000007477,0,0,14.399999999999675,0,0,NA,0.255032771433392,NA,0,NA,NA
01.menor a 20 anios,2017,871.3999999999804,278.99999999999375,14.399999999999675,0.19999999999999551,94.39999999999787,33.19999999999925,0,0,-0.19999999999999551,alzheimer,-48.39999999998042,25.00000000000628,2.600000000000324,-0.19999999999999551,13.60000000000212,0.8000000000007477,0,0,0.19999999999999551,0,0,NA,0.00815840064309174,NA,0,NA,NA
01.menor a 20 anios,2017,871.3999999999804,278.99999999999375,14.399999999999675,0.19999999999999551,94.39999999999787,33.19999999999925,0,0,13.60000000000212,metabolic,-48.39999999998042,25.00000000000628,2.600000000000324,-0.19999999999999551,13.60000000000212,0.8000000000007477,0,0,94.39999999999787,0,0,NA,0.64444093741183,NA,0,NA,NA
01.menor a 20 anios,2017,871.3999999999804,278.99999999999375,14.399999999999675,0.19999999999999551,94.39999999999787,33.19999999999925,0,0,0.8000000000007477,anemia,-48.39999999998042,25.00000000000628,2.600000000000324,-0.19999999999999551,13.60000000000212,0.8000000000007477,0,0,33.19999999999925,0,0,NA,0.305710812458041,NA,0,NA,NA
01.menor a 20 anios,2018,823.9387886729387,263.80413362376623,13.61569721929116,0.18910690582348835,89.2584595486865,31.391746366699063,0,0,-3.938788672938756,resp,-3.938788672938756,18.19586637623376,-0.615697219291161,0.8108930941765116,6.741540451313497,-7.391746366699065,0,0,823.9387886729387,0,0,NA,1.719585508407,NA,0,NA,NA
01.menor a 20 anios,2018,823.9387886729387,263.80413362376623,13.61569721929116,0.18910690582348835,89.2584595486865,31.391746366699063,0,0,18.19586637623376,circ,-3.938788672938756,18.19586637623376,-0.615697219291161,0.8108930941765116,6.741540451313497,-7.391746366699065,0,0,263.80413362376623,0,0,NA,0.908516950895465,NA,0,NA,NA
01.menor a 20 anios,2018,823.9387886729387,263.80413362376623,13.61569721929116,0.18910690582348835,89.2584595486865,31.391746366699063,0,0,-0.615697219291161,diabetes,-3.938788672938756,18.19586637623376,-0.615697219291161,0.8108930941765116,6.741540451313497,-7.391746366699065,0,0,13.61569721929116,0,0,NA,0.255032771433392,NA,0,NA,NA
01.menor a 20 anios,2018,823.9387886729387,263.80413362376623,13.61569721929116,0.18910690582348835,89.2584595486865,31.391746366699063,0,0,0.8108930941765116,alzheimer,-3.938788672938756,18.19586637623376,-0.615697219291161,0.8108930941765116,6.741540451313497,-7.391746366699065,0,0,0.18910690582348835,0,0,NA,0.00815840064309174,NA,0,NA,NA
01.menor a 20 anios,2018,823.9387886729387,263.80413362376623,13.61569721929116,0.18910690582348835,89.2584595486865,31.391746366699063,0,0,6.741540451313497,metabolic,-3.938788672938756,18.19586637623376,-0.615697219291161,0.8108930941765116,6.741540451313497,-7.391746366699065,0,0,89.2584595486865,0,0,NA,0.64444093741183,NA,0,NA,NA
01.menor a 20 anios,2018,823.9387886729387,263.80413362376623,13.61569721929116,0.18910690582348835,89.2584595486865,31.391746366699063,0,0,-7.391746366699065,anemia,-3.938788672938756,18.19586637623376,-0.615697219291161,0.8108930941765116,6.741540451313497,-7.391746366699065,0,0,31.391746366699063,0,0,NA,0.305710812458041,NA,0,NA,NA
01.menor a 20 anios,2019,776.4775773458964,248.60826724753852,12.831394438582635,0.17821381164698102,84.11691909737505,29.58349273339885,0,0,38.5224226541036,resp,38.5224226541036,-12.608267247538532,5.168605561417365,-0.17821381164698102,3.8830809026249486,-2.58349273339885,0,0,776.4775773458964,0,0,NA,1.719585508407,NA,0,NA,NA
01.menor a 20 anios,2019,776.4775773458964,248.60826724753852,12.831394438582635,0.17821381164698102,84.11691909737505,29.58349273339885,0,0,-12.608267247538532,circ,38.5224226541036,-12.608267247538532,5.168605561417365,-0.17821381164698102,3.8830809026249486,-2.58349273339885,0,0,248.60826724753852,0,0,NA,0.908516950895465,NA,0,NA,NA
01.menor a 20 anios,2019,776.4775773458964,248.60826724753852,12.831394438582635,0.17821381164698102,84.11691909737505,29.58349273339885,0,0,5.168605561417365,diabetes,38.5224226541036,-12.608267247538532,5.168605561417365,-0.17821381164698102,3.8830809026249486,-2.58349273339885,0,0,12.831394438582635,0,0,NA,0.255032771433392,NA,0,NA,NA
01.menor a 20 anios,2019,776.4775773458964,248.60826724753852,12.831394438582635,0.17821381164698102,84.11691909737505,29.58349273339885,0,0,-0.17821381164698102,alzheimer,38.5224226541036,-12.608267247538532,5.168605561417365,-0.17821381164698102,3.8830809026249486,-2.58349273339885,0,0,0.17821381164698102,0,0,NA,0.00815840064309174,NA,0,NA,NA
01.menor a 20 anios,2019,776.4775773458964,248.60826724753852,12.831394438582635,0.17821381164698102,84.11691909737505,29.58349273339885,0,0,3.8830809026249486,metabolic,38.5224226541036,-12.608267247538532,5.168605561417365,-0.17821381164698102,3.8830809026249486,-2.58349273339885,0,0,84.11691909737505,0,0,NA,0.64444093741183,NA,0,NA,NA
01.menor a 20 anios,2019,776.4775773458964,248.60826724753852,12.831394438582635,0.17821381164698102,84.11691909737505,29.58349273339885,0,0,-2.58349273339885,anemia,38.5224226541036,-12.608267247538532,5.168605561417365,-0.17821381164698102,3.8830809026249486,-2.58349273339885,0,0,29.58349273339885,0,0,NA,0.305710812458041,NA,0,NA,NA
01.menor a 20 anios,2020,729.0163660188413,233.41240087130674,12.047091657873896,0.16732071747047078,78.97537864606221,27.775239100098148,129,2729,-322.0163660188412,resp,-322.0163660188412,-1.4124008713067369,9.952908342126104,-0.16732071747047078,-8.975378646062214,-9.77523910009815,129,2729,729.0163660188413,129,2729,-0.940863964983617,0.530212637161464,-121.3714514828866,27.698218849106425,-175.6599604271352,-67.08294253863801
01.menor a 20 anios,2020,729.0163660188413,233.41240087130674,12.047091657873896,0.16732071747047078,78.97537864606221,27.775239100098148,129,2729,-1.4124008713067369,circ,-322.0163660188412,-1.4124008713067369,9.952908342126104,-0.16732071747047078,-8.975378646062214,-9.77523910009815,129,2729,233.41240087130674,129,2729,0.144325583864471,0.127523269713792,18.61800031851676,6.6617941280992055,5.560883827442318,31.675116809591202
01.menor a 20 anios,2020,729.0163660188413,233.41240087130674,12.047091657873896,0.16732071747047078,78.97537864606221,27.775239100098148,129,2729,9.952908342126104,diabetes,-322.0163660188412,-1.4124008713067369,9.952908342126104,-0.16732071747047078,-8.975378646062214,-9.77523910009815,129,2729,12.047091657873896,129,2729,0.0567668155182134,0.036408104809974,7.322919201849529,1.9019532621980249,3.5950908079414003,11.050747595757658
01.menor a 20 anios,2020,729.0163660188413,233.41240087130674,12.047091657873896,0.16732071747047078,78.97537864606221,27.775239100098148,129,2729,-0.16732071747047078,alzheimer,-322.0163660188412,-1.4124008713067369,9.952908342126104,-0.16732071747047078,-8.975378646062214,-9.77523910009815,129,2729,0.16732071747047078,129,2729,-4.5170315181626e-4,7.5428388664222e-4,-0.05826970658429754,0.039403663176380534,-0.13550088641000338,0.01896147324140831
01.menor a 20 anios,2020,729.0163660188413,233.41240087130674,12.047091657873896,0.16732071747047078,78.97537864606221,27.775239100098148,129,2729,-8.975378646062214,metabolic,-322.0163660188412,-1.4124008713067369,9.952908342126104,-0.16732071747047078,-8.975378646062214,-9.77523910009815,129,2729,78.97537864606221,129,2729,0.0143268475452391,0.0400640695963013,1.848163333335844,2.0929402467754645,-2.2539995503440666,5.950326217015754
01.menor a 20 anios,2020,729.0163660188413,233.41240087130674,12.047091657873896,0.16732071747047078,78.97537864606221,27.775239100098148,129,2729,-9.77523910009815,anemia,-322.0163660188412,-1.4124008713067369,9.952908342126104,-0.16732071747047078,-8.975378646062214,-9.77523910009815,129,2729,27.775239100098148,129,2729,0.0175006783279786,0.0273115023646876,2.2575875043092397,1.4267482828113662,-0.5388391300010382,5.054014138619518
01.menor a 20 anios,2021,681.5551546917992,218.21653449507915,11.262788877165374,0.15642762329396354,73.8338381947508,25.966985466797947,212,6110,-245.55515469179915,resp,-245.55515469179915,41.78346550492087,7.737211122834625,-0.15642762329396354,-0.8338381947507925,1.0330145332020537,212,6110,681.5551546917992,212,6110,-0.893805146826544,0.297333456786262,-189.48669112722732,23.241512374294818,-235.04005538084516,-143.93332687360947
01.menor a 20 anios,2021,681.5551546917992,218.21653449507915,11.262788877165374,0.15642762329396354,73.8338381947508,25.966985466797947,212,6110,41.78346550492087,circ,-245.55515469179915,41.78346550492087,7.737211122834625,-0.15642762329396354,-0.8338381947507925,1.0330145332020537,212,6110,218.21653449507915,212,6110,0.014823947058527,0.10830436153695,3.142676776407724,8.465771682937719,-13.450235722150206,19.735589274965655
01.menor a 20 anios,2021,681.5551546917992,218.21653449507915,11.262788877165374,0.15642762329396354,73.8338381947508,25.966985466797947,212,6110,7.737211122834625,diabetes,-245.55515469179915,41.78346550492087,7.737211122834625,-0.15642762329396354,-0.8338381947507925,1.0330145332020537,212,6110,11.262788877165374,212,6110,0.0120033546926575,0.018946354880742,2.54471119484339,1.4809700400620767,-0.35799008367828034,5.44741247336506
01.menor a 20 anios,2021,681.5551546917992,218.21653449507915,11.262788877165374,0.15642762329396354,73.8338381947508,25.966985466797947,212,6110,-0.15642762329396354,alzheimer,-245.55515469179915,41.78346550492087,7.737211122834625,-0.15642762329396354,-0.8338381947507925,1.0330145332020537,212,6110,0.15642762329396354,212,6110,-8.2564015729426e-4,0.00114103324810673,-0.17503571334638313,0.08919056281788627,-0.3498492164694402,-2.222102233260248e-4
01.menor a 20 anios,2021,681.5551546917992,218.21653449507915,11.262788877165374,0.15642762329396354,73.8338381947508,25.966985466797947,212,6110,-0.8338381947507925,metabolic,-245.55515469179915,41.78346550492087,7.737211122834625,-0.15642762329396354,-0.8338381947507925,1.0330145332020537,212,6110,73.8338381947508,212,6110,-0.0874513282827077,0.0423626734828757,-18.53968159593403,3.3113414501087446,-25.02991083814717,-12.049452353720891
01.menor a 20 anios,2021,681.5551546917992,218.21653449507915,11.262788877165374,0.15642762329396354,73.8338381947508,25.966985466797947,212,6110,1.0330145332020537,anemia,-245.55515469179915,41.78346550492087,7.737211122834625,-0.15642762329396354,-0.8338381947507925,1.0330145332020537,212,6110,25.966985466797947,212,6110,-0.0107342052003939,0.0285602672994486,-2.2756515024835067,2.232455819226771,-6.6512649081679776,2.0999619032009647
01.menor a 20 anios,2022,634.0939433647441,203.02066811884737,10.478486096456638,0.14553452911745332,68.69229774343796,24.15873183349725,168,7952,66.90605663525588,resp,66.90605663525588,92.97933188115263,9.521513903543362,-0.14553452911745332,0.30770225656203376,-0.15873183349724918,168,7952,634.0939433647441,168,7952,-0.0727739232567037,0.172198317636251,-12.226019107126222,15.355610579374478,-42.323015842700194,17.870977628447754
01.menor a 20 anios,2022,634.0939433647441,203.02066811884737,10.478486096456638,0.14553452911745332,68.69229774343796,24.15873183349725,168,7952,92.97933188115263,circ,66.90605663525588,92.97933188115263,9.521513903543362,-0.14553452911745332,0.30770225656203376,-0.15873183349724918,168,7952,203.02066811884737,168,7952,-0.0812233653806532,0.0587537669375756,-13.645525383949737,5.239307663101164,-23.914568403628017,-3.376482364271455
01.menor a 20 anios,2022,634.0939433647441,203.02066811884737,10.478486096456638,0.14553452911745332,68.69229774343796,24.15873183349725,168,7952,9.521513903543362,diabetes,66.90605663525588,92.97933188115263,9.521513903543362,-0.14553452911745332,0.30770225656203376,-0.15873183349724918,168,7952,10.478486096456638,168,7952,0.0345055104400965,0.00800066554566426,5.796925753936211,0.713451247268026,4.39856130929088,7.195290198581542
01.menor a 20 anios,2022,634.0939433647441,203.02066811884737,10.478486096456638,0.14553452911745332,68.69229774343796,24.15873183349725,168,7952,-0.14553452911745332,alzheimer,66.90605663525588,92.97933188115263,9.521513903543362,-0.14553452911745332,0.30770225656203376,-0.15873183349724918,168,7952,0.14553452911745332,168,7952,1.1936261670565e-4,2.1043987797292e-4,0.0200529196065492,0.018765762992814315,-0.016727975859366858,0.05683381507246525
01.menor a 20 anios,2022,634.0939433647441,203.02066811884737,10.478486096456638,0.14553452911745332,68.69229774343796,24.15873183349725,168,7952,0.30770225656203376,metabolic,66.90605663525588,92.97933188115263,9.521513903543362,-0.14553452911745332,0.30770225656203376,-0.15873183349724918,168,7952,68.69229774343796,168,7952,0.0130724669599638,0.0169899664532044,2.1961744492739186,1.515063051679434,-0.7733491320177719,5.1656980305656095
01.menor a 20 anios,2022,634.0939433647441,203.02066811884737,10.478486096456638,0.14553452911745332,68.69229774343796,24.15873183349725,168,7952,-0.15873183349724918,anemia,66.90605663525588,92.97933188115263,9.521513903543362,-0.14553452911745332,0.30770225656203376,-0.15873183349724918,168,7952,24.15873183349725,168,7952,0.0157504132087086,0.0099761442310295,2.646069419063045,0.8896125583465799,0.9024288047037483,4.389710033422341
01.menor a 20 anios,2023,586.6327320377022,187.82480174261983,9.69418331574812,0.13464143494094613,63.55075729212657,22.350478200197056,16,54,-19.63273203770226,resp,-19.63273203770226,95.17519825738017,1.3058166842518797,-0.13464143494094613,-5.550757292126569,-7.350478200197055,16,54,586.6327320377022,16,54,2.0909941169414,1.30631811908818,33.4559058710624,9.599438500554934,14.641006409974729,52.27080533215007
01.menor a 20 anios,2023,586.6327320377022,187.82480174261983,9.69418331574812,0.13464143494094613,63.55075729212657,22.350478200197056,16,54,95.17519825738017,circ,-19.63273203770226,95.17519825738017,1.3058166842518797,-0.13464143494094613,-5.550757292126569,-7.350478200197055,16,54,187.82480174261983,16,54,-0.575507622020422,0.681814507085913,-9.208121952326753,5.010292924763137,-19.0282960848625,0.6120521802089947
01.menor a 20 anios,2023,586.6327320377022,187.82480174261983,9.69418331574812,0.13464143494094613,63.55075729212657,22.350478200197056,16,54,1.3058166842518797,diabetes,-19.63273203770226,95.17519825738017,1.3058166842518797,-0.13464143494094613,-5.550757292126569,-7.350478200197055,16,54,9.69418331574812,16,54,0.0117032667965212,0.137853657494105,0.1872522687443392,1.0130133601108668,-1.7982539170729597,2.172758454561638
01.menor a 20 anios,2023,586.6327320377022,187.82480174261983,9.69418331574812,0.13464143494094613,63.55075729212657,22.350478200197056,16,54,-0.13464143494094613,alzheimer,-19.63273203770226,95.17519825738017,1.3058166842518797,-0.13464143494094613,-5.550757292126569,-7.350478200197055,16,54,0.13464143494094613,16,54,0.00137381514983881,0.00283069263710402,0.02198104239742096,0.020801257738674486,-0.018789422770381033,0.06275150756522295
01.menor a 20 anios,2023,586.6327320377022,187.82480174261983,9.69418331574812,0.13464143494094613,63.55075729212657,22.350478200197056,16,54,-5.550757292126569,metabolic,-19.63273203770226,95.17519825738017,1.3058166842518797,-0.13464143494094613,-5.550757292126569,-7.350478200197055,16,54,63.55075729212657,16,54,-0.154224563451275,0.55466541128203,-2.4675930152204,4.0759417068358355,-10.456438760618639,5.521252730177838
01.menor a 20 anios,2023,586.6327320377022,187.82480174261983,9.69418331574812,0.13464143494094613,63.55075729212657,22.350478200197056,16,54,-7.350478200197055,anemia,-19.63273203770226,95.17519825738017,1.3058166842518797,-0.13464143494094613,-5.550757292126569,-7.350478200197055,16,54,22.350478200197056,16,54,-0.403773717503103,0.26521629454842,-6.460379480049648,1.9489337793459507,-10.280289687567711,-2.6404692725315844
01.menor a 20 anios,2024,539.1715207106602,172.6289353663922,8.909880535039598,0.12374834076443886,58.40921684081514,20.54222456689685,11,29,-20.171520710660104,resp,-20.171520710660104,76.3710646336078,4.090119464960402,-0.12374834076443886,3.5907831591848582,7.457775433103151,11,29,539.1715207106602,11,29,NA,1.719585508407,NA,9.26025136273187,NA,NA
01.menor a 20 anios,2024,539.1715207106602,172.6289353663922,8.909880535039598,0.12374834076443886,58.40921684081514,20.54222456689685,11,29,76.3710646336078,circ,-20.171520710660104,76.3710646336078,4.090119464960402,-0.12374834076443886,3.5907831591848582,7.457775433103151,11,29,172.6289353663922,11,29,NA,0.908516950895465,NA,4.8925135106474045,NA,NA
01.menor a 20 anios,2024,539.1715207106602,172.6289353663922,8.909880535039598,0.12374834076443886,58.40921684081514,20.54222456689685,11,29,4.090119464960402,diabetes,-20.171520710660104,76.3710646336078,4.090119464960402,-0.12374834076443886,3.5907831591848582,7.457775433103151,11,29,8.909880535039598,11,29,NA,0.255032771433392,NA,1.3733935053890802,NA,NA
01.menor a 20 anios,2024,539.1715207106602,172.6289353663922,8.909880535039598,0.12374834076443886,58.40921684081514,20.54222456689685,11,29,-0.12374834076443886,alzheimer,-20.171520710660104,76.3710646336078,4.090119464960402,-0.12374834076443886,3.5907831591848582,7.457775433103151,11,29,0.12374834076443886,11,29,NA,0.00815840064309174,NA,0.04393433202568114,NA,NA
01.menor a 20 anios,2024,539.1715207106602,172.6289353663922,8.909880535039598,0.12374834076443886,58.40921684081514,20.54222456689685,11,29,3.5907831591848582,metabolic,-20.171520710660104,76.3710646336078,4.090119464960402,-0.12374834076443886,3.5907831591848582,7.457775433103151,11,29,58.40921684081514,11,29,NA,0.64444093741183,NA,3.470420656426956,NA,NA
01.menor a 20 anios,2024,539.1715207106602,172.6289353663922,8.909880535039598,0.12374834076443886,58.40921684081514,20.54222456689685,11,29,7.457775433103151,anemia,-20.171520710660104,76.3710646336078,4.090119464960402,-0.12374834076443886,3.5907831591848582,7.457775433103151,11,29,20.54222456689685,11,29,NA,0.305710812458041,NA,1.6463031084095388,NA,NA
02.de 20 a 39 anios,2015,1094.4057384997564,1406.630878973449,151.86598477703566,1.8199651970616793,43.88138308470938,22.446237430427377,0,0,-161.40573849975644,resp,-161.40573849975644,-123.63087897344904,-15.865984777035676,-1.8199651970616793,-11.881383084709373,-0.44623743042737707,0,0,1094.4057384997564,0,0,1.16362708427371,1.78355080932175,0,0,0,0
02.de 20 a 39 anios,2015,1094.4057384997564,1406.630878973449,151.86598477703566,1.8199651970616793,43.88138308470938,22.446237430427377,0,0,-123.63087897344904,circ,-161.40573849975644,-123.63087897344904,-15.865984777035676,-1.8199651970616793,-11.881383084709373,-0.44623743042737707,0,0,1406.630878973449,0,0,-0.182049161370278,1.37822364113944,-0,0,-0,0
02.de 20 a 39 anios,2015,1094.4057384997564,1406.630878973449,151.86598477703566,1.8199651970616793,43.88138308470938,22.446237430427377,0,0,-15.865984777035676,diabetes,-161.40573849975644,-123.63087897344904,-15.865984777035676,-1.8199651970616793,-11.881383084709373,-0.44623743042737707,0,0,151.86598477703566,0,0,-0.632542197287742,0.343119950786433,-0,0,-0,0
02.de 20 a 39 anios,2015,1094.4057384997564,1406.630878973449,151.86598477703566,1.8199651970616793,43.88138308470938,22.446237430427377,0,0,-1.8199651970616793,alzheimer,-161.40573849975644,-123.63087897344904,-15.865984777035676,-1.8199651970616793,-11.881383084709373,-0.44623743042737707,0,0,1.8199651970616793,0,0,-0.0144328994403766,0.0406982129771698,-0,0,-0,0
02.de 20 a 39 anios,2015,1094.4057384997564,1406.630878973449,151.86598477703566,1.8199651970616793,43.88138308470938,22.446237430427377,0,0,-11.881383084709373,metabolic,-161.40573849975644,-123.63087897344904,-15.865984777035676,-1.8199651970616793,-11.881383084709373,-0.44623743042737707,0,0,43.88138308470938,0,0,0.149841738907367,0.173998846755626,0,0,0,0
02.de 20 a 39 anios,2015,1094.4057384997564,1406.630878973449,151.86598477703566,1.8199651970616793,43.88138308470938,22.446237430427377,0,0,-0.44623743042737707,anemia,-161.40573849975644,-123.63087897344904,-15.865984777035676,-1.8199651970616793,-11.881383084709373,-0.44623743042737707,0,0,22.446237430427377,0,0,0.0871014665820278,0.170334394668644,0,0,0,0
02.de 20 a 39 anios,2016,1088.402869249875,1398.9154394867203,151.03299238851739,1.8099825985308342,43.64069154235455,22.32311871521362,0,0,177.59713075012507,resp,177.59713075012507,13.08456051327964,12.967007611482614,-0.8099825985308342,12.359308457645447,8.67688128478638,0,0,1088.402869249875,0,0,NA,1.78355080932175,NA,0,NA,NA
02.de 20 a 39 anios,2016,1088.402869249875,1398.9154394867203,151.03299238851739,1.8099825985308342,43.64069154235455,22.32311871521362,0,0,13.08456051327964,circ,177.59713075012507,13.08456051327964,12.967007611482614,-0.8099825985308342,12.359308457645447,8.67688128478638,0,0,1398.9154394867203,0,0,NA,1.37822364113944,NA,0,NA,NA
02.de 20 a 39 anios,2016,1088.402869249875,1398.9154394867203,151.03299238851739,1.8099825985308342,43.64069154235455,22.32311871521362,0,0,12.967007611482614,diabetes,177.59713075012507,13.08456051327964,12.967007611482614,-0.8099825985308342,12.359308457645447,8.67688128478638,0,0,151.03299238851739,0,0,NA,0.343119950786433,NA,0,NA,NA
02.de 20 a 39 anios,2016,1088.402869249875,1398.9154394867203,151.03299238851739,1.8099825985308342,43.64069154235455,22.32311871521362,0,0,-0.8099825985308342,alzheimer,177.59713075012507,13.08456051327964,12.967007611482614,-0.8099825985308342,12.359308457645447,8.67688128478638,0,0,1.8099825985308342,0,0,NA,0.0406982129771698,NA,0,NA,NA
02.de 20 a 39 anios,2016,1088.402869249875,1398.9154394867203,151.03299238851739,1.8099825985308342,43.64069154235455,22.32311871521362,0,0,12.359308457645447,metabolic,177.59713075012507,13.08456051327964,12.967007611482614,-0.8099825985308342,12.359308457645447,8.67688128478638,0,0,43.64069154235455,0,0,NA,0.173998846755626,NA,0,NA,NA
02.de 20 a 39 anios,2016,1088.402869249875,1398.9154394867203,151.03299238851739,1.8099825985308342,43.64069154235455,22.32311871521362,0,0,8.67688128478638,anemia,177.59713075012507,13.08456051327964,12.967007611482614,-0.8099825985308342,12.359308457645447,8.67688128478638,0,0,22.32311871521362,0,0,NA,0.170334394668644,NA,0,NA,NA
02.de 20 a 39 anios,2017,1082.4000000000008,1391.200000000001,150.2000000000001,1.8000000000000014,43.40000000000003,22.200000000000014,0,0,-1.4000000000007589,resp,-1.4000000000007589,47.79999999999899,-4.200000000000102,1.1999999999999986,-6.400000000000025,-4.200000000000014,0,0,1082.4000000000008,0,0,NA,1.78355080932175,NA,0,NA,NA
02.de 20 a 39 anios,2017,1082.4000000000008,1391.200000000001,150.2000000000001,1.8000000000000014,43.40000000000003,22.200000000000014,0,0,47.79999999999899,circ,-1.4000000000007589,47.79999999999899,-4.200000000000102,1.1999999999999986,-6.400000000000025,-4.200000000000014,0,0,1391.200000000001,0,0,NA,1.37822364113944,NA,0,NA,NA
02.de 20 a 39 anios,2017,1082.4000000000008,1391.200000000001,150.2000000000001,1.8000000000000014,43.40000000000003,22.200000000000014,0,0,-4.200000000000102,diabetes,-1.4000000000007589,47.79999999999899,-4.200000000000102,1.1999999999999986,-6.400000000000025,-4.200000000000014,0,0,150.2000000000001,0,0,NA,0.343119950786433,NA,0,NA,NA
02.de 20 a 39 anios,2017,1082.4000000000008,1391.200000000001,150.2000000000001,1.8000000000000014,43.40000000000003,22.200000000000014,0,0,1.1999999999999986,alzheimer,-1.4000000000007589,47.79999999999899,-4.200000000000102,1.1999999999999986,-6.400000000000025,-4.200000000000014,0,0,1.8000000000000014,0,0,NA,0.0406982129771698,NA,0,NA,NA
02.de 20 a 39 anios,2017,1082.4000000000008,1391.200000000001,150.2000000000001,1.8000000000000014,43.40000000000003,22.200000000000014,0,0,-6.400000000000025,metabolic,-1.4000000000007589,47.79999999999899,-4.200000000000102,1.1999999999999986,-6.400000000000025,-4.200000000000014,0,0,43.40000000000003,0,0,NA,0.173998846755626,NA,0,NA,NA
02.de 20 a 39 anios,2017,1082.4000000000008,1391.200000000001,150.2000000000001,1.8000000000000014,43.40000000000003,22.200000000000014,0,0,-4.200000000000014,anemia,-1.4000000000007589,47.79999999999899,-4.200000000000102,1.1999999999999986,-6.400000000000025,-4.200000000000014,0,0,22.200000000000014,0,0,NA,0.170334394668644,NA,0,NA,NA
02.de 20 a 39 anios,2018,1076.3971307501251,1383.4845605132798,149.36700761148262,1.7900174014691659,43.15930845764544,22.076881284786378,0,0,48.602869249874914,resp,48.602869249874914,64.5154394867202,17.632992388517383,1.2099825985308341,1.8406915423545596,-0.07688128478637823,0,0,1076.3971307501251,0,0,NA,1.78355080932175,NA,0,NA,NA
02.de 20 a 39 anios,2018,1076.3971307501251,1383.4845605132798,149.36700761148262,1.7900174014691659,43.15930845764544,22.076881284786378,0,0,64.5154394867202,circ,48.602869249874914,64.5154394867202,17.632992388517383,1.2099825985308341,1.8406915423545596,-0.07688128478637823,0,0,1383.4845605132798,0,0,NA,1.37822364113944,NA,0,NA,NA
02.de 20 a 39 anios,2018,1076.3971307501251,1383.4845605132798,149.36700761148262,1.7900174014691659,43.15930845764544,22.076881284786378,0,0,17.632992388517383,diabetes,48.602869249874914,64.5154394867202,17.632992388517383,1.2099825985308341,1.8406915423545596,-0.07688128478637823,0,0,149.36700761148262,0,0,NA,0.343119950786433,NA,0,NA,NA
02.de 20 a 39 anios,2018,1076.3971307501251,1383.4845605132798,149.36700761148262,1.7900174014691659,43.15930845764544,22.076881284786378,0,0,1.2099825985308341,alzheimer,48.602869249874914,64.5154394867202,17.632992388517383,1.2099825985308341,1.8406915423545596,-0.07688128478637823,0,0,1.7900174014691659,0,0,NA,0.0406982129771698,NA,0,NA,NA
02.de 20 a 39 anios,2018,1076.3971307501251,1383.4845605132798,149.36700761148262,1.7900174014691659,43.15930845764544,22.076881284786378,0,0,1.8406915423545596,metabolic,48.602869249874914,64.5154394867202,17.632992388517383,1.2099825985308341,1.8406915423545596,-0.07688128478637823,0,0,43.15930845764544,0,0,NA,0.173998846755626,NA,0,NA,NA
02.de 20 a 39 anios,2018,1076.3971307501251,1383.4845605132798,149.36700761148262,1.7900174014691659,43.15930845764544,22.076881284786378,0,0,-0.07688128478637823,anemia,48.602869249874914,64.5154394867202,17.632992388517383,1.2099825985308341,1.8406915423545596,-0.07688128478637823,0,0,22.076881284786378,0,0,NA,0.170334394668644,NA,0,NA,NA
02.de 20 a 39 anios,2019,1070.3942615002486,1375.7691210265575,148.53401522296502,1.7800348029383293,42.91861691529082,21.953762569572724,0,0,-63.39426150024862,resp,-63.39426150024862,-1.7691210265576132,-10.53401522296502,0.21996519706167064,4.081383084709179,-3.953762569572725,0,0,1070.3942615002486,0,0,NA,1.78355080932175,NA,0,NA,NA
02.de 20 a 39 anios,2019,1070.3942615002486,1375.7691210265575,148.53401522296502,1.7800348029383293,42.91861691529082,21.953762569572724,0,0,-1.7691210265576132,circ,-63.39426150024862,-1.7691210265576132,-10.53401522296502,0.21996519706167064,4.081383084709179,-3.953762569572725,0,0,1375.7691210265575,0,0,NA,1.37822364113944,NA,0,NA,NA
02.de 20 a 39 anios,2019,1070.3942615002486,1375.7691210265575,148.53401522296502,1.7800348029383293,42.91861691529082,21.953762569572724,0,0,-10.53401522296502,diabetes,-63.39426150024862,-1.7691210265576132,-10.53401522296502,0.21996519706167064,4.081383084709179,-3.953762569572725,0,0,148.53401522296502,0,0,NA,0.343119950786433,NA,0,NA,NA
02.de 20 a 39 anios,2019,1070.3942615002486,1375.7691210265575,148.53401522296502,1.7800348029383293,42.91861691529082,21.953762569572724,0,0,0.21996519706167064,alzheimer,-63.39426150024862,-1.7691210265576132,-10.53401522296502,0.21996519706167064,4.081383084709179,-3.953762569572725,0,0,1.7800348029383293,0,0,NA,0.0406982129771698,NA,0,NA,NA
02.de 20 a 39 anios,2019,1070.3942615002486,1375.7691210265575,148.53401522296502,1.7800348029383293,42.91861691529082,21.953762569572724,0,0,4.081383084709179,metabolic,-63.39426150024862,-1.7691210265576132,-10.53401522296502,0.21996519706167064,4.081383084709179,-3.953762569572725,0,0,42.91861691529082,0,0,NA,0.173998846755626,NA,0,NA,NA
02.de 20 a 39 anios,2019,1070.3942615002486,1375.7691210265575,148.53401522296502,1.7800348029383293,42.91861691529082,21.953762569572724,0,0,-3.953762569572725,anemia,-63.39426150024862,-1.7691210265576132,-10.53401522296502,0.21996519706167064,4.081383084709179,-3.953762569572725,0,0,21.953762569572724,0,0,NA,0.170334394668644,NA,0,NA,NA
02.de 20 a 39 anios,2020,1064.3913922503693,1368.0536815398318,147.70102283444703,1.7700522044074878,42.677925372936095,21.830643854359018,981,155725,-87.39139225036936,resp,-87.39139225036936,-41.05368153983176,35.298977165552955,2.229947795592512,0.32207462706390855,9.169356145640984,981,155725,1064.3913922503693,981,155725,0.00805136020623798,0.0420311253078539,7.898384362319459,16.586325629973544,-24.61081387242869,40.40758259706761
02.de 20 a 39 anios,2020,1064.3913922503693,1368.0536815398318,147.70102283444703,1.7700522044074878,42.677925372936095,21.830643854359018,981,155725,-41.05368153983176,circ,-87.39139225036936,-41.05368153983176,35.298977165552955,2.229947795592512,0.32207462706390855,9.169356145640984,981,155725,1368.0536815398318,981,155725,0.0126647671183306,0.0382274739275126,12.424136543082318,15.085328454305483,-17.14310722735643,41.99138031352106
02.de 20 a 39 anios,2020,1064.3913922503693,1368.0536815398318,147.70102283444703,1.7700522044074878,42.677925372936095,21.830643854359018,981,155725,35.298977165552955,diabetes,-87.39139225036936,-41.05368153983176,35.298977165552955,2.229947795592512,0.32207462706390855,9.169356145640984,981,155725,147.70102283444703,981,155725,0.0147465894198092,0.0128538700222828,14.466404220832827,5.072395093716412,4.52450983714866,24.408298604516993
02.de 20 a 39 anios,2020,1064.3913922503693,1368.0536815398318,147.70102283444703,1.7700522044074878,42.677925372936095,21.830643854359018,981,155725,2.229947795592512,alzheimer,-87.39139225036936,-41.05368153983176,35.298977165552955,2.229947795592512,0.32207462706390855,9.169356145640984,981,155725,1.7700522044074878,981,155725,0.00236856572845742,0.00188956359499658,2.323562979616729,0.745659718972606,0.8620699304304213,3.7850560288030364
02.de 20 a 39 anios,2020,1064.3913922503693,1368.0536815398318,147.70102283444703,1.7700522044074878,42.677925372936095,21.830643854359018,981,155725,0.32207462706390855,metabolic,-87.39139225036936,-41.05368153983176,35.298977165552955,2.229947795592512,0.32207462706390855,9.169356145640984,981,155725,42.677925372936095,981,155725,-0.0071594828585832,0.00820720402259266,-7.0234526842701195,3.238727429572626,-13.371358446232467,-0.675546922307773
02.de 20 a 39 anios,2020,1064.3913922503693,1368.0536815398318,147.70102283444703,1.7700522044074878,42.677925372936095,21.830643854359018,981,155725,9.169356145640984,anemia,-87.39139225036936,-41.05368153983176,35.298977165552955,2.229947795592512,0.32207462706390855,9.169356145640984,981,155725,21.830643854359018,981,155725,0.0228342890571672,0.00375168669927574,22.40043756508102,1.4804908695651893,19.49867546073325,25.30219966942879
02.de 20 a 39 anios,2021,1058.3885230004944,1360.3382420531116,146.86803044592966,1.7600696058766538,42.43723383058153,21.707525139145396,2799,1478047,200.6114769995056,resp,200.6114769995056,174.66175794688849,50.131969554070345,-0.7600696058766537,-6.437233830581535,-4.707525139145394,2799,1478047,1058.3885230004944,2799,1478047,0.0449755981876196,0.0232801631398235,125.88669932714726,28.302848164434423,70.41311692485579,181.36028172943873
02.de 20 a 39 anios,2021,1058.3885230004944,1360.3382420531116,146.86803044592966,1.7600696058766538,42.43723383058153,21.707525139145396,2799,1478047,174.66175794688849,circ,200.6114769995056,174.66175794688849,50.131969554070345,-0.7600696058766537,-6.437233830581535,-4.707525139145394,2799,1478047,1360.3382420531116,2799,1478047,0.0362548810139865,0.0274588163155387,101.47741195814822,33.383043936850974,36.04664584192031,166.90817807437614
02.de 20 a 39 anios,2021,1058.3885230004944,1360.3382420531116,146.86803044592966,1.7600696058766538,42.43723383058153,21.707525139145396,2799,1478047,50.131969554070345,diabetes,200.6114769995056,174.66175794688849,50.131969554070345,-0.7600696058766537,-6.437233830581535,-4.707525139145394,2799,1478047,146.86803044592966,2799,1478047,0.00606422277343444,0.00348765265657595,16.973759542843,4.240112193221677,8.663139644128512,25.284379441557483
02.de 20 a 39 anios,2021,1058.3885230004944,1360.3382420531116,146.86803044592966,1.7600696058766538,42.43723383058153,21.707525139145396,2799,1478047,-0.7600696058766537,alzheimer,200.6114769995056,174.66175794688849,50.131969554070345,-0.7600696058766537,-6.437233830581535,-4.707525139145394,2799,1478047,1.7600696058766538,2799,1478047,7.99354534385035e-5,2.2110267506467e-4,0.2237393341743713,0.26880548059394227,-0.30311940778975555,0.7505980761384982
02.de 20 a 39 anios,2021,1058.3885230004944,1360.3382420531116,146.86803044592966,1.7600696058766538,42.43723383058153,21.707525139145396,2799,1478047,-6.437233830581535,metabolic,200.6114769995056,174.66175794688849,50.131969554070345,-0.7600696058766537,-6.437233830581535,-4.707525139145394,2799,1478047,42.43723383058153,2799,1478047,0.00232738041677233,0.00249018238511436,6.514337786545752,3.027438146559966,0.5805590192882191,12.448116553803285
02.de 20 a 39 anios,2021,1058.3885230004944,1360.3382420531116,146.86803044592966,1.7600696058766538,42.43723383058153,21.707525139145396,2799,1478047,-4.707525139145394,anemia,200.6114769995056,174.66175794688849,50.131969554070345,-0.7600696058766537,-6.437233830581535,-4.707525139145394,2799,1478047,21.707525139145396,2799,1478047,0.00243848059911093,0.00167940888043318,6.825307196911493,2.041740612530066,2.823495596352563,10.827118797470423
02.de 20 a 39 anios,2022,1052.3856537506172,1352.6228025663884,146.03503805741195,1.750087007345816,42.19654228822689,21.58440642393173,510,69704,154.61434624938278,resp,154.61434624938278,241.37719743361163,38.96496194258804,0.24991299265418412,1.8034577117731119,-0.5844064239317273,510,69704,1052.3856537506172,510,69704,0.0970388356894805,0.0619030864767933,49.489806201635055,16.343352728512894,17.456834853749783,81.52277754952033
02.de 20 a 39 anios,2022,1052.3856537506172,1352.6228025663884,146.03503805741195,1.750087007345816,42.19654228822689,21.58440642393173,510,69704,241.37719743361163,circ,154.61434624938278,241.37719743361163,38.96496194258804,0.24991299265418412,1.8034577117731119,-0.5844064239317273,510,69704,1352.6228025663884,510,69704,-0.038988836972529,0.0492996311834376,-19.88430685598979,13.015849575102676,-45.39537202319104,5.626758311211454
02.de 20 a 39 anios,2022,1052.3856537506172,1352.6228025663884,146.03503805741195,1.750087007345816,42.19654228822689,21.58440642393173,510,69704,38.96496194258804,diabetes,154.61434624938278,241.37719743361163,38.96496194258804,0.24991299265418412,1.8034577117731119,-0.5844064239317273,510,69704,146.03503805741195,510,69704,0.0418770951001153,0.00719761982870848,21.357318501058803,1.9002806864956643,17.6327683555273,25.081868646590305
02.de 20 a 39 anios,2022,1052.3856537506172,1352.6228025663884,146.03503805741195,1.750087007345816,42.19654228822689,21.58440642393173,510,69704,0.24991299265418412,alzheimer,154.61434624938278,241.37719743361163,38.96496194258804,0.24991299265418412,1.8034577117731119,-0.5844064239317273,510,69704,1.750087007345816,510,69704,-0.00162483783357346,0.00116575030096512,-0.8286672951224645,0.3077757418313137,-1.4319077491118393,-0.22542684113308975
02.de 20 a 39 anios,2022,1052.3856537506172,1352.6228025663884,146.03503805741195,1.750087007345816,42.19654228822689,21.58440642393173,510,69704,1.8034577117731119,metabolic,154.61434624938278,241.37719743361163,38.96496194258804,0.24991299265418412,1.8034577117731119,-0.5844064239317273,510,69704,42.19654228822689,510,69704,0.00120473359398041,0.00672794106260629,0.614414132930009,1.7762783761039445,-2.867091484233722,4.09591975009374
02.de 20 a 39 anios,2022,1052.3856537506172,1352.6228025663884,146.03503805741195,1.750087007345816,42.19654228822689,21.58440642393173,510,69704,-0.5844064239317273,anemia,154.61434624938278,241.37719743361163,38.96496194258804,0.24991299265418412,1.8034577117731119,-0.5844064239317273,510,69704,21.58440642393173,510,69704,-0.00522620217089852,0.00470416262928672,-2.6653631071582455,1.2419702072778478,-5.099624713422827,-0.2311015008936641
02.de 20 a 39 anios,2023,1046.382784500738,1344.9073630796624,145.202045668894,1.7401044088149746,41.955850745872155,21.461287708718018,41,391,73.61721549926203,resp,73.61721549926203,175.09263692033747,-5.202045668893977,3.2598955911850256,-4.955850745872159,2.538712291281983,41,391,1046.382784500738,41,391,0.928587665234304,0.332464082997386,38.072094274606464,6.5740516650667935,25.18695301107555,50.95723553813738
02.de 20 a 39 anios,2023,1046.382784500738,1344.9073630796624,145.202045668894,1.7401044088149746,41.955850745872155,21.461287708718018,41,391,175.09263692033747,circ,73.61721549926203,175.09263692033747,-5.202045668893977,3.2598955911850256,-4.955850745872159,2.538712291281983,41,391,1344.9073630796624,41,391,-2.10467451148227,0.385812679174997,-86.29165497077307,7.628951864716802,-101.244400625618,-71.33890931592813
02.de 20 a 39 anios,2023,1046.382784500738,1344.9073630796624,145.202045668894,1.7401044088149746,41.955850745872155,21.461287708718018,41,391,-5.202045668893977,diabetes,73.61721549926203,175.09263692033747,-5.202045668893977,3.2598955911850256,-4.955850745872159,2.538712291281983,41,391,145.202045668894,41,391,-0.338496438099003,0.21497518590771,-13.878353962059123,4.250859118744975,-22.210037834799273,-5.546670089318972
02.de 20 a 39 anios,2023,1046.382784500738,1344.9073630796624,145.202045668894,1.7401044088149746,41.955850745872155,21.461287708718018,41,391,3.2598955911850256,alzheimer,73.61721549926203,175.09263692033747,-5.202045668893977,3.2598955911850256,-4.955850745872159,2.538712291281983,41,391,1.7401044088149746,41,391,-0.0552435607109548,0.0292270480555986,-2.264985989149147,0.5779274627280742,-3.397723816096172,-1.1322481622021214
02.de 20 a 39 anios,2023,1046.382784500738,1344.9073630796624,145.202045668894,1.7401044088149746,41.955850745872155,21.461287708718018,41,391,-4.955850745872159,metabolic,73.61721549926203,175.09263692033747,-5.202045668893977,3.2598955911850256,-4.955850745872159,2.538712291281983,41,391,41.955850745872155,41,391,-0.0973597124031497,0.0750178997876571,-3.9917482085291374,1.4833829403843861,-6.899178771682534,-1.0843176453757408
02.de 20 a 39 anios,2023,1046.382784500738,1344.9073630796624,145.202045668894,1.7401044088149746,41.955850745872155,21.461287708718018,41,391,2.538712291281983,anemia,73.61721549926203,175.09263692033747,-5.202045668893977,3.2598955911850256,-4.955850745872159,2.538712291281983,41,391,21.461287708718018,41,391,-0.10576467132738,0.0518198193811974,-4.3363515244225805,1.0246705954372213,-6.344705891479534,-2.327997157365627
02.de 20 a 39 anios,2024,1040.379915250863,1337.1919235929422,144.3690532803766,1.7301218102841402,41.7151592035176,21.338168993504397,30,152,296.620084749137,resp,296.620084749137,317.80807640705774,9.63094671962341,-0.7301218102841404,3.284840796482399,8.661831006495603,30,152,1040.379915250863,30,152,NA,1.78355080932175,NA,21.989091167979293,NA,NA
02.de 20 a 39 anios,2024,1040.379915250863,1337.1919235929422,144.3690532803766,1.7301218102841402,41.7151592035176,21.338168993504397,30,152,317.80807640705774,circ,296.620084749137,317.80807640705774,9.63094671962341,-0.7301218102841404,3.284840796482399,8.661831006495603,30,152,1337.1919235929422,30,152,NA,1.37822364113944,NA,16.991882225325703,NA,NA
02.de 20 a 39 anios,2024,1040.379915250863,1337.1919235929422,144.3690532803766,1.7301218102841402,41.7151592035176,21.338168993504397,30,152,9.63094671962341,diabetes,296.620084749137,317.80807640705774,9.63094671962341,-0.7301218102841404,3.284840796482399,8.661831006495603,30,152,144.3690532803766,30,152,NA,0.343119950786433,NA,4.230266858651826,NA,NA
02.de 20 a 39 anios,2024,1040.379915250863,1337.1919235929422,144.3690532803766,1.7301218102841402,41.7151592035176,21.338168993504397,30,152,-0.7301218102841404,alzheimer,296.620084749137,317.80807640705774,9.63094671962341,-0.7301218102841404,3.284840796482399,8.661831006495603,30,152,1.7301218102841402,30,152,NA,0.0406982129771698,NA,0.5017612679445584,NA,NA
02.de 20 a 39 anios,2024,1040.379915250863,1337.1919235929422,144.3690532803766,1.7301218102841402,41.7151592035176,21.338168993504397,30,152,3.284840796482399,metabolic,296.620084749137,317.80807640705774,9.63094671962341,-0.7301218102841404,3.284840796482399,8.661831006495603,30,152,41.7151592035176,30,152,NA,0.173998846755626,NA,2.145201854881668,NA,NA
02.de 20 a 39 anios,2024,1040.379915250863,1337.1919235929422,144.3690532803766,1.7301218102841402,41.7151592035176,21.338168993504397,30,152,8.661831006495603,anemia,296.620084749137,317.80807640705774,9.63094671962341,-0.7301218102841404,3.284840796482399,8.661831006495603,30,152,21.338168993504397,30,152,NA,0.170334394668644,NA,2.100023455365266,NA,NA
03.de 40 a 49 anios,2015,1212.1774382449987,2568.5816355042953,307.0506584227579,1.1870515145209715,31.8525489729794,21.96045301863797,0,0,-166.17743824499865,resp,-166.17743824499865,-37.58163550429518,-31.050658422757937,-0.18705151452097135,-10.852548972979399,6.0395469813620295,0,0,1212.1774382449987,0,0,2.54163408270717,2.41042657792104,0,0,0,0
03.de 40 a 49 anios,2015,1212.1774382449987,2568.5816355042953,307.0506584227579,1.1870515145209715,31.8525489729794,21.96045301863797,0,0,-37.58163550429518,circ,-166.17743824499865,-37.58163550429518,-31.050658422757937,-0.18705151452097135,-10.852548972979399,6.0395469813620295,0,0,2568.5816355042953,0,0,3.56881098735653,3.65210086974161,0,0,0,0
03.de 40 a 49 anios,2015,1212.1774382449987,2568.5816355042953,307.0506584227579,1.1870515145209715,31.8525489729794,21.96045301863797,0,0,-31.050658422757937,diabetes,-166.17743824499865,-37.58163550429518,-31.050658422757937,-0.18705151452097135,-10.852548972979399,6.0395469813620295,0,0,307.0506584227579,0,0,1.32629378767688,0.493386498883988,0,0,0,0
03.de 40 a 49 anios,2015,1212.1774382449987,2568.5816355042953,307.0506584227579,1.1870515145209715,31.8525489729794,21.96045301863797,0,0,-0.18705151452097135,alzheimer,-166.17743824499865,-37.58163550429518,-31.050658422757937,-0.18705151452097135,-10.852548972979399,6.0395469813620295,0,0,1.1870515145209715,0,0,0.00421128206110394,0.0194512422107774,0,0,0,0
03.de 40 a 49 anios,2015,1212.1774382449987,2568.5816355042953,307.0506584227579,1.1870515145209715,31.8525489729794,21.96045301863797,0,0,-10.852548972979399,metabolic,-166.17743824499865,-37.58163550429518,-31.050658422757937,-0.18705151452097135,-10.852548972979399,6.0395469813620295,0,0,31.8525489729794,0,0,0.530377666501271,0.333063184598268,0,0,0,0
03.de 40 a 49 anios,2015,1212.1774382449987,2568.5816355042953,307.0506584227579,1.1870515145209715,31.8525489729794,21.96045301863797,0,0,6.0395469813620295,anemia,-166.17743824499865,-37.58163550429518,-31.050658422757937,-0.18705151452097135,-10.852548972979399,6.0395469813620295,0,0,21.96045301863797,0,0,-0.136397075907219,0.201076383805663,-0,0,-0,0
03.de 40 a 49 anios,2016,1218.7887191225002,2582.5908177521496,308.7253292113792,1.1935257572604865,32.026274486489726,22.080226509319,0,0,205.21128087749977,resp,205.21128087749977,-1.5908177521494906,22.274670788620803,0.8064742427395133,-4.026274486489722,-2.0802265093190013,0,0,1218.7887191225002,0,0,NA,2.41042657792104,NA,0,NA,NA
03.de 40 a 49 anios,2016,1218.7887191225002,2582.5908177521496,308.7253292113792,1.1935257572604865,32.026274486489726,22.080226509319,0,0,-1.5908177521494906,circ,205.21128087749977,-1.5908177521494906,22.274670788620803,0.8064742427395133,-4.026274486489722,-2.0802265093190013,0,0,2582.5908177521496,0,0,NA,3.65210086974161,NA,0,NA,NA
03.de 40 a 49 anios,2016,1218.7887191225002,2582.5908177521496,308.7253292113792,1.1935257572604865,32.026274486489726,22.080226509319,0,0,22.274670788620803,diabetes,205.21128087749977,-1.5908177521494906,22.274670788620803,0.8064742427395133,-4.026274486489722,-2.0802265093190013,0,0,308.7253292113792,0,0,NA,0.493386498883988,NA,0,NA,NA
03.de 40 a 49 anios,2016,1218.7887191225002,2582.5908177521496,308.7253292113792,1.1935257572604865,32.026274486489726,22.080226509319,0,0,0.8064742427395133,alzheimer,205.21128087749977,-1.5908177521494906,22.274670788620803,0.8064742427395133,-4.026274486489722,-2.0802265093190013,0,0,1.1935257572604865,0,0,NA,0.0194512422107774,NA,0,NA,NA
03.de 40 a 49 anios,2016,1218.7887191225002,2582.5908177521496,308.7253292113792,1.1935257572604865,32.026274486489726,22.080226509319,0,0,-4.026274486489722,metabolic,205.21128087749977,-1.5908177521494906,22.274670788620803,0.8064742427395133,-4.026274486489722,-2.0802265093190013,0,0,32.026274486489726,0,0,NA,0.333063184598268,NA,0,NA,NA
03.de 40 a 49 anios,2016,1218.7887191225002,2582.5908177521496,308.7253292113792,1.1935257572604865,32.026274486489726,22.080226509319,0,0,-2.0802265093190013,anemia,205.21128087749977,-1.5908177521494906,22.274670788620803,0.8064742427395133,-4.026274486489722,-2.0802265093190013,0,0,22.080226509319,0,0,NA,0.201076383805663,NA,0,NA,NA
03.de 40 a 49 anios,2017,1225.4,2596.6,310.4,1.2,32.2,22.2,0,0,-22.40000000000002,resp,-22.40000000000002,-3.6000000000000227,4.599999999999994,-1.2,2.8000000000000003,5.8,0,0,1225.4,0,0,NA,2.41042657792104,NA,0,NA,NA
03.de 40 a 49 anios,2017,1225.4,2596.6,310.4,1.2,32.2,22.2,0,0,-3.6000000000000227,circ,-22.40000000000002,-3.6000000000000227,4.599999999999994,-1.2,2.8000000000000003,5.8,0,0,2596.6,0,0,NA,3.65210086974161,NA,0,NA,NA
03.de 40 a 49 anios,2017,1225.4,2596.6,310.4,1.2,32.2,22.2,0,0,4.599999999999994,diabetes,-22.40000000000002,-3.6000000000000227,4.599999999999994,-1.2,2.8000000000000003,5.8,0,0,310.4,0,0,NA,0.493386498883988,NA,0,NA,NA
03.de 40 a 49 anios,2017,1225.4,2596.6,310.4,1.2,32.2,22.2,0,0,-1.2,alzheimer,-22.40000000000002,-3.6000000000000227,4.599999999999994,-1.2,2.8000000000000003,5.8,0,0,1.2,0,0,NA,0.0194512422107774,NA,0,NA,NA
03.de 40 a 49 anios,2017,1225.4,2596.6,310.4,1.2,32.2,22.2,0,0,2.8000000000000003,metabolic,-22.40000000000002,-3.6000000000000227,4.599999999999994,-1.2,2.8000000000000003,5.8,0,0,32.2,0,0,NA,0.333063184598268,NA,0,NA,NA
03.de 40 a 49 anios,2017,1225.4,2596.6,310.4,1.2,32.2,22.2,0,0,5.8,anemia,-22.40000000000002,-3.6000000000000227,4.599999999999994,-1.2,2.8000000000000003,5.8,0,0,22.2,0,0,NA,0.201076383805663,NA,0,NA,NA
03.de 40 a 49 anios,2018,1232.0112808775007,2610.6091822478525,312.074670788621,1.2064742427395143,32.3737255135103,22.319773490681015,0,0,9.988719122499333,resp,9.988719122499333,23.39081775214774,7.925329211378983,0.7935257572604857,3.6262744864897014,-6.319773490681014,0,0,1232.0112808775007,0,0,NA,2.41042657792104,NA,0,NA,NA
03.de 40 a 49 anios,2018,1232.0112808775007,2610.6091822478525,312.074670788621,1.2064742427395143,32.3737255135103,22.319773490681015,0,0,23.39081775214774,circ,9.988719122499333,23.39081775214774,7.925329211378983,0.7935257572604857,3.6262744864897014,-6.319773490681014,0,0,2610.6091822478525,0,0,NA,3.65210086974161,NA,0,NA,NA
03.de 40 a 49 anios,2018,1232.0112808775007,2610.6091822478525,312.074670788621,1.2064742427395143,32.3737255135103,22.319773490681015,0,0,7.925329211378983,diabetes,9.988719122499333,23.39081775214774,7.925329211378983,0.7935257572604857,3.6262744864897014,-6.319773490681014,0,0,312.074670788621,0,0,NA,0.493386498883988,NA,0,NA,NA
03.de 40 a 49 anios,2018,1232.0112808775007,2610.6091822478525,312.074670788621,1.2064742427395143,32.3737255135103,22.319773490681015,0,0,0.7935257572604857,alzheimer,9.988719122499333,23.39081775214774,7.925329211378983,0.7935257572604857,3.6262744864897014,-6.319773490681014,0,0,1.2064742427395143,0,0,NA,0.0194512422107774,NA,0,NA,NA
03.de 40 a 49 anios,2018,1232.0112808775007,2610.6091822478525,312.074670788621,1.2064742427395143,32.3737255135103,22.319773490681015,0,0,3.6262744864897014,metabolic,9.988719122499333,23.39081775214774,7.925329211378983,0.7935257572604857,3.6262744864897014,-6.319773490681014,0,0,32.3737255135103,0,0,NA,0.333063184598268,NA,0,NA,NA
03.de 40 a 49 anios,2018,1232.0112808775007,2610.6091822478525,312.074670788621,1.2064742427395143,32.3737255135103,22.319773490681015,0,0,-6.319773490681014,anemia,9.988719122499333,23.39081775214774,7.925329211378983,0.7935257572604857,3.6262744864897014,-6.319773490681014,0,0,22.319773490681015,0,0,NA,0.201076383805663,NA,0,NA,NA
03.de 40 a 49 anios,2019,1238.6225617550012,2624.6183644957046,313.74934157724203,1.2129484854790284,32.5474510270206,22.439546981362028,0,0,-26.622561755001314,resp,-26.622561755001314,19.381635504295417,-3.749341577242056,-0.21294848547902856,8.4525489729794,-3.439546981362027,0,0,1238.6225617550012,0,0,NA,2.41042657792104,NA,0,NA,NA
03.de 40 a 49 anios,2019,1238.6225617550012,2624.6183644957046,313.74934157724203,1.2129484854790284,32.5474510270206,22.439546981362028,0,0,19.381635504295417,circ,-26.622561755001314,19.381635504295417,-3.749341577242056,-0.21294848547902856,8.4525489729794,-3.439546981362027,0,0,2624.6183644957046,0,0,NA,3.65210086974161,NA,0,NA,NA
03.de 40 a 49 anios,2019,1238.6225617550012,2624.6183644957046,313.74934157724203,1.2129484854790284,32.5474510270206,22.439546981362028,0,0,-3.749341577242056,diabetes,-26.622561755001314,19.381635504295417,-3.749341577242056,-0.21294848547902856,8.4525489729794,-3.439546981362027,0,0,313.74934157724203,0,0,NA,0.493386498883988,NA,0,NA,NA
03.de 40 a 49 anios,2019,1238.6225617550012,2624.6183644957046,313.74934157724203,1.2129484854790284,32.5474510270206,22.439546981362028,0,0,-0.21294848547902856,alzheimer,-26.622561755001314,19.381635504295417,-3.749341577242056,-0.21294848547902856,8.4525489729794,-3.439546981362027,0,0,1.2129484854790284,0,0,NA,0.0194512422107774,NA,0,NA,NA
03.de 40 a 49 anios,2019,1238.6225617550012,2624.6183644957046,313.74934157724203,1.2129484854790284,32.5474510270206,22.439546981362028,0,0,8.4525489729794,metabolic,-26.622561755001314,19.381635504295417,-3.749341577242056,-0.21294848547902856,8.4525489729794,-3.439546981362027,0,0,32.5474510270206,0,0,NA,0.333063184598268,NA,0,NA,NA
03.de 40 a 49 anios,2019,1238.6225617550012,2624.6183644957046,313.74934157724203,1.2129484854790284,32.5474510270206,22.439546981362028,0,0,-3.439546981362027,anemia,-26.622561755001314,19.381635504295417,-3.749341577242056,-0.21294848547902856,8.4525489729794,-3.439546981362027,0,0,22.439546981362028,0,0,NA,0.201076383805663,NA,0,NA,NA
03.de 40 a 49 anios,2020,1245.233842632502,2638.6275467435566,315.42401236586306,1.2194227282185428,32.7211765405309,22.55932047204304,2047,713725,-36.23384263250195,resp,-36.23384263250195,98.37245325644324,24.575987634136933,3.780577271781457,-0.7211765405308972,4.440679527956959,2047,713725,1245.233842632502,2047,713725,0.0274367646054574,0.0271670425134508,56.1630571473713,22.951327865281176,11.178454531420194,101.1476597633224
03.de 40 a 49 anios,2020,1245.233842632502,2638.6275467435566,315.42401236586306,1.2194227282185428,32.7211765405309,22.55932047204304,2047,713725,98.37245325644324,circ,-36.23384263250195,98.37245325644324,24.575987634136933,3.780577271781457,-0.7211765405308972,4.440679527956959,2047,713725,2638.6275467435566,2047,713725,0.0880011512408125,0.0188594176935163,180.13835658994319,15.93285977367127,148.9099514335475,211.36676174633888
03.de 40 a 49 anios,2020,1245.233842632502,2638.6275467435566,315.42401236586306,1.2194227282185428,32.7211765405309,22.55932047204304,2047,713725,24.575987634136933,diabetes,-36.23384263250195,98.37245325644324,24.575987634136933,3.780577271781457,-0.7211765405308972,4.440679527956959,2047,713725,315.42401236586306,2047,713725,0.0549542635007765,0.00939586222790639,112.4913773860895,7.937835502812665,96.93321980057667,128.04953497160233
03.de 40 a 49 anios,2020,1245.233842632502,2638.6275467435566,315.42401236586306,1.2194227282185428,32.7211765405309,22.55932047204304,2047,713725,3.780577271781457,alzheimer,-36.23384263250195,98.37245325644324,24.575987634136933,3.780577271781457,-0.7211765405308972,4.440679527956959,2047,713725,1.2194227282185428,2047,713725,-3.2152158694789e-4,7.4301527554768e-4,-0.6581546884823308,0.6277159977779604,-1.8884780441271332,0.5721686671624715
03.de 40 a 49 anios,2020,1245.233842632502,2638.6275467435566,315.42401236586306,1.2194227282185428,32.7211765405309,22.55932047204304,2047,713725,-0.7211765405308972,metabolic,-36.23384263250195,98.37245325644324,24.575987634136933,3.780577271781457,-0.7211765405308972,4.440679527956959,2047,713725,32.7211765405309,2047,713725,-0.00174834518235845,0.00226198764308275,-3.5788625882877474,1.9109779799513555,-7.324379428992405,0.16665425241690945
03.de 40 a 49 anios,2020,1245.233842632502,2638.6275467435566,315.42401236586306,1.2194227282185428,32.7211765405309,22.55932047204304,2047,713725,4.440679527956959,anemia,-36.23384263250195,98.37245325644324,24.575987634136933,3.780577271781457,-0.7211765405308972,4.440679527956959,2047,713725,22.55932047204304,2047,713725,-0.00188443942127992,0.00318028419223672,-3.857447495359996,2.686775535638691,-9.12352754521183,1.408632554491838
03.de 40 a 49 anios,2021,1251.8451235100026,2652.636728991409,317.0986831544841,1.2258969709580572,32.8949020540412,22.679093962724057,6024,7169138,485.1548764899973,resp,485.1548764899973,335.36327100859086,69.90131684551591,-1.2258969709580572,4.105097945958803,0.32090603727594447,6024,7169138,1251.8451235100026,6024,7169138,0.0606608121331149,0.00719883792554136,365.4207322898842,19.275065659089684,327.6416035980684,403.1998609817
03.de 40 a 49 anios,2021,1251.8451235100026,2652.636728991409,317.0986831544841,1.2258969709580572,32.8949020540412,22.679093962724057,6024,7169138,335.36327100859086,circ,485.1548764899973,335.36327100859086,69.90131684551591,-1.2258969709580572,4.105097945958803,0.32090603727594447,6024,7169138,2652.636728991409,6024,7169138,0.0227407863328448,0.0108644022749422,136.99049686905707,29.089704388715795,79.97467626717412,194.00631747094002
03.de 40 a 49 anios,2021,1251.8451235100026,2652.636728991409,317.0986831544841,1.2258969709580572,32.8949020540412,22.679093962724057,6024,7169138,69.90131684551591,diabetes,485.1548764899973,335.36327100859086,69.90131684551591,-1.2258969709580572,4.105097945958803,0.32090603727594447,6024,7169138,317.0986831544841,6024,7169138,0.00573451845263939,0.00278797133344129,34.544739158699684,7.4648618379194165,19.913609956377627,49.17586836102174
03.de 40 a 49 anios,2021,1251.8451235100026,2652.636728991409,317.0986831544841,1.2258969709580572,32.8949020540412,22.679093962724057,6024,7169138,-1.2258969709580572,alzheimer,485.1548764899973,335.36327100859086,69.90131684551591,-1.2258969709580572,4.105097945958803,0.32090603727594447,6024,7169138,1.2258969709580572,6024,7169138,-3.6374573792579e-5,6.72274226086734e-5,-0.21912043252649588,0.18000307803514043,-0.5719264654753711,0.13368560042237937
03.de 40 a 49 anios,2021,1251.8451235100026,2652.636728991409,317.0986831544841,1.2258969709580572,32.8949020540412,22.679093962724057,6024,7169138,4.105097945958803,metabolic,485.1548764899973,335.36327100859086,69.90131684551591,-1.2258969709580572,4.105097945958803,0.32090603727594447,6024,7169138,32.8949020540412,6024,7169138,-3.3436175567158e-4,8.8928301361984e-4,-2.014195216165598,2.381077148051856,-6.681106426347235,2.6527159940160394
03.de 40 a 49 anios,2021,1251.8451235100026,2652.636728991409,317.0986831544841,1.2258969709580572,32.8949020540412,22.679093962724057,6024,7169138,0.32090603727594447,anemia,485.1548764899973,335.36327100859086,69.90131684551591,-1.2258969709580572,4.105097945958803,0.32090603727594447,6024,7169138,22.679093962724057,6024,7169138,1.8474357767292e-4,5.2421539839229e-4,1.11289531190167,1.4035996264990775,-1.638159956036522,3.8639505798398623
03.de 40 a 49 anios,2022,1258.4564043875034,2666.6459112392617,318.7733539431051,1.2323712136975715,33.0686275675515,22.798867453405073,676,136820,208.54359561249663,resp,208.54359561249663,382.35408876073836,35.22664605689486,2.7676287863024287,4.9313724324485,-5.798867453405071,676,136820,1258.4564043875034,676,136820,0.0997904096241764,0.0350675457140076,67.45831690594325,12.971200274150307,42.03476436860865,92.88186944327785
03.de 40 a 49 anios,2022,1258.4564043875034,2666.6459112392617,318.7733539431051,1.2323712136975715,33.0686275675515,22.798867453405073,676,136820,382.35408876073836,circ,208.54359561249663,382.35408876073836,35.22664605689486,2.7676287863024287,4.9313724324485,-5.798867453405071,676,136820,2666.6459112392617,676,136820,0.146897918684633,0.0317652817672754,99.3029930308119,11.749719667537471,76.27354248243846,122.33244357918535
03.de 40 a 49 anios,2022,1258.4564043875034,2666.6459112392617,318.7733539431051,1.2323712136975715,33.0686275675515,22.798867453405073,676,136820,35.22664605689486,diabetes,208.54359561249663,382.35408876073836,35.22664605689486,2.7676287863024287,4.9313724324485,-5.798867453405071,676,136820,318.7733539431051,676,136820,0.0342706700382154,0.00972511050955545,23.16697294583361,3.5972393715964843,16.116383777504502,30.217562114162718
03.de 40 a 49 anios,2022,1258.4564043875034,2666.6459112392617,318.7733539431051,1.2323712136975715,33.0686275675515,22.798867453405073,676,136820,2.7676287863024287,alzheimer,208.54359561249663,382.35408876073836,35.22664605689486,2.7676287863024287,4.9313724324485,-5.798867453405071,676,136820,1.2323712136975715,676,136820,-0.00139759634758339,8.914933902141e-4,-0.9447751309663717,0.32975616263128527,-1.5910972097236908,-0.2984530522090526
03.de 40 a 49 anios,2022,1258.4564043875034,2666.6459112392617,318.7733539431051,1.2323712136975715,33.0686275675515,22.798867453405073,676,136820,4.9313724324485,metabolic,208.54359561249663,382.35408876073836,35.22664605689486,2.7676287863024287,4.9313724324485,-5.798867453405071,676,136820,33.0686275675515,676,136820,0.0167326607609967,0.00647731281442256,11.311278674433769,2.395905388971499,6.615304112049631,16.007253236817906
03.de 40 a 49 anios,2022,1258.4564043875034,2666.6459112392617,318.7733539431051,1.2323712136975715,33.0686275675515,22.798867453405073,676,136820,-5.798867453405071,anemia,208.54359561249663,382.35408876073836,35.22664605689486,2.7676287863024287,4.9313724324485,-5.798867453405071,676,136820,22.798867453405073,676,136820,-0.00109279694001649,0.00250705115842744,-0.7387307314511473,0.9273378564532128,-2.5563129300994443,1.0788514671971496
03.de 40 a 49 anios,2023,1265.067685265004,2680.655093487114,320.44802473172615,1.2388454564370857,33.2423530810618,22.918640944086086,66,1058,78.93231473499598,resp,78.93231473499598,282.34490651288615,30.55197526827382,-0.23884545643708574,4.757646918938201,7.081359055913914,66,1058,1265.067685265004,66,1058,0.27559411143888,0.274198163764071,18.18921135496608,8.918819525377808,0.708325085225578,35.670097624706585
03.de 40 a 49 anios,2023,1265.067685265004,2680.655093487114,320.44802473172615,1.2388454564370857,33.2423530810618,22.918640944086086,66,1058,282.34490651288615,circ,78.93231473499598,282.34490651288615,30.55197526827382,-0.23884545643708574,4.757646918938201,7.081359055913914,66,1058,2680.655093487114,66,1058,0.116682311441216,0.388274942965305,7.701032555120256,12.629384876237008,-17.05256180230428,32.45462691254479
03.de 40 a 49 anios,2023,1265.067685265004,2680.655093487114,320.44802473172615,1.2388454564370857,33.2423530810618,22.918640944086086,66,1058,30.55197526827382,diabetes,78.93231473499598,282.34490651288615,30.55197526827382,-0.23884545643708574,4.757646918938201,7.081359055913914,66,1058,320.44802473172615,66,1058,-0.0725273854950226,0.0892180182661657,-4.786807442671492,2.9019866231214273,-10.47470122398949,0.9010863386465058
03.de 40 a 49 anios,2023,1265.067685265004,2680.655093487114,320.44802473172615,1.2388454564370857,33.2423530810618,22.918640944086086,66,1058,-0.23884545643708574,alzheimer,78.93231473499598,282.34490651288615,30.55197526827382,-0.23884545643708574,4.757646918938201,7.081359055913914,66,1058,1.2388454564370857,66,1058,-0.00237737419398666,0.0067232498077952,-0.15690669680311956,0.21868655441234436,-0.5855323434513144,0.2717189498450754
03.de 40 a 49 anios,2023,1265.067685265004,2680.655093487114,320.44802473172615,1.2388454564370857,33.2423530810618,22.918640944086086,66,1058,4.757646918938201,metabolic,78.93231473499598,282.34490651288615,30.55197526827382,-0.23884545643708574,4.757646918938201,7.081359055913914,66,1058,33.2423530810618,66,1058,0.0332635285386205,0.0228918874806228,2.195392883548953,0.7446024080985595,0.7359721636757766,3.65481360342213
03.de 40 a 49 anios,2023,1265.067685265004,2680.655093487114,320.44802473172615,1.2388454564370857,33.2423530810618,22.918640944086086,66,1058,7.081359055913914,anemia,78.93231473499598,282.34490651288615,30.55197526827382,-0.23884545643708574,4.757646918938201,7.081359055913914,66,1058,22.918640944086086,66,1058,-0.013658428638047,0.024593712554322,-0.901456290111102,0.7999575223988354,-2.4693730340128193,0.6664604537906155
03.de 40 a 49 anios,2024,1271.6789661425046,2694.6642757349664,322.1226955203472,1.2453196991766,33.4160785945721,23.0384144347671,21,81,291.32103385749537,resp,291.32103385749537,409.33572426503383,24.87730447965281,-1.2453196991766,15.583921405427901,2.961585565232901,21,81,1271.6789661425046,21,81,NA,2.41042657792104,NA,21.69383920128936,NA,NA
03.de 40 a 49 anios,2024,1271.6789661425046,2694.6642757349664,322.1226955203472,1.2453196991766,33.4160785945721,23.0384144347671,21,81,409.33572426503383,circ,291.32103385749537,409.33572426503383,24.87730447965281,-1.2453196991766,15.583921405427901,2.961585565232901,21,81,2694.6642757349664,21,81,NA,3.65210086974161,NA,32.86890782767449,NA,NA
03.de 40 a 49 anios,2024,1271.6789661425046,2694.6642757349664,322.1226955203472,1.2453196991766,33.4160785945721,23.0384144347671,21,81,24.87730447965281,diabetes,291.32103385749537,409.33572426503383,24.87730447965281,-1.2453196991766,15.583921405427901,2.961585565232901,21,81,322.1226955203472,21,81,NA,0.493386498883988,NA,4.440478489955892,NA,NA
03.de 40 a 49 anios,2024,1271.6789661425046,2694.6642757349664,322.1226955203472,1.2453196991766,33.4160785945721,23.0384144347671,21,81,-1.2453196991766,alzheimer,291.32103385749537,409.33572426503383,24.87730447965281,-1.2453196991766,15.583921405427901,2.961585565232901,21,81,1.2453196991766,21,81,NA,0.0194512422107774,NA,0.1750611798969966,NA,NA
03.de 40 a 49 anios,2024,1271.6789661425046,2694.6642757349664,322.1226955203472,1.2453196991766,33.4160785945721,23.0384144347671,21,81,15.583921405427901,metabolic,291.32103385749537,409.33572426503383,24.87730447965281,-1.2453196991766,15.583921405427901,2.961585565232901,21,81,33.4160785945721,21,81,NA,0.333063184598268,NA,2.997568661384412,NA,NA
03.de 40 a 49 anios,2024,1271.6789661425046,2694.6642757349664,322.1226955203472,1.2453196991766,33.4160785945721,23.0384144347671,21,81,2.961585565232901,anemia,291.32103385749537,409.33572426503383,24.87730447965281,-1.2453196991766,15.583921405427901,2.961585565232901,21,81,23.0384144347671,21,81,NA,0.201076383805663,NA,1.809687454250967,NA,NA
04.de 50 a 59 anios,2015,2901.491334935533,6766.853275070974,975.8083577306776,6.174699584880895,66.2751088777216,37.25402082878141,0,0,-348.491334935533,resp,-348.491334935533,-111.85327507097384,-37.808357730677585,1.8253004151191046,-6.275108877721611,-2.2540208287814036,0,0,2901.491334935533,0,0,1.92095724404926,1.84003763593808,0,0,0,0
04.de 50 a 59 anios,2015,2901.491334935533,6766.853275070974,975.8083577306776,6.174699584880895,66.2751088777216,37.25402082878141,0,0,-111.85327507097384,circ,-348.491334935533,-111.85327507097384,-37.808357730677585,1.8253004151191046,-6.275108877721611,-2.2540208287814036,0,0,6766.853275070974,0,0,4.5064736326265,2.74320365633494,0,0,0,0
04.de 50 a 59 anios,2015,2901.491334935533,6766.853275070974,975.8083577306776,6.174699584880895,66.2751088777216,37.25402082878141,0,0,-37.808357730677585,diabetes,-348.491334935533,-111.85327507097384,-37.808357730677585,1.8253004151191046,-6.275108877721611,-2.2540208287814036,0,0,975.8083577306776,0,0,0.422667656565684,0.781349232335804,0,0,0,0
04.de 50 a 59 anios,2015,2901.491334935533,6766.853275070974,975.8083577306776,6.174699584880895,66.2751088777216,37.25402082878141,0,0,1.8253004151191046,alzheimer,-348.491334935533,-111.85327507097384,-37.808357730677585,1.8253004151191046,-6.275108877721611,-2.2540208287814036,0,0,6.174699584880895,0,0,0.00724934574630648,0.0482538740228897,0,0,0,0
04.de 50 a 59 anios,2015,2901.491334935533,6766.853275070974,975.8083577306776,6.174699584880895,66.2751088777216,37.25402082878141,0,0,-6.275108877721611,metabolic,-348.491334935533,-111.85327507097384,-37.808357730677585,1.8253004151191046,-6.275108877721611,-2.2540208287814036,0,0,66.2751088777216,0,0,0.204041290885294,0.208173784875507,0,0,0,0
04.de 50 a 59 anios,2015,2901.491334935533,6766.853275070974,975.8083577306776,6.174699584880895,66.2751088777216,37.25402082878141,0,0,-2.2540208287814036,anemia,-348.491334935533,-111.85327507097384,-37.808357730677585,1.8253004151191046,-6.275108877721611,-2.2540208287814036,0,0,37.25402082878141,0,0,0.191940496748214,0.114191891264654,0,0,0,0
04.de 50 a 59 anios,2016,2860.4456674677635,6671.12663753548,962.0041788653377,6.087349792440441,65.33755443886074,36.72701041439066,0,0,307.5543325322366,resp,307.5543325322366,282.8733624645201,11.995821134662279,4.912650207559559,0.6624455611392648,19.272989585609338,0,0,2860.4456674677635,0,0,NA,1.84003763593808,NA,0,NA,NA
04.de 50 a 59 anios,2016,2860.4456674677635,6671.12663753548,962.0041788653377,6.087349792440441,65.33755443886074,36.72701041439066,0,0,282.8733624645201,circ,307.5543325322366,282.8733624645201,11.995821134662279,4.912650207559559,0.6624455611392648,19.272989585609338,0,0,6671.12663753548,0,0,NA,2.74320365633494,NA,0,NA,NA
04.de 50 a 59 anios,2016,2860.4456674677635,6671.12663753548,962.0041788653377,6.087349792440441,65.33755443886074,36.72701041439066,0,0,11.995821134662279,diabetes,307.5543325322366,282.8733624645201,11.995821134662279,4.912650207559559,0.6624455611392648,19.272989585609338,0,0,962.0041788653377,0,0,NA,0.781349232335804,NA,0,NA,NA
04.de 50 a 59 anios,2016,2860.4456674677635,6671.12663753548,962.0041788653377,6.087349792440441,65.33755443886074,36.72701041439066,0,0,4.912650207559559,alzheimer,307.5543325322366,282.8733624645201,11.995821134662279,4.912650207559559,0.6624455611392648,19.272989585609338,0,0,6.087349792440441,0,0,NA,0.0482538740228897,NA,0,NA,NA
04.de 50 a 59 anios,2016,2860.4456674677635,6671.12663753548,962.0041788653377,6.087349792440441,65.33755443886074,36.72701041439066,0,0,0.6624455611392648,metabolic,307.5543325322366,282.8733624645201,11.995821134662279,4.912650207559559,0.6624455611392648,19.272989585609338,0,0,65.33755443886074,0,0,NA,0.208173784875507,NA,0,NA,NA
04.de 50 a 59 anios,2016,2860.4456674677635,6671.12663753548,962.0041788653377,6.087349792440441,65.33755443886074,36.72701041439066,0,0,19.272989585609338,anemia,307.5543325322366,282.8733624645201,11.995821134662279,4.912650207559559,0.6624455611392648,19.272989585609338,0,0,36.72701041439066,0,0,NA,0.114191891264654,NA,0,NA,NA
04.de 50 a 59 anios,2017,2819.400000000006,6575.400000000014,948.2000000000021,6.000000000000012,64.40000000000013,36.20000000000008,0,0,-48.40000000000623,resp,-48.40000000000623,-145.40000000001453,-62.20000000000205,-2.0000000000000124,4.59999999999986,0.7999999999999221,0,0,2819.400000000006,0,0,NA,1.84003763593808,NA,0,NA,NA
04.de 50 a 59 anios,2017,2819.400000000006,6575.400000000014,948.2000000000021,6.000000000000012,64.40000000000013,36.20000000000008,0,0,-145.40000000001453,circ,-48.40000000000623,-145.40000000001453,-62.20000000000205,-2.0000000000000124,4.59999999999986,0.7999999999999221,0,0,6575.400000000014,0,0,NA,2.74320365633494,NA,0,NA,NA
04.de 50 a 59 anios,2017,2819.400000000006,6575.400000000014,948.2000000000021,6.000000000000012,64.40000000000013,36.20000000000008,0,0,-62.20000000000205,diabetes,-48.40000000000623,-145.40000000001453,-62.20000000000205,-2.0000000000000124,4.59999999999986,0.7999999999999221,0,0,948.2000000000021,0,0,NA,0.781349232335804,NA,0,NA,NA
04.de 50 a 59 anios,2017,2819.400000000006,6575.400000000014,948.2000000000021,6.000000000000012,64.40000000000013,36.20000000000008,0,0,-2.0000000000000124,alzheimer,-48.40000000000623,-145.40000000001453,-62.20000000000205,-2.0000000000000124,4.59999999999986,0.7999999999999221,0,0,6.000000000000012,0,0,NA,0.0482538740228897,NA,0,NA,NA
04.de 50 a 59 anios,2017,2819.400000000006,6575.400000000014,948.2000000000021,6.000000000000012,64.40000000000013,36.20000000000008,0,0,4.59999999999986,metabolic,-48.40000000000623,-145.40000000001453,-62.20000000000205,-2.0000000000000124,4.59999999999986,0.7999999999999221,0,0,64.40000000000013,0,0,NA,0.208173784875507,NA,0,NA,NA
04.de 50 a 59 anios,2017,2819.400000000006,6575.400000000014,948.2000000000021,6.000000000000012,64.40000000000013,36.20000000000008,0,0,0.7999999999999221,anemia,-48.40000000000623,-145.40000000001453,-62.20000000000205,-2.0000000000000124,4.59999999999986,0.7999999999999221,0,0,36.20000000000008,0,0,NA,0.114191891264654,NA,0,NA,NA
04.de 50 a 59 anios,2018,2778.354332532235,6479.673362464516,934.3958211346616,5.912650207559554,63.46244556113922,35.67298958560931,0,0,22.64566746776532,resp,22.64566746776532,-96.67336246451578,24.60417886533844,-1.912650207559554,0.5375544388607834,-11.67298958560931,0,0,2778.354332532235,0,0,NA,1.84003763593808,NA,0,NA,NA
04.de 50 a 59 anios,2018,2778.354332532235,6479.673362464516,934.3958211346616,5.912650207559554,63.46244556113922,35.67298958560931,0,0,-96.67336246451578,circ,22.64566746776532,-96.67336246451578,24.60417886533844,-1.912650207559554,0.5375544388607834,-11.67298958560931,0,0,6479.673362464516,0,0,NA,2.74320365633494,NA,0,NA,NA
04.de 50 a 59 anios,2018,2778.354332532235,6479.673362464516,934.3958211346616,5.912650207559554,63.46244556113922,35.67298958560931,0,0,24.60417886533844,diabetes,22.64566746776532,-96.67336246451578,24.60417886533844,-1.912650207559554,0.5375544388607834,-11.67298958560931,0,0,934.3958211346616,0,0,NA,0.781349232335804,NA,0,NA,NA
04.de 50 a 59 anios,2018,2778.354332532235,6479.673362464516,934.3958211346616,5.912650207559554,63.46244556113922,35.67298958560931,0,0,-1.912650207559554,alzheimer,22.64566746776532,-96.67336246451578,24.60417886533844,-1.912650207559554,0.5375544388607834,-11.67298958560931,0,0,5.912650207559554,0,0,NA,0.0482538740228897,NA,0,NA,NA
04.de 50 a 59 anios,2018,2778.354332532235,6479.673362464516,934.3958211346616,5.912650207559554,63.46244556113922,35.67298958560931,0,0,0.5375544388607834,metabolic,22.64566746776532,-96.67336246451578,24.60417886533844,-1.912650207559554,0.5375544388607834,-11.67298958560931,0,0,63.46244556113922,0,0,NA,0.208173784875507,NA,0,NA,NA
04.de 50 a 59 anios,2018,2778.354332532235,6479.673362464516,934.3958211346616,5.912650207559554,63.46244556113922,35.67298958560931,0,0,-11.67298958560931,anemia,22.64566746776532,-96.67336246451578,24.60417886533844,-1.912650207559554,0.5375544388607834,-11.67298958560931,0,0,35.67298958560931,0,0,NA,0.114191891264654,NA,0,NA,NA
04.de 50 a 59 anios,2019,2737.30866506446,6383.94672492901,920.59164226932,5.825300415119089,62.52489112227822,35.1459791712185,0,0,66.69133493554008,resp,66.69133493554008,71.05327507099025,63.40835773067998,-2.825300415119089,0.475108877721782,-6.145979171218501,0,0,2737.30866506446,0,0,NA,1.84003763593808,NA,0,NA,NA
04.de 50 a 59 anios,2019,2737.30866506446,6383.94672492901,920.59164226932,5.825300415119089,62.52489112227822,35.1459791712185,0,0,71.05327507099025,circ,66.69133493554008,71.05327507099025,63.40835773067998,-2.825300415119089,0.475108877721782,-6.145979171218501,0,0,6383.94672492901,0,0,NA,2.74320365633494,NA,0,NA,NA
04.de 50 a 59 anios,2019,2737.30866506446,6383.94672492901,920.59164226932,5.825300415119089,62.52489112227822,35.1459791712185,0,0,63.40835773067998,diabetes,66.69133493554008,71.05327507099025,63.40835773067998,-2.825300415119089,0.475108877721782,-6.145979171218501,0,0,920.59164226932,0,0,NA,0.781349232335804,NA,0,NA,NA
04.de 50 a 59 anios,2019,2737.30866506446,6383.94672492901,920.59164226932,5.825300415119089,62.52489112227822,35.1459791712185,0,0,-2.825300415119089,alzheimer,66.69133493554008,71.05327507099025,63.40835773067998,-2.825300415119089,0.475108877721782,-6.145979171218501,0,0,5.825300415119089,0,0,NA,0.0482538740228897,NA,0,NA,NA
04.de 50 a 59 anios,2019,2737.30866506446,6383.94672492901,920.59164226932,5.825300415119089,62.52489112227822,35.1459791712185,0,0,0.475108877721782,metabolic,66.69133493554008,71.05327507099025,63.40835773067998,-2.825300415119089,0.475108877721782,-6.145979171218501,0,0,62.52489112227822,0,0,NA,0.208173784875507,NA,0,NA,NA
04.de 50 a 59 anios,2019,2737.30866506446,6383.94672492901,920.59164226932,5.825300415119089,62.52489112227822,35.1459791712185,0,0,-6.145979171218501,anemia,66.69133493554008,71.05327507099025,63.40835773067998,-2.825300415119089,0.475108877721782,-6.145979171218501,0,0,35.1459791712185,0,0,NA,0.114191891264654,NA,0,NA,NA
04.de 50 a 59 anios,2020,2696.2629975966915,6288.220087393518,906.7874634039805,5.737950622678636,61.58733668341736,34.618968756827776,5148,4628648,80.73700240330851,resp,80.73700240330851,111.77991260648184,64.21253659601948,1.2620493773213637,-11.587336683417362,-2.6189687568277744,5148,4628648,2696.2629975966915,5148,4628648,0.0553915091755626,0.0234036404927978,285.15548923579627,50.35127770393373,186.46698493608613,383.8439935355064
04.de 50 a 59 anios,2020,2696.2629975966915,6288.220087393518,906.7874634039805,5.737950622678636,61.58733668341736,34.618968756827776,5148,4628648,111.77991260648184,circ,80.73700240330851,111.77991260648184,64.21253659601948,1.2620493773213637,-11.587336683417362,-2.6189687568277744,5148,4628648,6288.220087393518,5148,4628648,0.0576121794890678,0.0264297818583567,296.58750000972105,56.86180688060211,185.13835852374092,408.0366414957012
04.de 50 a 59 anios,2020,2696.2629975966915,6288.220087393518,906.7874634039805,5.737950622678636,61.58733668341736,34.618968756827776,5148,4628648,64.21253659601948,diabetes,80.73700240330851,111.77991260648184,64.21253659601948,1.2620493773213637,-11.587336683417362,-2.6189687568277744,5148,4628648,906.7874634039805,5148,4628648,0.0172641750549435,0.00473495754611072,88.87597318284914,10.186926362756502,68.90959751184639,108.84234885385189
04.de 50 a 59 anios,2020,2696.2629975966915,6288.220087393518,906.7874634039805,5.737950622678636,61.58733668341736,34.618968756827776,5148,4628648,1.2620493773213637,alzheimer,80.73700240330851,111.77991260648184,64.21253659601948,1.2620493773213637,-11.587336683417362,-2.6189687568277744,5148,4628648,5.737950622678636,5148,4628648,1.9468673964404e-4,3.9140667936314e-4,1.002247335687518,0.8420837952049753,-0.6482369029142336,2.6527315742892696
04.de 50 a 59 anios,2020,2696.2629975966915,6288.220087393518,906.7874634039805,5.737950622678636,61.58733668341736,34.618968756827776,5148,4628648,-11.587336683417362,metabolic,80.73700240330851,111.77991260648184,64.21253659601948,1.2620493773213637,-11.587336683417362,-2.6189687568277744,5148,4628648,61.58733668341736,5148,4628648,-3.7066237263061e-4,0.00119984234071095,-1.9081698943023804,2.581375958012451,-6.967666772006785,3.151326983402024
04.de 50 a 59 anios,2020,2696.2629975966915,6288.220087393518,906.7874634039805,5.737950622678636,61.58733668341736,34.618968756827776,5148,4628648,-2.6189687568277744,anemia,80.73700240330851,111.77991260648184,64.21253659601948,1.2620493773213637,-11.587336683417362,-2.6189687568277744,5148,4628648,34.618968756827776,5148,4628648,-7.862628603629e-4,9.5881013759675e-4,-4.047681205148209,2.0628122158318773,-8.090793148178689,-0.004569262117730233
04.de 50 a 59 anios,2021,2655.217330128916,6192.49344985801,892.9832845386387,5.650600830238169,60.64978224455635,34.09195834243695,12337,29112037,1109.7826698710842,resp,1109.7826698710842,1039.50655014199,164.01671546136131,1.3493991697618308,7.350217755443652,5.908041657563046,12337,29112037,2655.217330128916,12337,29112037,0.0552691407744277,0.00650839360262407,681.8553897341145,35.11640966243129,613.0272267957491,750.6835526724799
04.de 50 a 59 anios,2021,2655.217330128916,6192.49344985801,892.9832845386387,5.650600830238169,60.64978224455635,34.09195834243695,12337,29112037,1039.50655014199,circ,1109.7826698710842,1039.50655014199,164.01671546136131,1.3493991697618308,7.350217755443652,5.908041657563046,12337,29112037,6192.49344985801,12337,29112037,0.0162913475290161,0.00643797585121208,200.9863544654716,34.73646666004531,132.90287981178278,269.06982911916043
04.de 50 a 59 anios,2021,2655.217330128916,6192.49344985801,892.9832845386387,5.650600830238169,60.64978224455635,34.09195834243695,12337,29112037,164.01671546136131,diabetes,1109.7826698710842,1039.50655014199,164.01671546136131,1.3493991697618308,7.350217755443652,5.908041657563046,12337,29112037,892.9832845386387,12337,29112037,0.00537951498917383,0.00150637660451615,66.36707642143755,8.127741064824907,50.43670393438073,82.29744890849436
04.de 50 a 59 anios,2021,2655.217330128916,6192.49344985801,892.9832845386387,5.650600830238169,60.64978224455635,34.09195834243695,12337,29112037,1.3493991697618308,alzheimer,1109.7826698710842,1039.50655014199,164.01671546136131,1.3493991697618308,7.350217755443652,5.908041657563046,12337,29112037,5.650600830238169,12337,29112037,3.9573919599067e-4,1.9103033118761e-4,4.882234460936896,1.0307150700334669,2.8620329236713014,6.902435998202491
04.de 50 a 59 anios,2021,2655.217330128916,6192.49344985801,892.9832845386387,5.650600830238169,60.64978224455635,34.09195834243695,12337,29112037,7.350217755443652,metabolic,1109.7826698710842,1039.50655014199,164.01671546136131,1.3493991697618308,7.350217755443652,5.908041657563046,12337,29112037,60.64978224455635,12337,29112037,7.1683382024651e-4,3.941466013096e-4,8.843578840381193,2.1266405143448046,4.675363432265376,13.01179424849701
04.de 50 a 59 anios,2021,2655.217330128916,6192.49344985801,892.9832845386387,5.650600830238169,60.64978224455635,34.09195834243695,12337,29112037,5.908041657563046,anemia,1109.7826698710842,1039.50655014199,164.01671546136131,1.3493991697618308,7.350217755443652,5.908041657563046,12337,29112037,34.09195834243695,12337,29112037,-6.5828306949899e-4,3.2913415589692e-4,-8.12123822840904,1.7758621494119196,-11.601928041256402,-4.6405484155616765
04.de 50 a 59 anios,2022,2614.171662661146,6096.766812322516,879.1791056732989,5.5632510377977145,59.71222780569547,33.56494792804621,1361,587565,712.8283373388538,resp,712.8283373388538,903.2331876774842,151.82089432670116,-2.5632510377977145,22.28777219430453,14.435052071953788,1361,587565,2614.171662661146,1361,587565,0.182195547192455,0.0344050059486943,247.96813972893128,26.372396477319317,196.27824263338542,299.6580368244771
04.de 50 a 59 anios,2022,2614.171662661146,6096.766812322516,879.1791056732989,5.5632510377977145,59.71222780569547,33.56494792804621,1361,587565,903.2331876774842,circ,712.8283373388538,903.2331876774842,151.82089432670116,-2.5632510377977145,22.28777219430453,14.435052071953788,1361,587565,6096.766812322516,1361,587565,0.140893695790409,0.0564989229300309,191.75631997074666,43.307999954257525,106.8726400604019,276.6399998810914
04.de 50 a 59 anios,2022,2614.171662661146,6096.766812322516,879.1791056732989,5.5632510377977145,59.71222780569547,33.56494792804621,1361,587565,151.82089432670116,diabetes,712.8283373388538,903.2331876774842,151.82089432670116,-2.5632510377977145,22.28777219430453,14.435052071953788,1361,587565,879.1791056732989,1361,587565,0.0278221760940437,0.0125630916767743,37.86598166399347,9.629960104493923,18.991259859185384,56.74070346880156
04.de 50 a 59 anios,2022,2614.171662661146,6096.766812322516,879.1791056732989,5.5632510377977145,59.71222780569547,33.56494792804621,1361,587565,-2.5632510377977145,alzheimer,712.8283373388538,903.2331876774842,151.82089432670116,-2.5632510377977145,22.28777219430453,14.435052071953788,1361,587565,5.5632510377977145,1361,587565,8.0470100820895e-4,4.9884681742246e-4,1.095198072172381,0.3823799963915806,0.34573327924488306,1.844662865099879
04.de 50 a 59 anios,2022,2614.171662661146,6096.766812322516,879.1791056732989,5.5632510377977145,59.71222780569547,33.56494792804621,1361,587565,22.28777219430453,metabolic,712.8283373388538,903.2331876774842,151.82089432670116,-2.5632510377977145,22.28777219430453,14.435052071953788,1361,587565,59.71222780569547,1361,587565,-0.00227021921733289,0.00178980605668926,-3.0897683547900634,1.3719362529657682,-5.778763410602969,-0.40077329897715774
04.de 50 a 59 anios,2022,2614.171662661146,6096.766812322516,879.1791056732989,5.5632510377977145,59.71222780569547,33.56494792804621,1361,587565,14.435052071953788,anemia,712.8283373388538,903.2331876774842,151.82089432670116,-2.5632510377977145,22.28777219430453,14.435052071953788,1361,587565,33.56494792804621,1361,587565,6.5943548070759e-4,0.00178616594674942,0.89749168924303,1.369146007188812,-1.7860344848470413,3.581017863333101
04.de 50 a 59 anios,2023,2573.1259951933716,6001.04017478701,865.3749268079573,5.4759012453572495,58.77467336683448,33.03793751365541,107,2313,297.8740048066285,resp,297.8740048066285,644.9598252129902,7.6250731920426915,0.5240987546427508,16.225326633165523,4.962062486344596,107,2313,2573.1259951933716,107,2313,1.13311810824429,0.243835035882751,121.24363758213903,11.726918976716728,98.25887638777425,144.2283987765038
04.de 50 a 59 anios,2023,2573.1259951933716,6001.04017478701,865.3749268079573,5.4759012453572495,58.77467336683448,33.03793751365541,107,2313,644.9598252129902,circ,297.8740048066285,644.9598252129902,7.6250731920426915,0.5240987546427508,16.225326633165523,4.962062486344596,107,2313,6001.04017478701,107,2313,-0.346957556250946,0.367696679932411,-37.12445851885122,17.683878602452133,-71.78486057965739,-2.464056458045043
04.de 50 a 59 anios,2023,2573.1259951933716,6001.04017478701,865.3749268079573,5.4759012453572495,58.77467336683448,33.03793751365541,107,2313,7.6250731920426915,diabetes,297.8740048066285,644.9598252129902,7.6250731920426915,0.5240987546427508,16.225326633165523,4.962062486344596,107,2313,865.3749268079573,107,2313,0.452142361225685,0.142909978571111,48.3792326511483,6.873063723597141,34.90802775289791,61.85043754939869
04.de 50 a 59 anios,2023,2573.1259951933716,6001.04017478701,865.3749268079573,5.4759012453572495,58.77467336683448,33.03793751365541,107,2313,0.5240987546427508,alzheimer,297.8740048066285,644.9598252129902,7.6250731920426915,0.5240987546427508,16.225326633165523,4.962062486344596,107,2313,5.4759012453572495,107,2313,-0.0194000843815531,0.00799113318984483,-2.0758090288261815,0.3843228316644524,-2.8290817788885083,-1.3225362787638546
04.de 50 a 59 anios,2023,2573.1259951933716,6001.04017478701,865.3749268079573,5.4759012453572495,58.77467336683448,33.03793751365541,107,2313,16.225326633165523,metabolic,297.8740048066285,644.9598252129902,7.6250731920426915,0.5240987546427508,16.225326633165523,4.962062486344596,107,2313,58.77467336683448,107,2313,-0.0643726915753184,0.029473459075319,-6.887877998559069,1.4174864792852868,-9.66615149795823,-4.109604499159907
04.de 50 a 59 anios,2023,2573.1259951933716,6001.04017478701,865.3749268079573,5.4759012453572495,58.77467336683448,33.03793751365541,107,2313,4.962062486344596,anemia,297.8740048066285,644.9598252129902,7.6250731920426915,0.5240987546427508,16.225326633165523,4.962062486344596,107,2313,33.03793751365541,107,2313,-0.0794590463775625,0.0257920728990593,-8.502117962399188,1.2404351492550871,-10.93337085493916,-6.0708650698592175
04.de 50 a 59 anios,2024,2532.080327725599,5905.313537251509,851.5707479426164,5.388551452916788,57.83711892797353,32.51092709926462,36,220,698.9196722744011,resp,698.9196722744011,852.6864627484913,27.429252057383536,2.611448547083212,22.162881072026472,5.489072900735378,36,220,2532.080327725599,36,220,NA,1.84003763593808,NA,27.292168663686137,NA,NA
04.de 50 a 59 anios,2024,2532.080327725599,5905.313537251509,851.5707479426164,5.388551452916788,57.83711892797353,32.51092709926462,36,220,852.6864627484913,circ,698.9196722744011,852.6864627484913,27.429252057383536,2.611448547083212,22.162881072026472,5.489072900735378,36,220,5905.313537251509,36,220,NA,2.74320365633494,NA,40.688285611812944,NA,NA
04.de 50 a 59 anios,2024,2532.080327725599,5905.313537251509,851.5707479426164,5.388551452916788,57.83711892797353,32.51092709926462,36,220,27.429252057383536,diabetes,698.9196722744011,852.6864627484913,27.429252057383536,2.611448547083212,22.162881072026472,5.489072900735378,36,220,851.5707479426164,36,220,NA,0.781349232335804,NA,11.589281989484295,NA,NA
04.de 50 a 59 anios,2024,2532.080327725599,5905.313537251509,851.5707479426164,5.388551452916788,57.83711892797353,32.51092709926462,36,220,2.611448547083212,alzheimer,698.9196722744011,852.6864627484913,27.429252057383536,2.611448547083212,22.162881072026472,5.489072900735378,36,220,5.388551452916788,36,220,NA,0.0482538740228897,NA,0.7157206150501186,NA,NA
04.de 50 a 59 anios,2024,2532.080327725599,5905.313537251509,851.5707479426164,5.388551452916788,57.83711892797353,32.51092709926462,36,220,22.162881072026472,metabolic,698.9196722744011,852.6864627484913,27.429252057383536,2.611448547083212,22.162881072026472,5.489072900735378,36,220,57.83711892797353,36,220,NA,0.208173784875507,NA,3.0877162168934262,NA,NA
04.de 50 a 59 anios,2024,2532.080327725599,5905.313537251509,851.5707479426164,5.388551452916788,57.83711892797353,32.51092709926462,36,220,5.489072900735378,anemia,698.9196722744011,852.6864627484913,27.429252057383536,2.611448547083212,22.162881072026472,5.489072900735378,36,220,32.51092709926462,36,220,NA,0.114191891264654,NA,1.693739462471039,NA,NA
05.de 60 a 69 anios,2015,7535.3736407607985,14527.2870007637,2176.4224104447726,55.994080808815426,170.16640869913059,81.21127322980678,0,0,-634.3736407607987,resp,-634.3736407607987,-321.2870007636993,147.5775895552273,-6.9940808088154265,-35.16640869913057,-3.211273229806774,0,0,7535.3736407607985,0,0,0.498681349495526,1.5691278090362,0,0,0,0
05.de 60 a 69 anios,2015,7535.3736407607985,14527.2870007637,2176.4224104447726,55.994080808815426,170.16640869913059,81.21127322980678,0,0,-321.2870007636993,circ,-634.3736407607987,-321.2870007636993,147.5775895552273,-6.9940808088154265,-35.16640869913057,-3.211273229806774,0,0,14527.2870007637,0,0,3.46221918215065,2.24546980245171,0,0,0,0
05.de 60 a 69 anios,2015,7535.3736407607985,14527.2870007637,2176.4224104447726,55.994080808815426,170.16640869913059,81.21127322980678,0,0,147.5775895552273,diabetes,-634.3736407607987,-321.2870007636993,147.5775895552273,-6.9940808088154265,-35.16640869913057,-3.211273229806774,0,0,2176.4224104447726,0,0,1.11479826090495,0.370396881281852,0,0,0,0
05.de 60 a 69 anios,2015,7535.3736407607985,14527.2870007637,2176.4224104447726,55.994080808815426,170.16640869913059,81.21127322980678,0,0,-6.9940808088154265,alzheimer,-634.3736407607987,-321.2870007636993,147.5775895552273,-6.9940808088154265,-35.16640869913057,-3.211273229806774,0,0,55.994080808815426,0,0,0.110660503847072,0.0680934136557001,0,0,0,0
05.de 60 a 69 anios,2015,7535.3736407607985,14527.2870007637,2176.4224104447726,55.994080808815426,170.16640869913059,81.21127322980678,0,0,-35.16640869913057,metabolic,-634.3736407607987,-321.2870007636993,147.5775895552273,-6.9940808088154265,-35.16640869913057,-3.211273229806774,0,0,170.16640869913059,0,0,0.217181778459862,0.190343847292902,0,0,0,0
05.de 60 a 69 anios,2015,7535.3736407607985,14527.2870007637,2176.4224104447726,55.994080808815426,170.16640869913059,81.21127322980678,0,0,-3.211273229806774,anemia,-634.3736407607987,-321.2870007636993,147.5775895552273,-6.9940808088154265,-35.16640869913057,-3.211273229806774,0,0,81.21127322980678,0,0,-0.0312242078311534,0.042747113337949,-0,0,-0,0
05.de 60 a 69 anios,2016,7562.686820380399,14579.94350038185,2184.3112052223864,56.197040404407716,170.7832043495653,81.50563661490338,0,0,443.3131796196011,resp,443.3131796196011,736.0564996181492,63.68879477761362,11.802959595592286,8.216795650434712,13.494363385096612,0,0,7562.686820380399,0,0,NA,1.5691278090362,NA,0,NA,NA
05.de 60 a 69 anios,2016,7562.686820380399,14579.94350038185,2184.3112052223864,56.197040404407716,170.7832043495653,81.50563661490338,0,0,736.0564996181492,circ,443.3131796196011,736.0564996181492,63.68879477761362,11.802959595592286,8.216795650434712,13.494363385096612,0,0,14579.94350038185,0,0,NA,2.24546980245171,NA,0,NA,NA
05.de 60 a 69 anios,2016,7562.686820380399,14579.94350038185,2184.3112052223864,56.197040404407716,170.7832043495653,81.50563661490338,0,0,63.68879477761362,diabetes,443.3131796196011,736.0564996181492,63.68879477761362,11.802959595592286,8.216795650434712,13.494363385096612,0,0,2184.3112052223864,0,0,NA,0.370396881281852,NA,0,NA,NA
05.de 60 a 69 anios,2016,7562.686820380399,14579.94350038185,2184.3112052223864,56.197040404407716,170.7832043495653,81.50563661490338,0,0,11.802959595592286,alzheimer,443.3131796196011,736.0564996181492,63.68879477761362,11.802959595592286,8.216795650434712,13.494363385096612,0,0,56.197040404407716,0,0,NA,0.0680934136557001,NA,0,NA,NA
05.de 60 a 69 anios,2016,7562.686820380399,14579.94350038185,2184.3112052223864,56.197040404407716,170.7832043495653,81.50563661490338,0,0,8.216795650434712,metabolic,443.3131796196011,736.0564996181492,63.68879477761362,11.802959595592286,8.216795650434712,13.494363385096612,0,0,170.7832043495653,0,0,NA,0.190343847292902,NA,0,NA,NA
05.de 60 a 69 anios,2016,7562.686820380399,14579.94350038185,2184.3112052223864,56.197040404407716,170.7832043495653,81.50563661490338,0,0,13.494363385096612,anemia,443.3131796196011,736.0564996181492,63.68879477761362,11.802959595592286,8.216795650434712,13.494363385096612,0,0,81.50563661490338,0,0,NA,0.042747113337949,NA,0,NA,NA
05.de 60 a 69 anios,2017,7589.999999999999,14632.6,2192.2000000000003,56.4,171.4,81.8,0,0,69.00000000000068,resp,69.00000000000068,-236.60000000000082,-126.2000000000001,-3.3999999999999995,16.599999999999994,6.1999999999999975,0,0,7589.999999999999,0,0,NA,1.5691278090362,NA,0,NA,NA
05.de 60 a 69 anios,2017,7589.999999999999,14632.6,2192.2000000000003,56.4,171.4,81.8,0,0,-236.60000000000082,circ,69.00000000000068,-236.60000000000082,-126.2000000000001,-3.3999999999999995,16.599999999999994,6.1999999999999975,0,0,14632.6,0,0,NA,2.24546980245171,NA,0,NA,NA
05.de 60 a 69 anios,2017,7589.999999999999,14632.6,2192.2000000000003,56.4,171.4,81.8,0,0,-126.2000000000001,diabetes,69.00000000000068,-236.60000000000082,-126.2000000000001,-3.3999999999999995,16.599999999999994,6.1999999999999975,0,0,2192.2000000000003,0,0,NA,0.370396881281852,NA,0,NA,NA
05.de 60 a 69 anios,2017,7589.999999999999,14632.6,2192.2000000000003,56.4,171.4,81.8,0,0,-3.3999999999999995,alzheimer,69.00000000000068,-236.60000000000082,-126.2000000000001,-3.3999999999999995,16.599999999999994,6.1999999999999975,0,0,56.4,0,0,NA,0.0680934136557001,NA,0,NA,NA
05.de 60 a 69 anios,2017,7589.999999999999,14632.6,2192.2000000000003,56.4,171.4,81.8,0,0,16.599999999999994,metabolic,69.00000000000068,-236.60000000000082,-126.2000000000001,-3.3999999999999995,16.599999999999994,6.1999999999999975,0,0,171.4,0,0,NA,0.190343847292902,NA,0,NA,NA
05.de 60 a 69 anios,2017,7589.999999999999,14632.6,2192.2000000000003,56.4,171.4,81.8,0,0,6.1999999999999975,anemia,69.00000000000068,-236.60000000000082,-126.2000000000001,-3.3999999999999995,16.599999999999994,6.1999999999999975,0,0,81.8,0,0,NA,0.042747113337949,NA,0,NA,NA
05.de 60 a 69 anios,2018,7617.3131796195985,14685.25649961815,2200.0887947776137,56.60295959559228,172.0167956504347,82.0943633850966,0,0,60.686820380401514,resp,60.686820380401514,-131.25649961814975,-16.088794777613458,-14.602959595592278,-2.016795650434698,-17.094363385096607,0,0,7617.3131796195985,0,0,NA,1.5691278090362,NA,0,NA,NA
05.de 60 a 69 anios,2018,7617.3131796195985,14685.25649961815,2200.0887947776137,56.60295959559228,172.0167956504347,82.0943633850966,0,0,-131.25649961814975,circ,60.686820380401514,-131.25649961814975,-16.088794777613458,-14.602959595592278,-2.016795650434698,-17.094363385096607,0,0,14685.25649961815,0,0,NA,2.24546980245171,NA,0,NA,NA
05.de 60 a 69 anios,2018,7617.3131796195985,14685.25649961815,2200.0887947776137,56.60295959559228,172.0167956504347,82.0943633850966,0,0,-16.088794777613458,diabetes,60.686820380401514,-131.25649961814975,-16.088794777613458,-14.602959595592278,-2.016795650434698,-17.094363385096607,0,0,2200.0887947776137,0,0,NA,0.370396881281852,NA,0,NA,NA
05.de 60 a 69 anios,2018,7617.3131796195985,14685.25649961815,2200.0887947776137,56.60295959559228,172.0167956504347,82.0943633850966,0,0,-14.602959595592278,alzheimer,60.686820380401514,-131.25649961814975,-16.088794777613458,-14.602959595592278,-2.016795650434698,-17.094363385096607,0,0,56.60295959559228,0,0,NA,0.0680934136557001,NA,0,NA,NA
05.de 60 a 69 anios,2018,7617.3131796195985,14685.25649961815,2200.0887947776137,56.60295959559228,172.0167956504347,82.0943633850966,0,0,-2.016795650434698,metabolic,60.686820380401514,-131.25649961814975,-16.088794777613458,-14.602959595592278,-2.016795650434698,-17.094363385096607,0,0,172.0167956504347,0,0,NA,0.190343847292902,NA,0,NA,NA
05.de 60 a 69 anios,2018,7617.3131796195985,14685.25649961815,2200.0887947776137,56.60295959559228,172.0167956504347,82.0943633850966,0,0,-17.094363385096607,anemia,60.686820380401514,-131.25649961814975,-16.088794777613458,-14.602959595592278,-2.016795650434698,-17.094363385096607,0,0,82.0943633850966,0,0,NA,0.042747113337949,NA,0,NA,NA
05.de 60 a 69 anios,2019,7644.626359239199,14737.9129992363,2207.977589555227,56.805919191184564,172.6335913008694,82.38872677019322,0,0,61.373640760801436,resp,61.373640760801436,-46.912999236300266,-68.9775895552271,13.194080808815436,12.366408699130591,0.6112732298067804,0,0,7644.626359239199,0,0,NA,1.5691278090362,NA,0,NA,NA
05.de 60 a 69 anios,2019,7644.626359239199,14737.9129992363,2207.977589555227,56.805919191184564,172.6335913008694,82.38872677019322,0,0,-46.912999236300266,circ,61.373640760801436,-46.912999236300266,-68.9775895552271,13.194080808815436,12.366408699130591,0.6112732298067804,0,0,14737.9129992363,0,0,NA,2.24546980245171,NA,0,NA,NA
05.de 60 a 69 anios,2019,7644.626359239199,14737.9129992363,2207.977589555227,56.805919191184564,172.6335913008694,82.38872677019322,0,0,-68.9775895552271,diabetes,61.373640760801436,-46.912999236300266,-68.9775895552271,13.194080808815436,12.366408699130591,0.6112732298067804,0,0,2207.977589555227,0,0,NA,0.370396881281852,NA,0,NA,NA
05.de 60 a 69 anios,2019,7644.626359239199,14737.9129992363,2207.977589555227,56.805919191184564,172.6335913008694,82.38872677019322,0,0,13.194080808815436,alzheimer,61.373640760801436,-46.912999236300266,-68.9775895552271,13.194080808815436,12.366408699130591,0.6112732298067804,0,0,56.805919191184564,0,0,NA,0.0680934136557001,NA,0,NA,NA
05.de 60 a 69 anios,2019,7644.626359239199,14737.9129992363,2207.977589555227,56.805919191184564,172.6335913008694,82.38872677019322,0,0,12.366408699130591,metabolic,61.373640760801436,-46.912999236300266,-68.9775895552271,13.194080808815436,12.366408699130591,0.6112732298067804,0,0,172.6335913008694,0,0,NA,0.190343847292902,NA,0,NA,NA
05.de 60 a 69 anios,2019,7644.626359239199,14737.9129992363,2207.977589555227,56.805919191184564,172.6335913008694,82.38872677019322,0,0,0.6112732298067804,anemia,61.373640760801436,-46.912999236300266,-68.9775895552271,13.194080808815436,12.366408699130591,0.6112732298067804,0,0,82.38872677019322,0,0,NA,0.042747113337949,NA,0,NA,NA
05.de 60 a 69 anios,2020,7671.939538858796,14790.569498854446,2215.86638433284,57.00887878677683,173.25038695130408,82.6830901552898,11277,23157889,-263.93953885879637,resp,-263.93953885879637,-496.5694988544458,165.13361566716,-3.0088787867768323,-6.250386951304071,-13.683090155289808,11277,23157889,7671.939538858796,11277,23157889,0.0693556346900015,0.0198915861354042,782.1234923991469,95.72357253092264,594.5052902385386,969.7416945597553
05.de 60 a 69 anios,2020,7671.939538858796,14790.569498854446,2215.86638433284,57.00887878677683,173.25038695130408,82.6830901552898,11277,23157889,-496.5694988544458,circ,-263.93953885879637,-496.5694988544458,165.13361566716,-3.0088787867768323,-6.250386951304071,-13.683090155289808,11277,23157889,14790.569498854446,11277,23157889,0.0519758494839331,0.0160711967515242,586.1316546303136,77.33884856799503,434.54751143704334,737.7157978235839
05.de 60 a 69 anios,2020,7671.939538858796,14790.569498854446,2215.86638433284,57.00887878677683,173.25038695130408,82.6830901552898,11277,23157889,165.13361566716,diabetes,-263.93953885879637,-496.5694988544458,165.13361566716,-3.0088787867768323,-6.250386951304071,-13.683090155289808,11277,23157889,2215.86638433284,11277,23157889,0.023704532504004,0.00449534374952091,267.3160130476531,21.63278285248471,224.91575865678305,309.7162674385231
05.de 60 a 69 anios,2020,7671.939538858796,14790.569498854446,2215.86638433284,57.00887878677683,173.25038695130408,82.6830901552898,11277,23157889,-3.0088787867768323,alzheimer,-263.93953885879637,-496.5694988544458,165.13361566716,-3.0088787867768323,-6.250386951304071,-13.683090155289808,11277,23157889,57.00887878677683,11277,23157889,8.4025626193752e-4,6.8867571954684e-4,9.475569865869414,3.3140896729695464,2.979954106849103,15.971185624889724
05.de 60 a 69 anios,2020,7671.939538858796,14790.569498854446,2215.86638433284,57.00887878677683,173.25038695130408,82.6830901552898,11277,23157889,-6.250386951304071,metabolic,-263.93953885879637,-496.5694988544458,165.13361566716,-3.0088787867768323,-6.250386951304071,-13.683090155289808,11277,23157889,173.25038695130408,11277,23157889,-4.3838614486127e-4,0.00117909681242799,-4.943680555600541,5.674125656804336,-16.06496684293704,6.177605731735958
05.de 60 a 69 anios,2020,7671.939538858796,14790.569498854446,2215.86638433284,57.00887878677683,173.25038695130408,82.6830901552898,11277,23157889,-13.683090155289808,anemia,-263.93953885879637,-496.5694988544458,165.13361566716,-3.0088787867768323,-6.250386951304071,-13.683090155289808,11277,23157889,82.6830901552898,11277,23157889,2.3704281346939e-4,6.8205795415565e-4,2.673131807494311,3.2822432359331,-3.7600649349345643,9.106328549923187
05.de 60 a 69 anios,2021,7699.252718478388,14843.225998472579,2223.755179110451,57.21183838236905,173.86718260173856,82.97745354038632,19391,61132291,1673.7472815216124,resp,1673.7472815216124,1011.7740015274214,44.244820889549004,-13.211838382369052,-4.867182601738575,10.022546459613679,19391,61132291,7699.252718478388,19391,61132291,0.071303706423143,0.0172507871703287,1382.6501712511658,134.878973792065,1118.2873826187183,1647.0129598836133
05.de 60 a 69 anios,2021,7699.252718478388,14843.225998472579,2223.755179110451,57.21183838236905,173.86718260173856,82.97745354038632,19391,61132291,1011.7740015274214,circ,1673.7472815216124,1011.7740015274214,44.244820889549004,-13.211838382369052,-4.867182601738575,10.022546459613679,19391,61132291,14843.225998472579,19391,61132291,0.0309850821535749,0.0127521006396849,600.8317280399709,99.70502974682876,405.4098697361866,796.2535863437553
05.de 60 a 69 anios,2021,7699.252718478388,14843.225998472579,2223.755179110451,57.21183838236905,173.86718260173856,82.97745354038632,19391,61132291,44.244820889549004,diabetes,1673.7472815216124,1011.7740015274214,44.244820889549004,-13.211838382369052,-4.867182601738575,10.022546459613679,19391,61132291,2223.755179110451,19391,61132291,0.00947044838517441,0.0032992568213932,183.641464636917,25.795946002474853,133.0814104720663,234.2015188017677
05.de 60 a 69 anios,2021,7699.252718478388,14843.225998472579,2223.755179110451,57.21183838236905,173.86718260173856,82.97745354038632,19391,61132291,-13.211838382369052,alzheimer,1673.7472815216124,1011.7740015274214,44.244820889549004,-13.211838382369052,-4.867182601738575,10.022546459613679,19391,61132291,57.21183838236905,19391,61132291,6.3331267910742e-4,2.2559189160084e-4,12.280566160571981,1.7638385155703187,8.823442670054156,15.737689651089806
05.de 60 a 69 anios,2021,7699.252718478388,14843.225998472579,2223.755179110451,57.21183838236905,173.86718260173856,82.97745354038632,19391,61132291,-4.867182601738575,metabolic,1673.7472815216124,1011.7740015274214,44.244820889549004,-13.211838382369052,-4.867182601738575,10.022546459613679,19391,61132291,173.86718260173856,19391,61132291,5.6540784025299e-4,4.8544419663676e-4,10.963823430345728,3.795549410539276,3.5245465856887472,18.40310027500271
05.de 60 a 69 anios,2021,7699.252718478388,14843.225998472579,2223.755179110451,57.21183838236905,173.86718260173856,82.97745354038632,19391,61132291,10.022546459613679,anemia,1673.7472815216124,1011.7740015274214,44.244820889549004,-13.211838382369052,-4.867182601738575,10.022546459613679,19391,61132291,82.97745354038632,19391,61132291,1.3253906974976e-4,3.3142238829658e-4,2.570065101517596,2.5912969178615315,-2.5088768574910056,7.649007060526198
05.de 60 a 69 anios,2022,7726.565898097984,14895.882498090723,2231.6439738880636,57.414797977961314,174.48397825217322,83.27181692548291,3344,3327978,1624.4341019020153,resp,1624.4341019020153,1205.1175019092764,-118.64397388806375,1.5852020220386853,24.516021747826777,-15.271816925482902,3344,3327978,7726.565898097984,3344,3327978,0.140127042811899,0.0335496454480387,468.58483116299027,61.20376771991839,348.6254464319502,588.5442158940303
05.de 60 a 69 anios,2022,7726.565898097984,14895.882498090723,2231.6439738880636,57.414797977961314,174.48397825217322,83.27181692548291,3344,3327978,1205.1175019092764,circ,1624.4341019020153,1205.1175019092764,-118.64397388806375,1.5852020220386853,24.516021747826777,-15.271816925482902,3344,3327978,14895.882498090723,3344,3327978,0.13837238910883,0.0352243353521078,462.71726917992754,64.2588620591502,336.7698995439931,588.664638815862
05.de 60 a 69 anios,2022,7726.565898097984,14895.882498090723,2231.6439738880636,57.414797977961314,174.48397825217322,83.27181692548291,3344,3327978,-118.64397388806375,diabetes,1624.4341019020153,1205.1175019092764,-118.64397388806375,1.5852020220386853,24.516021747826777,-15.271816925482902,3344,3327978,2231.6439738880636,3344,3327978,0.0532905167050555,0.00810917701543788,178.2034878617056,14.793366064665083,149.20849037496205,207.19848534844917
05.de 60 a 69 anios,2022,7726.565898097984,14895.882498090723,2231.6439738880636,57.414797977961314,174.48397825217322,83.27181692548291,3344,3327978,1.5852020220386853,alzheimer,1624.4341019020153,1205.1175019092764,-118.64397388806375,1.5852020220386853,24.516021747826777,-15.271816925482902,3344,3327978,57.414797977961314,3344,3327978,0.00455834067163634,0.00135719505563019,15.243091205951922,2.475896535600135,10.390333996175658,20.095848415728184
05.de 60 a 69 anios,2022,7726.565898097984,14895.882498090723,2231.6439738880636,57.414797977961314,174.48397825217322,83.27181692548291,3344,3327978,24.516021747826777,metabolic,1624.4341019020153,1205.1175019092764,-118.64397388806375,1.5852020220386853,24.516021747826777,-15.271816925482902,3344,3327978,174.48397825217322,3344,3327978,0.00412503421951166,0.00199229754151283,13.794114430046992,3.634497900985837,6.670498544114752,20.917730315979234
05.de 60 a 69 anios,2022,7726.565898097984,14895.882498090723,2231.6439738880636,57.414797977961314,174.48397825217322,83.27181692548291,3344,3327978,-15.271816925482902,anemia,1624.4341019020153,1205.1175019092764,-118.64397388806375,1.5852020220386853,24.516021747826777,-15.271816925482902,3344,3327978,83.27181692548291,3344,3327978,0.0035494002884423,8.2018091291392e-4,11.869194564551051,1.4962352481501033,8.936573478176848,14.801815650925255
05.de 60 a 69 anios,2023,7753.8790777175855,14948.538997708874,2239.5327686656774,57.617757573553604,175.10077390260795,83.56618031057953,252,12250,521.1209222824145,resp,521.1209222824145,-213.5389977088746,-351.5327686656775,-0.6177575735536056,-5.100773902607948,-0.5661803105795231,252,12250,7753.8790777175855,252,12250,0.397153613488851,0.355023911870671,100.08271059919045,39.293946486697365,23.066575485263613,177.09884571311727
05.de 60 a 69 anios,2023,7753.8790777175855,14948.538997708874,2239.5327686656774,57.617757573553604,175.10077390260795,83.56618031057953,252,12250,-213.5389977088746,circ,521.1209222824145,-213.5389977088746,-351.5327686656775,-0.6177575735536056,-5.100773902607948,-0.5661803105795231,252,12250,14948.538997708874,252,12250,0.227652417904965,0.309521406906249,57.36840931205118,34.25774206412313,-9.776765133630157,124.5135837577325
05.de 60 a 69 anios,2023,7753.8790777175855,14948.538997708874,2239.5327686656774,57.617757573553604,175.10077390260795,83.56618031057953,252,12250,-351.5327686656775,diabetes,521.1209222824145,-213.5389977088746,-351.5327686656775,-0.6177575735536056,-5.100773902607948,-0.5661803105795231,252,12250,2239.5327686656774,252,12250,0.0635102947297772,0.0932832596338247,16.004594271903855,10.32456488027057,-4.231552893426461,36.24074143723417
05.de 60 a 69 anios,2023,7753.8790777175855,14948.538997708874,2239.5327686656774,57.617757573553604,175.10077390260795,83.56618031057953,252,12250,-0.6177575735536056,alzheimer,521.1209222824145,-213.5389977088746,-351.5327686656775,-0.6177575735536056,-5.100773902607948,-0.5661803105795231,252,12250,57.617757573553604,252,12250,0.0596600296199961,0.0127954626231901,15.034327464239016,1.416198196169174,12.258578999747435,17.810075928730598
05.de 60 a 69 anios,2023,7753.8790777175855,14948.538997708874,2239.5327686656774,57.617757573553604,175.10077390260795,83.56618031057953,252,12250,-5.100773902607948,metabolic,521.1209222824145,-213.5389977088746,-351.5327686656775,-0.6177575735536056,-5.100773902607948,-0.5661803105795231,252,12250,175.10077390260795,252,12250,-0.00190807697829382,0.0250167411031182,-0.48083539853004265,2.7688458532212357,-5.9077732708436645,4.946102473783579
05.de 60 a 69 anios,2023,7753.8790777175855,14948.538997708874,2239.5327686656774,57.617757573553604,175.10077390260795,83.56618031057953,252,12250,-0.5661803105795231,anemia,521.1209222824145,-213.5389977088746,-351.5327686656775,-0.6177575735536056,-5.100773902607948,-0.5661803105795231,252,12250,83.56618031057953,252,12250,-0.00238512691345757,0.0168040480294999,-0.6010519821913076,1.8598672989429403,-4.24639188811947,3.0442879237368556
05.de 60 a 69 anios,2024,7781.192257337186,15001.195497327026,2247.4215634432912,57.82071716914589,175.71756955304267,83.86054369567613,89,1615,1454.8077426628145,resp,1454.8077426628145,197.80450267297442,-256.4215634432912,10.17928283085411,24.282430446957342,9.139456304323867,89,1615,7781.192257337186,89,1615,NA,1.5691278090362,NA,63.05863748101091,NA,NA
05.de 60 a 69 anios,2024,7781.192257337186,15001.195497327026,2247.4215634432912,57.82071716914589,175.71756955304267,83.86054369567613,89,1615,197.80450267297442,circ,1454.8077426628145,197.80450267297442,-256.4215634432912,10.17928283085411,24.282430446957342,9.139456304323867,89,1615,15001.195497327026,89,1615,NA,2.24546980245171,NA,90.2388355059055,NA,NA
05.de 60 a 69 anios,2024,7781.192257337186,15001.195497327026,2247.4215634432912,57.82071716914589,175.71756955304267,83.86054369567613,89,1615,-256.4215634432912,diabetes,1454.8077426628145,197.80450267297442,-256.4215634432912,10.17928283085411,24.282430446957342,9.139456304323867,89,1615,2247.4215634432912,89,1615,NA,0.370396881281852,NA,14.885162652999988,NA,NA
05.de 60 a 69 anios,2024,7781.192257337186,15001.195497327026,2247.4215634432912,57.82071716914589,175.71756955304267,83.86054369567613,89,1615,10.17928283085411,alzheimer,1454.8077426628145,197.80450267297442,-256.4215634432912,10.17928283085411,24.282430446957342,9.139456304323867,89,1615,57.82071716914589,89,1615,NA,0.0680934136557001,NA,2.7364742768766073,NA,NA
05.de 60 a 69 anios,2024,7781.192257337186,15001.195497327026,2247.4215634432912,57.82071716914589,175.71756955304267,83.86054369567613,89,1615,24.282430446957342,metabolic,1454.8077426628145,197.80450267297442,-256.4215634432912,10.17928283085411,24.282430446957342,9.139456304323867,89,1615,175.71756955304267,89,1615,NA,0.190343847292902,NA,7.649360105698757,NA,NA
05.de 60 a 69 anios,2024,7781.192257337186,15001.195497327026,2247.4215634432912,57.82071716914589,175.71756955304267,83.86054369567613,89,1615,9.139456304323867,anemia,1454.8077426628145,197.80450267297442,-256.4215634432912,10.17928283085411,24.282430446957342,9.139456304323867,89,1615,83.86054369567613,89,1615,NA,0.042747113337949,NA,1.7178809194600315,NA,NA
06.de 70 a 79 anios,2015,13697.44907051841,22931.139382518686,2685.705847840046,267.7556762042525,397.94702311226223,183.74248214886023,0,0,-1184.4490705184107,resp,-1184.4490705184107,-106.1393825186858,25.294152159954365,2.2443237957475155,-34.947023112262244,36.25751785113976,0,0,13697.44907051841,0,0,-2.35956727675294,2.28778022780783,-0,0,-0,0
06.de 70 a 79 anios,2015,13697.44907051841,22931.139382518686,2685.705847840046,267.7556762042525,397.94702311226223,183.74248214886023,0,0,-106.1393825186858,circ,-1184.4490705184107,-106.1393825186858,25.294152159954365,2.2443237957475155,-34.947023112262244,36.25751785113976,0,0,22931.139382518686,0,0,3.13306068453252,2.38917510527487,0,0,0,0
06.de 70 a 79 anios,2015,13697.44907051841,22931.139382518686,2685.705847840046,267.7556762042525,397.94702311226223,183.74248214886023,0,0,25.294152159954365,diabetes,-1184.4490705184107,-106.1393825186858,25.294152159954365,2.2443237957475155,-34.947023112262244,36.25751785113976,0,0,2685.705847840046,0,0,0.430488021921088,0.269815342551914,0,0,0,0
06.de 70 a 79 anios,2015,13697.44907051841,22931.139382518686,2685.705847840046,267.7556762042525,397.94702311226223,183.74248214886023,0,0,2.2443237957475155,alzheimer,-1184.4490705184107,-106.1393825186858,25.294152159954365,2.2443237957475155,-34.947023112262244,36.25751785113976,0,0,267.7556762042525,0,0,0.172987128382713,0.0670906315995359,0,0,0,0
06.de 70 a 79 anios,2015,13697.44907051841,22931.139382518686,2685.705847840046,267.7556762042525,397.94702311226223,183.74248214886023,0,0,-34.947023112262244,metabolic,-1184.4490705184107,-106.1393825186858,25.294152159954365,2.2443237957475155,-34.947023112262244,36.25751785113976,0,0,397.94702311226223,0,0,0.0810917832056261,0.121178244252517,0,0,0,0
06.de 70 a 79 anios,2015,13697.44907051841,22931.139382518686,2685.705847840046,267.7556762042525,397.94702311226223,183.74248214886023,0,0,36.25751785113976,anemia,-1184.4490705184107,-106.1393825186858,25.294152159954365,2.2443237957475155,-34.947023112262244,36.25751785113976,0,0,183.74248214886023,0,0,0.00696956178977038,0.0440898520285073,0,0,0,0
06.de 70 a 79 anios,2016,13908.324535259226,23284.169691259376,2727.052923920027,271.87783810212665,404.07351155613173,186.5712410744304,0,0,587.6754647407743,resp,587.6754647407743,1100.8303087406223,158.94707607997313,22.122161897873358,19.926488443868266,8.428758925569598,0,0,13908.324535259226,0,0,NA,2.28778022780783,NA,0,NA,NA
06.de 70 a 79 anios,2016,13908.324535259226,23284.169691259376,2727.052923920027,271.87783810212665,404.07351155613173,186.5712410744304,0,0,1100.8303087406223,circ,587.6754647407743,1100.8303087406223,158.94707607997313,22.122161897873358,19.926488443868266,8.428758925569598,0,0,23284.169691259376,0,0,NA,2.38917510527487,NA,0,NA,NA
06.de 70 a 79 anios,2016,13908.324535259226,23284.169691259376,2727.052923920027,271.87783810212665,404.07351155613173,186.5712410744304,0,0,158.94707607997313,diabetes,587.6754647407743,1100.8303087406223,158.94707607997313,22.122161897873358,19.926488443868266,8.428758925569598,0,0,2727.052923920027,0,0,NA,0.269815342551914,NA,0,NA,NA
06.de 70 a 79 anios,2016,13908.324535259226,23284.169691259376,2727.052923920027,271.87783810212665,404.07351155613173,186.5712410744304,0,0,22.122161897873358,alzheimer,587.6754647407743,1100.8303087406223,158.94707607997313,22.122161897873358,19.926488443868266,8.428758925569598,0,0,271.87783810212665,0,0,NA,0.0670906315995359,NA,0,NA,NA
06.de 70 a 79 anios,2016,13908.324535259226,23284.169691259376,2727.052923920027,271.87783810212665,404.07351155613173,186.5712410744304,0,0,19.926488443868266,metabolic,587.6754647407743,1100.8303087406223,158.94707607997313,22.122161897873358,19.926488443868266,8.428758925569598,0,0,404.07351155613173,0,0,NA,0.121178244252517,NA,0,NA,NA
06.de 70 a 79 anios,2016,13908.324535259226,23284.169691259376,2727.052923920027,271.87783810212665,404.07351155613173,186.5712410744304,0,0,8.428758925569598,anemia,587.6754647407743,1100.8303087406223,158.94707607997313,22.122161897873358,19.926488443868266,8.428758925569598,0,0,186.5712410744304,0,0,NA,0.0440898520285073,NA,0,NA,NA
06.de 70 a 79 anios,2017,14119.20000000004,23637.20000000007,2768.4000000000083,276.0000000000008,410.20000000000124,189.40000000000057,0,0,436.79999999995937,resp,436.79999999995937,-184.20000000007053,-118.40000000000813,1.9999999999992006,0.7999999999987644,-3.400000000000567,0,0,14119.20000000004,0,0,NA,2.28778022780783,NA,0,NA,NA
06.de 70 a 79 anios,2017,14119.20000000004,23637.20000000007,2768.4000000000083,276.0000000000008,410.20000000000124,189.40000000000057,0,0,-184.20000000007053,circ,436.79999999995937,-184.20000000007053,-118.40000000000813,1.9999999999992006,0.7999999999987644,-3.400000000000567,0,0,23637.20000000007,0,0,NA,2.38917510527487,NA,0,NA,NA
06.de 70 a 79 anios,2017,14119.20000000004,23637.20000000007,2768.4000000000083,276.0000000000008,410.20000000000124,189.40000000000057,0,0,-118.40000000000813,diabetes,436.79999999995937,-184.20000000007053,-118.40000000000813,1.9999999999992006,0.7999999999987644,-3.400000000000567,0,0,2768.4000000000083,0,0,NA,0.269815342551914,NA,0,NA,NA
06.de 70 a 79 anios,2017,14119.20000000004,23637.20000000007,2768.4000000000083,276.0000000000008,410.20000000000124,189.40000000000057,0,0,1.9999999999992006,alzheimer,436.79999999995937,-184.20000000007053,-118.40000000000813,1.9999999999992006,0.7999999999987644,-3.400000000000567,0,0,276.0000000000008,0,0,NA,0.0670906315995359,NA,0,NA,NA
06.de 70 a 79 anios,2017,14119.20000000004,23637.20000000007,2768.4000000000083,276.0000000000008,410.20000000000124,189.40000000000057,0,0,0.7999999999987644,metabolic,436.79999999995937,-184.20000000007053,-118.40000000000813,1.9999999999992006,0.7999999999987644,-3.400000000000567,0,0,410.20000000000124,0,0,NA,0.121178244252517,NA,0,NA,NA
06.de 70 a 79 anios,2017,14119.20000000004,23637.20000000007,2768.4000000000083,276.0000000000008,410.20000000000124,189.40000000000057,0,0,-3.400000000000567,anemia,436.79999999995937,-184.20000000007053,-118.40000000000813,1.9999999999992006,0.7999999999987644,-3.400000000000567,0,0,189.40000000000057,0,0,NA,0.0440898520285073,NA,0,NA,NA
06.de 70 a 79 anios,2018,14330.075464740856,23990.230308740764,2809.7470760799893,280.12216189787495,416.32648844387074,192.22875892557073,0,0,82.92453525914493,resp,82.92453525914493,-477.23030874076267,-22.747076079989426,3.877838102125036,-17.326488443870723,-27.228758925570734,0,0,14330.075464740856,0,0,NA,2.28778022780783,NA,0,NA,NA
06.de 70 a 79 anios,2018,14330.075464740856,23990.230308740764,2809.7470760799893,280.12216189787495,416.32648844387074,192.22875892557073,0,0,-477.23030874076267,circ,82.92453525914493,-477.23030874076267,-22.747076079989426,3.877838102125036,-17.326488443870723,-27.228758925570734,0,0,23990.230308740764,0,0,NA,2.38917510527487,NA,0,NA,NA
06.de 70 a 79 anios,2018,14330.075464740856,23990.230308740764,2809.7470760799893,280.12216189787495,416.32648844387074,192.22875892557073,0,0,-22.747076079989426,diabetes,82.92453525914493,-477.23030874076267,-22.747076079989426,3.877838102125036,-17.326488443870723,-27.228758925570734,0,0,2809.7470760799893,0,0,NA,0.269815342551914,NA,0,NA,NA
06.de 70 a 79 anios,2018,14330.075464740856,23990.230308740764,2809.7470760799893,280.12216189787495,416.32648844387074,192.22875892557073,0,0,3.877838102125036,alzheimer,82.92453525914493,-477.23030874076267,-22.747076079989426,3.877838102125036,-17.326488443870723,-27.228758925570734,0,0,280.12216189787495,0,0,NA,0.0670906315995359,NA,0,NA,NA
06.de 70 a 79 anios,2018,14330.075464740856,23990.230308740764,2809.7470760799893,280.12216189787495,416.32648844387074,192.22875892557073,0,0,-17.326488443870723,metabolic,82.92453525914493,-477.23030874076267,-22.747076079989426,3.877838102125036,-17.326488443870723,-27.228758925570734,0,0,416.32648844387074,0,0,NA,0.121178244252517,NA,0,NA,NA
06.de 70 a 79 anios,2018,14330.075464740856,23990.230308740764,2809.7470760799893,280.12216189787495,416.32648844387074,192.22875892557073,0,0,-27.228758925570734,anemia,82.92453525914493,-477.23030874076267,-22.747076079989426,3.877838102125036,-17.326488443870723,-27.228758925570734,0,0,192.22875892557073,0,0,NA,0.0440898520285073,NA,0,NA,NA
06.de 70 a 79 anios,2019,14540.950929481669,24343.260617481457,2851.0941521599707,284.2443237957491,422.4529768877402,195.05751785114091,0,0,77.04907051833027,resp,77.04907051833027,-333.2606174814557,-43.094152159970776,-30.244323795749125,31.547023112259783,-14.05751785114091,0,0,14540.950929481669,0,0,NA,2.28778022780783,NA,0,NA,NA
06.de 70 a 79 anios,2019,14540.950929481669,24343.260617481457,2851.0941521599707,284.2443237957491,422.4529768877402,195.05751785114091,0,0,-333.2606174814557,circ,77.04907051833027,-333.2606174814557,-43.094152159970776,-30.244323795749125,31.547023112259783,-14.05751785114091,0,0,24343.260617481457,0,0,NA,2.38917510527487,NA,0,NA,NA
06.de 70 a 79 anios,2019,14540.950929481669,24343.260617481457,2851.0941521599707,284.2443237957491,422.4529768877402,195.05751785114091,0,0,-43.094152159970776,diabetes,77.04907051833027,-333.2606174814557,-43.094152159970776,-30.244323795749125,31.547023112259783,-14.05751785114091,0,0,2851.0941521599707,0,0,NA,0.269815342551914,NA,0,NA,NA
06.de 70 a 79 anios,2019,14540.950929481669,24343.260617481457,2851.0941521599707,284.2443237957491,422.4529768877402,195.05751785114091,0,0,-30.244323795749125,alzheimer,77.04907051833027,-333.2606174814557,-43.094152159970776,-30.244323795749125,31.547023112259783,-14.05751785114091,0,0,284.2443237957491,0,0,NA,0.0670906315995359,NA,0,NA,NA
06.de 70 a 79 anios,2019,14540.950929481669,24343.260617481457,2851.0941521599707,284.2443237957491,422.4529768877402,195.05751785114091,0,0,31.547023112259783,metabolic,77.04907051833027,-333.2606174814557,-43.094152159970776,-30.244323795749125,31.547023112259783,-14.05751785114091,0,0,422.4529768877402,0,0,NA,0.121178244252517,NA,0,NA,NA
06.de 70 a 79 anios,2019,14540.950929481669,24343.260617481457,2851.0941521599707,284.2443237957491,422.4529768877402,195.05751785114091,0,0,-14.05751785114091,anemia,77.04907051833027,-333.2606174814557,-43.094152159970776,-30.244323795749125,31.547023112259783,-14.05751785114091,0,0,195.05751785114091,0,0,NA,0.0440898520285073,NA,0,NA,NA
06.de 70 a 79 anios,2020,14751.826394222548,24696.290926222253,2892.4412282399644,288.3664856936245,428.5794653316115,197.8862767767119,14949,39620977,-783.8263942225472,resp,-783.8263942225472,-1017.2909262222531,104.55877176003568,-3.366485693624515,-62.57946533161154,-27.88627677671191,14949,39620977,14751.826394222548,14949,39620977,0.0680410110019003,0.0309192393660892,1017.1450734674075,194.62175821975038,635.6864273566969,1398.6037195781182
06.de 70 a 79 anios,2020,14751.826394222548,24696.290926222253,2892.4412282399644,288.3664856936245,428.5794653316115,197.8862767767119,14949,39620977,-1017.2909262222531,circ,-783.8263942225472,-1017.2909262222531,104.55877176003568,-3.366485693624515,-62.57946533161154,-27.88627677671191,14949,39620977,24696.290926222253,14949,39620977,0.0916935343413416,0.0282198540631208,1370.7266448687155,177.63042452114544,1022.5710128072704,1718.8822769301605
06.de 70 a 79 anios,2020,14751.826394222548,24696.290926222253,2892.4412282399644,288.3664856936245,428.5794653316115,197.8862767767119,14949,39620977,104.55877176003568,diabetes,-783.8263942225472,-1017.2909262222531,104.55877176003568,-3.366485693624515,-62.57946533161154,-27.88627677671191,14949,39620977,2892.4412282399644,14949,39620977,0.0211392785437391,0.00540148010522899,316.0110749503558,33.99972239361186,249.37161905887655,382.65053084183506
06.de 70 a 79 anios,2020,14751.826394222548,24696.290926222253,2892.4412282399644,288.3664856936245,428.5794653316115,197.8862767767119,14949,39620977,-3.366485693624515,alzheimer,-783.8263942225472,-1017.2909262222531,104.55877176003568,-3.366485693624515,-62.57946533161154,-27.88627677671191,14949,39620977,288.3664856936245,14949,39620977,-9.300668511433e-4,0.0015030212104567,-13.90356935774119,9.460796469058149,-32.44673043709516,4.639591721612781
06.de 70 a 79 anios,2020,14751.826394222548,24696.290926222253,2892.4412282399644,288.3664856936245,428.5794653316115,197.8862767767119,14949,39620977,-62.57946533161154,metabolic,-783.8263942225472,-1017.2909262222531,104.55877176003568,-3.366485693624515,-62.57946533161154,-27.88627677671191,14949,39620977,428.5794653316115,14949,39620977,0.00121596300450086,0.0011790090478867,18.177430954283356,7.421295560988654,3.631691654745593,32.72317025382112
06.de 70 a 79 anios,2020,14751.826394222548,24696.290926222253,2892.4412282399644,288.3664856936245,428.5794653316115,197.8862767767119,14949,39620977,-27.88627677671191,anemia,-783.8263942225472,-1017.2909262222531,104.55877176003568,-3.366485693624515,-62.57946533161154,-27.88627677671191,14949,39620977,197.8862767767119,14949,39620977,-8.7730621437497e-4,9.6914057381208e-4,-13.114850598691428,6.1002743374169155,-25.07138830002858,-1.1583128973542731
06.de 70 a 79 anios,2021,14962.701858963363,25049.321234962947,2933.7883043199454,292.4886475914987,434.705953775481,200.71503570228208,21546,65074506,1310.2981410366383,resp,1310.2981410366383,1493.6787650370547,93.21169568005448,22.51135240850132,6.294046224518958,-7.715035702282082,21546,65074506,14962.701858963363,21546,65074506,0.0281031172530049,0.0359744067477804,605.5097643332435,290.2011176530855,36.71557373319604,1174.3039549332912
06.de 70 a 79 anios,2021,14962.701858963363,25049.321234962947,2933.7883043199454,292.4886475914987,434.705953775481,200.71503570228208,21546,65074506,1493.6787650370547,circ,1310.2981410366383,1493.6787650370547,93.21169568005448,22.51135240850132,6.294046224518958,-7.715035702282082,21546,65074506,25049.321234962947,21546,65074506,0.0465531459847246,0.0192692289020465,1003.0340833868762,155.44250118960062,698.366781055259,1307.7013857184934
06.de 70 a 79 anios,2021,14962.701858963363,25049.321234962947,2933.7883043199454,292.4886475914987,434.705953775481,200.71503570228208,21546,65074506,93.21169568005448,diabetes,1310.2981410366383,1493.6787650370547,93.21169568005448,22.51135240850132,6.294046224518958,-7.715035702282082,21546,65074506,2933.7883043199454,21546,65074506,0.00962115727479218,0.00305172969862962,207.2974546426723,24.6179283935536,159.04631499130724,255.54859429403737
06.de 70 a 79 anios,2021,14962.701858963363,25049.321234962947,2933.7883043199454,292.4886475914987,434.705953775481,200.71503570228208,21546,65074506,22.51135240850132,alzheimer,1310.2981410366383,1493.6787650370547,93.21169568005448,22.51135240850132,6.294046224518958,-7.715035702282082,21546,65074506,292.4886475914987,21546,65074506,-0.00137048248343713,8.3055483199645e-4,-29.528415588136404,6.699983746984561,-42.660383732226144,-16.396447444046665
06.de 70 a 79 anios,2021,14962.701858963363,25049.321234962947,2933.7883043199454,292.4886475914987,434.705953775481,200.71503570228208,21546,65074506,6.294046224518958,metabolic,1310.2981410366383,1493.6787650370547,93.21169568005448,22.51135240850132,6.294046224518958,-7.715035702282082,21546,65074506,434.705953775481,21546,65074506,-9.1254009039987e-4,0.00112270205204433,-19.661588787755598,9.05669946356459,-37.4127197363422,-1.910457839169002
06.de 70 a 79 anios,2021,14962.701858963363,25049.321234962947,2933.7883043199454,292.4886475914987,434.705953775481,200.71503570228208,21546,65074506,-7.715035702282082,anemia,1310.2981410366383,1493.6787650370547,93.21169568005448,22.51135240850132,6.294046224518958,-7.715035702282082,21546,65074506,200.71503570228208,21546,65074506,0.00163148637647743,8.3201430361871e-4,35.15200546758271,6.711757125179018,21.996961502231837,48.30704943293358
06.de 70 a 79 anios,2022,15173.577323704176,25402.351543703637,2975.135380399927,296.61080948937285,440.8324422193505,203.54379462785226,6290,11952232,3909.4226762958233,resp,3909.4226762958233,2147.6484562963615,16.864619600073212,30.38919051062716,99.16755778064947,-4.54379462785225,6290,11952232,15173.577323704176,6290,11952232,0.154081549729189,0.0201525540299,969.1729477965988,69.67141025850266,832.6169836899336,1105.728911903264
06.de 70 a 79 anios,2022,15173.577323704176,25402.351543703637,2975.135380399927,296.61080948937285,440.8324422193505,203.54379462785226,6290,11952232,2147.6484562963615,circ,3909.4226762958233,2147.6484562963615,16.864619600073212,30.38919051062716,99.16755778064947,-4.54379462785225,6290,11952232,25402.351543703637,6290,11952232,0.268400759167784,0.0467851976555383,1688.2407751653614,161.74578641734178,1371.2190337873715,2005.2625165433512
06.de 70 a 79 anios,2022,15173.577323704176,25402.351543703637,2975.135380399927,296.61080948937285,440.8324422193505,203.54379462785226,6290,11952232,16.864619600073212,diabetes,3909.4226762958233,2147.6484562963615,16.864619600073212,30.38919051062716,99.16755778064947,-4.54379462785225,6290,11952232,2975.135380399927,6290,11952232,0.0511329464799158,0.00439206176594645,321.6262333586704,15.184236038862876,291.86513072249915,351.38733599484164
06.de 70 a 79 anios,2022,15173.577323704176,25402.351543703637,2975.135380399927,296.61080948937285,440.8324422193505,203.54379462785226,6290,11952232,30.38919051062716,alzheimer,3909.4226762958233,2147.6484562963615,16.864619600073212,30.38919051062716,99.16755778064947,-4.54379462785225,6290,11952232,296.61080948937285,6290,11952232,0.00862299480312081,7.9421127865257e-4,54.238637311629894,2.745747250935804,48.85697269979572,59.62030192346407
06.de 70 a 79 anios,2022,15173.577323704176,25402.351543703637,2975.135380399927,296.61080948937285,440.8324422193505,203.54379462785226,6290,11952232,99.16755778064947,metabolic,3909.4226762958233,2147.6484562963615,16.864619600073212,30.38919051062716,99.16755778064947,-4.54379462785225,6290,11952232,440.8324422193505,6290,11952232,0.00792514754863055,0.00136463329924516,49.849178080886155,4.717810273728136,40.60226994437901,59.0960862173933
06.de 70 a 79 anios,2022,15173.577323704176,25402.351543703637,2975.135380399927,296.61080948937285,440.8324422193505,203.54379462785226,6290,11952232,-4.54379462785225,anemia,3909.4226762958233,2147.6484562963615,16.864619600073212,30.38919051062716,99.16755778064947,-4.54379462785225,6290,11952232,203.54379462785226,6290,11952232,-1.2990366030049e-4,0.00107057261315408,-0.8170940232900821,3.701183662969457,-8.071414002710219,6.437225956130054
06.de 70 a 79 anios,2023,15384.45278844499,25755.38185244433,3016.482456479908,300.732971387247,446.95893066322003,206.37255355342242,547,80237,1875.5472115550087,resp,1875.5472115550087,-305.3818524443302,-450.482456479908,1.2670286127529984,3.0410693367799624,-9.372553553422412,547,80237,15384.45278844499,547,80237,0.384852749858008,0.163654068037195,210.51445417233037,46.356874439551056,119.6549802708103,301.37392807385044
06.de 70 a 79 anios,2023,15384.45278844499,25755.38185244433,3016.482456479908,300.732971387247,446.95893066322003,206.37255355342242,547,80237,-305.3818524443302,circ,1875.5472115550087,-305.3818524443302,-450.482456479908,1.2670286127529984,3.0410693367799624,-9.372553553422412,547,80237,25755.38185244433,547,80237,0.546928987561247,0.14304483015401,299.1701561960021,40.519073617951506,219.75277190481717,378.587540487187
06.de 70 a 79 anios,2023,15384.45278844499,25755.38185244433,3016.482456479908,300.732971387247,446.95893066322003,206.37255355342242,547,80237,-450.482456479908,diabetes,1875.5472115550087,-305.3818524443302,-450.482456479908,1.2670286127529984,3.0410693367799624,-9.372553553422412,547,80237,3016.482456479908,547,80237,0.148163801772793,0.055335073968334,81.04559956971778,15.674288496576354,50.323994116428125,111.76720502300743
06.de 70 a 79 anios,2023,15384.45278844499,25755.38185244433,3016.482456479908,300.732971387247,446.95893066322003,206.37255355342242,547,80237,1.2670286127529984,alzheimer,1875.5472115550087,-305.3818524443302,-450.482456479908,1.2670286127529984,3.0410693367799624,-9.372553553422412,547,80237,300.732971387247,547,80237,0.00681542206450358,0.0150148212195159,3.7280358692834583,4.25311872997383,-4.608076841465248,12.064148580032164
06.de 70 a 79 anios,2023,15384.45278844499,25755.38185244433,3016.482456479908,300.732971387247,446.95893066322003,206.37255355342242,547,80237,3.0410693367799624,metabolic,1875.5472115550087,-305.3818524443302,-450.482456479908,1.2670286127529984,3.0410693367799624,-9.372553553422412,547,80237,446.95893066322003,547,80237,0.0389361222926143,0.0177073228890989,21.29805889406002,5.015800423879371,11.467090063256453,31.129027724863587
06.de 70 a 79 anios,2023,15384.45278844499,25755.38185244433,3016.482456479908,300.732971387247,446.95893066322003,206.37255355342242,547,80237,-9.372553553422412,anemia,1875.5472115550087,-305.3818524443302,-450.482456479908,1.2670286127529984,3.0410693367799624,-9.372553553422412,547,80237,206.37255355342242,547,80237,0.0328522264052067,0.00707246066766555,17.970167843648063,2.0033548513754056,14.043592334952269,21.896743352343858
06.de 70 a 79 anios,2024,15595.328253185806,26108.412161185024,3057.8295325598892,304.85513328512116,453.08541910708954,209.20131247899258,201,7927,3808.671746814194,resp,3808.671746814194,480.58783881497675,-287.82953255988934,22.14486671487884,24.914580892910475,16.798687521007416,201,7927,15595.328253185806,201,7927,NA,2.28778022780783,NA,203.68954186438475,NA,NA
06.de 70 a 79 anios,2024,15595.328253185806,26108.412161185024,3057.8295325598892,304.85513328512116,453.08541910708954,209.20131247899258,201,7927,480.58783881497675,circ,3808.671746814194,480.58783881497675,-287.82953255988934,22.14486671487884,24.914580892910475,16.798687521007416,201,7927,26108.412161185024,201,7927,NA,2.38917510527487,NA,212.71710311682494,NA,NA
06.de 70 a 79 anios,2024,15595.328253185806,26108.412161185024,3057.8295325598892,304.85513328512116,453.08541910708954,209.20131247899258,201,7927,-287.82953255988934,diabetes,3808.671746814194,480.58783881497675,-287.82953255988934,22.14486671487884,24.914580892910475,16.798687521007416,201,7927,3057.8295325598892,201,7927,NA,0.269815342551914,NA,24.02265866465816,NA,NA
06.de 70 a 79 anios,2024,15595.328253185806,26108.412161185024,3057.8295325598892,304.85513328512116,453.08541910708954,209.20131247899258,201,7927,22.14486671487884,alzheimer,3808.671746814194,480.58783881497675,-287.82953255988934,22.14486671487884,24.914580892910475,16.798687521007416,201,7927,304.85513328512116,201,7927,NA,0.0670906315995359,NA,5.973327266227941,NA,NA
06.de 70 a 79 anios,2024,15595.328253185806,26108.412161185024,3057.8295325598892,304.85513328512116,453.08541910708954,209.20131247899258,201,7927,24.914580892910475,metabolic,3808.671746814194,480.58783881497675,-287.82953255988934,22.14486671487884,24.914580892910475,16.798687521007416,201,7927,453.08541910708954,201,7927,NA,0.121178244252517,NA,10.788947625173291,NA,NA
06.de 70 a 79 anios,2024,15595.328253185806,26108.412161185024,3057.8295325598892,304.85513328512116,453.08541910708954,209.20131247899258,201,7927,16.798687521007416,anemia,3808.671746814194,480.58783881497675,-287.82953255988934,22.14486671487884,24.914580892910475,16.798687521007416,201,7927,209.20131247899258,201,7927,NA,0.0440898520285073,NA,3.925482723994206,NA,NA
07.de 80 anios y mas,2015,34253.3037569088,48368.89617767563,2799.497597425058,1129.738321801186,1433.1480082261526,568.3901619035352,0,0,-2430.303756908797,resp,-2430.303756908797,-331.89617767563595,3.502402574942039,-36.73832180118586,-75.1480082261526,55.60983809646479,0,0,34253.3037569088,0,0,-2.14360677252663,2.68815805481958,-0,0,-0,0
07.de 80 anios y mas,2015,34253.3037569088,48368.89617767563,2799.497597425058,1129.738321801186,1433.1480082261526,568.3901619035352,0,0,-331.89617767563595,circ,-2430.303756908797,-331.89617767563595,3.502402574942039,-36.73832180118586,-75.1480082261526,55.60983809646479,0,0,48368.89617767563,0,0,2.2408109849046,2.09122014456577,0,0,0,0
07.de 80 anios y mas,2015,34253.3037569088,48368.89617767563,2799.497597425058,1129.738321801186,1433.1480082261526,568.3901619035352,0,0,3.502402574942039,diabetes,-2430.303756908797,-331.89617767563595,3.502402574942039,-36.73832180118586,-75.1480082261526,55.60983809646479,0,0,2799.497597425058,0,0,0.333308368075337,0.0914161972436676,0,0,0,0
07.de 80 anios y mas,2015,34253.3037569088,48368.89617767563,2799.497597425058,1129.738321801186,1433.1480082261526,568.3901619035352,0,0,-36.73832180118586,alzheimer,-2430.303756908797,-331.89617767563595,3.502402574942039,-36.73832180118586,-75.1480082261526,55.60983809646479,0,0,1129.738321801186,0,0,0.0743103155637074,0.168037745215196,0,0,0,0
07.de 80 anios y mas,2015,34253.3037569088,48368.89617767563,2799.497597425058,1129.738321801186,1433.1480082261526,568.3901619035352,0,0,-75.1480082261526,metabolic,-2430.303756908797,-331.89617767563595,3.502402574942039,-36.73832180118586,-75.1480082261526,55.60983809646479,0,0,1433.1480082261526,0,0,0.0729237422862366,0.132757602283172,0,0,0,0
07.de 80 anios y mas,2015,34253.3037569088,48368.89617767563,2799.497597425058,1129.738321801186,1433.1480082261526,568.3901619035352,0,0,55.60983809646479,anemia,-2430.303756908797,-331.89617767563595,3.502402574942039,-36.73832180118586,-75.1480082261526,55.60983809646479,0,0,568.3901619035352,0,0,0.164614097127385,0.0583330526405419,0,0,0,0
07.de 80 anios y mas,2016,34151.1518784544,48224.64808883782,2791.1487987125292,1126.369160900593,1428.8740041130764,566.6950809517676,0,0,1216.8481215455981,resp,1216.8481215455981,2137.351911162178,122.85120128747084,194.63083909940698,85.1259958869236,15.304919048232314,0,0,34151.1518784544,0,0,NA,2.68815805481958,NA,0,NA,NA
07.de 80 anios y mas,2016,34151.1518784544,48224.64808883782,2791.1487987125292,1126.369160900593,1428.8740041130764,566.6950809517676,0,0,2137.351911162178,circ,1216.8481215455981,2137.351911162178,122.85120128747084,194.63083909940698,85.1259958869236,15.304919048232314,0,0,48224.64808883782,0,0,NA,2.09122014456577,NA,0,NA,NA
07.de 80 anios y mas,2016,34151.1518784544,48224.64808883782,2791.1487987125292,1126.369160900593,1428.8740041130764,566.6950809517676,0,0,122.85120128747084,diabetes,1216.8481215455981,2137.351911162178,122.85120128747084,194.63083909940698,85.1259958869236,15.304919048232314,0,0,2791.1487987125292,0,0,NA,0.0914161972436676,NA,0,NA,NA
07.de 80 anios y mas,2016,34151.1518784544,48224.64808883782,2791.1487987125292,1126.369160900593,1428.8740041130764,566.6950809517676,0,0,194.63083909940698,alzheimer,1216.8481215455981,2137.351911162178,122.85120128747084,194.63083909940698,85.1259958869236,15.304919048232314,0,0,1126.369160900593,0,0,NA,0.168037745215196,NA,0,NA,NA
07.de 80 anios y mas,2016,34151.1518784544,48224.64808883782,2791.1487987125292,1126.369160900593,1428.8740041130764,566.6950809517676,0,0,85.1259958869236,metabolic,1216.8481215455981,2137.351911162178,122.85120128747084,194.63083909940698,85.1259958869236,15.304919048232314,0,0,1428.8740041130764,0,0,NA,0.132757602283172,NA,0,NA,NA
07.de 80 anios y mas,2016,34151.1518784544,48224.64808883782,2791.1487987125292,1126.369160900593,1428.8740041130764,566.6950809517676,0,0,15.304919048232314,anemia,1216.8481215455981,2137.351911162178,122.85120128747084,194.63083909940698,85.1259958869236,15.304919048232314,0,0,566.6950809517676,0,0,NA,0.0583330526405419,NA,0,NA,NA
07.de 80 anios y mas,2017,34049.00000000001,48080.40000000001,2782.8000000000006,1123.0000000000002,1424.6000000000001,565.0000000000001,0,0,2423.999999999994,resp,2423.999999999994,180.5999999999908,-0.8000000000004377,-1.000000000000142,51.39999999999982,-26.0000000000001,0,0,34049.00000000001,0,0,NA,2.68815805481958,NA,0,NA,NA
07.de 80 anios y mas,2017,34049.00000000001,48080.40000000001,2782.8000000000006,1123.0000000000002,1424.6000000000001,565.0000000000001,0,0,180.5999999999908,circ,2423.999999999994,180.5999999999908,-0.8000000000004377,-1.000000000000142,51.39999999999982,-26.0000000000001,0,0,48080.40000000001,0,0,NA,2.09122014456577,NA,0,NA,NA
07.de 80 anios y mas,2017,34049.00000000001,48080.40000000001,2782.8000000000006,1123.0000000000002,1424.6000000000001,565.0000000000001,0,0,-0.8000000000004377,diabetes,2423.999999999994,180.5999999999908,-0.8000000000004377,-1.000000000000142,51.39999999999982,-26.0000000000001,0,0,2782.8000000000006,0,0,NA,0.0914161972436676,NA,0,NA,NA
07.de 80 anios y mas,2017,34049.00000000001,48080.40000000001,2782.8000000000006,1123.0000000000002,1424.6000000000001,565.0000000000001,0,0,-1.000000000000142,alzheimer,2423.999999999994,180.5999999999908,-0.8000000000004377,-1.000000000000142,51.39999999999982,-26.0000000000001,0,0,1123.0000000000002,0,0,NA,0.168037745215196,NA,0,NA,NA
07.de 80 anios y mas,2017,34049.00000000001,48080.40000000001,2782.8000000000006,1123.0000000000002,1424.6000000000001,565.0000000000001,0,0,51.39999999999982,metabolic,2423.999999999994,180.5999999999908,-0.8000000000004377,-1.000000000000142,51.39999999999982,-26.0000000000001,0,0,1424.6000000000001,0,0,NA,0.132757602283172,NA,0,NA,NA
07.de 80 anios y mas,2017,34049.00000000001,48080.40000000001,2782.8000000000006,1123.0000000000002,1424.6000000000001,565.0000000000001,0,0,-26.0000000000001,anemia,2423.999999999994,180.5999999999908,-0.8000000000004377,-1.000000000000142,51.39999999999982,-26.0000000000001,0,0,565.0000000000001,0,0,NA,0.0583330526405419,NA,0,NA,NA
07.de 80 anios y mas,2018,33946.84812154562,47936.15191116221,2774.4512012874725,1119.6308390994077,1420.3259958869244,563.3049190482327,0,0,-675.8481215456204,resp,-675.8481215456204,-1320.1519111622101,-128.45120128747257,-118.63083909940764,-49.325995886924446,-41.304919048232755,0,0,33946.84812154562,0,0,NA,2.68815805481958,NA,0,NA,NA
07.de 80 anios y mas,2018,33946.84812154562,47936.15191116221,2774.4512012874725,1119.6308390994077,1420.3259958869244,563.3049190482327,0,0,-1320.1519111622101,circ,-675.8481215456204,-1320.1519111622101,-128.45120128747257,-118.63083909940764,-49.325995886924446,-41.304919048232755,0,0,47936.15191116221,0,0,NA,2.09122014456577,NA,0,NA,NA
07.de 80 anios y mas,2018,33946.84812154562,47936.15191116221,2774.4512012874725,1119.6308390994077,1420.3259958869244,563.3049190482327,0,0,-128.45120128747257,diabetes,-675.8481215456204,-1320.1519111622101,-128.45120128747257,-118.63083909940764,-49.325995886924446,-41.304919048232755,0,0,2774.4512012874725,0,0,NA,0.0914161972436676,NA,0,NA,NA
07.de 80 anios y mas,2018,33946.84812154562,47936.15191116221,2774.4512012874725,1119.6308390994077,1420.3259958869244,563.3049190482327,0,0,-118.63083909940764,alzheimer,-675.8481215456204,-1320.1519111622101,-128.45120128747257,-118.63083909940764,-49.325995886924446,-41.304919048232755,0,0,1119.6308390994077,0,0,NA,0.168037745215196,NA,0,NA,NA
07.de 80 anios y mas,2018,33946.84812154562,47936.15191116221,2774.4512012874725,1119.6308390994077,1420.3259958869244,563.3049190482327,0,0,-49.325995886924446,metabolic,-675.8481215456204,-1320.1519111622101,-128.45120128747257,-118.63083909940764,-49.325995886924446,-41.304919048232755,0,0,1420.3259958869244,0,0,NA,0.132757602283172,NA,0,NA,NA
07.de 80 anios y mas,2018,33946.84812154562,47936.15191116221,2774.4512012874725,1119.6308390994077,1420.3259958869244,563.3049190482327,0,0,-41.304919048232755,anemia,-675.8481215456204,-1320.1519111622101,-128.45120128747257,-118.63083909940764,-49.325995886924446,-41.304919048232755,0,0,563.3049190482327,0,0,NA,0.0583330526405419,NA,0,NA,NA
07.de 80 anios y mas,2019,33844.696243091224,47791.9038223244,2766.102402574944,1116.261678198815,1416.0519917738484,561.6098380964652,0,0,-534.6962430912281,resp,-534.6962430912281,-665.903822324402,2.8975974250559773,-38.26167819881489,-12.051991773848329,-3.609838096465225,0,0,33844.696243091224,0,0,NA,2.68815805481958,NA,0,NA,NA
07.de 80 anios y mas,2019,33844.696243091224,47791.9038223244,2766.102402574944,1116.261678198815,1416.0519917738484,561.6098380964652,0,0,-665.903822324402,circ,-534.6962430912281,-665.903822324402,2.8975974250559773,-38.26167819881489,-12.051991773848329,-3.609838096465225,0,0,47791.9038223244,0,0,NA,2.09122014456577,NA,0,NA,NA
07.de 80 anios y mas,2019,33844.696243091224,47791.9038223244,2766.102402574944,1116.261678198815,1416.0519917738484,561.6098380964652,0,0,2.8975974250559773,diabetes,-534.6962430912281,-665.903822324402,2.8975974250559773,-38.26167819881489,-12.051991773848329,-3.609838096465225,0,0,2766.102402574944,0,0,NA,0.0914161972436676,NA,0,NA,NA
07.de 80 anios y mas,2019,33844.696243091224,47791.9038223244,2766.102402574944,1116.261678198815,1416.0519917738484,561.6098380964652,0,0,-38.26167819881489,alzheimer,-534.6962430912281,-665.903822324402,2.8975974250559773,-38.26167819881489,-12.051991773848329,-3.609838096465225,0,0,1116.261678198815,0,0,NA,0.168037745215196,NA,0,NA,NA
07.de 80 anios y mas,2019,33844.696243091224,47791.9038223244,2766.102402574944,1116.261678198815,1416.0519917738484,561.6098380964652,0,0,-12.051991773848329,metabolic,-534.6962430912281,-665.903822324402,2.8975974250559773,-38.26167819881489,-12.051991773848329,-3.609838096465225,0,0,1416.0519917738484,0,0,NA,0.132757602283172,NA,0,NA,NA
07.de 80 anios y mas,2019,33844.696243091224,47791.9038223244,2766.102402574944,1116.261678198815,1416.0519917738484,561.6098380964652,0,0,-3.609838096465225,anemia,-534.6962430912281,-665.903822324402,2.8975974250559773,-38.26167819881489,-12.051991773848329,-3.609838096465225,0,0,561.6098380964652,0,0,NA,0.0583330526405419,NA,0,NA,NA
07.de 80 anios y mas,2020,33742.544364636844,47647.65573348661,2757.753603862416,1112.8925172982224,1411.7779876607726,559.9147571446979,18661,58274531,-6198.544364636846,resp,-6198.544364636846,570.3442665133944,239.24639613758364,63.10748270177754,-305.7779876607727,-101.91475714469792,18661,58274531,33742.544364636844,18661,58274531,-0.0257768547059705,0.0716982306609663,-481.0218856681155,547.3282088961998,-1553.7851751046674,591.7414037684363
07.de 80 anios y mas,2020,33742.544364636844,47647.65573348661,2757.753603862416,1112.8925172982224,1411.7779876607726,559.9147571446979,18661,58274531,570.3442665133944,circ,-6198.544364636846,570.3442665133944,239.24639613758364,63.10748270177754,-305.7779876607727,-101.91475714469792,18661,58274531,47647.65573348661,18661,58274531,0.158118072073722,0.0370199951853188,2950.6413429677264,282.6023385979802,2396.740759315685,3504.5419266197678
07.de 80 anios y mas,2020,33742.544364636844,47647.65573348661,2757.753603862416,1112.8925172982224,1411.7779876607726,559.9147571446979,18661,58274531,239.24639613758364,diabetes,-6198.544364636846,570.3442665133944,239.24639613758364,63.10748270177754,-305.7779876607727,-101.91475714469792,18661,58274531,2757.753603862416,18661,58274531,0.0166183788573098,0.00322880687245368,310.11556785625817,24.64798735031987,261.8055126496312,358.4256230628851
07.de 80 anios y mas,2020,33742.544364636844,47647.65573348661,2757.753603862416,1112.8925172982224,1411.7779876607726,559.9147571446979,18661,58274531,63.10748270177754,alzheimer,-6198.544364636846,570.3442665133944,239.24639613758364,63.10748270177754,-305.7779876607727,-101.91475714469792,18661,58274531,1112.8925172982224,18661,58274531,0.00451314018970216,0.001543894757095,84.219709080032,11.785746235786558,61.119646457890354,107.31977170217365
07.de 80 anios y mas,2020,33742.544364636844,47647.65573348661,2757.753603862416,1112.8925172982224,1411.7779876607726,559.9147571446979,18661,58274531,-305.7779876607727,metabolic,-6198.544364636846,570.3442665133944,239.24639613758364,63.10748270177754,-305.7779876607727,-101.91475714469792,18661,58274531,1411.7779876607726,18661,58274531,-5.5592571320897e-4,0.00205660124785218,-10.37412973419259,15.699632571455325,-41.14540957424502,20.397150105859847
07.de 80 anios y mas,2020,33742.544364636844,47647.65573348661,2757.753603862416,1112.8925172982224,1411.7779876607726,559.9147571446979,18661,58274531,-101.91475714469792,anemia,-6198.544364636846,570.3442665133944,239.24639613758364,63.10748270177754,-305.7779876607727,-101.91475714469792,18661,58274531,559.9147571446979,18661,58274531,0.00113026060926552,0.00152237514531202,21.09179322950387,11.621470346901447,-1.6862886504229628,43.86987510943071
07.de 80 anios y mas,2021,33640.39248618265,47503.40764464908,2749.4048051499044,1109.5233563976362,1407.503983547705,558.2196761929338,21731,63482871,-3794.392486182656,resp,-3794.392486182656,4966.59235535092,123.59519485009568,24.47664360236365,-175.50398354770505,-49.21967619293375,21731,63482871,33640.39248618265,21731,63482871,-0.141778199255889,0.0848557643031192,-3080.982048029724,676.0979657749505,-4406.134060948627,-1755.830035110821
07.de 80 anios y mas,2021,33640.39248618265,47503.40764464908,2749.4048051499044,1109.5233563976362,1407.503983547705,558.2196761929338,21731,63482871,4966.59235535092,circ,-3794.392486182656,4966.59235535092,123.59519485009568,24.47664360236365,-175.50398354770505,-49.21967619293375,21731,63482871,47503.40764464908,21731,63482871,0.0416327365419598,0.0539149341867453,904.7209977933284,429.5733781660005,62.757176587967365,1746.6848189986895
07.de 80 anios y mas,2021,33640.39248618265,47503.40764464908,2749.4048051499044,1109.5233563976362,1407.503983547705,558.2196761929338,21731,63482871,123.59519485009568,diabetes,-3794.392486182656,4966.59235535092,123.59519485009568,24.47664360236365,-175.50398354770505,-49.21967619293375,21731,63482871,2749.4048051499044,21731,63482871,0.00557334565772954,0.00364501482208495,121.11437448812063,29.04207070279832,64.19191591063593,178.03683306560532
07.de 80 anios y mas,2021,33640.39248618265,47503.40764464908,2749.4048051499044,1109.5233563976362,1407.503983547705,558.2196761929338,21731,63482871,24.47664360236365,alzheimer,-3794.392486182656,4966.59235535092,123.59519485009568,24.47664360236365,-175.50398354770505,-49.21967619293375,21731,63482871,1109.5233563976362,21731,63482871,0.00502822687874074,0.00266012787672033,109.26839830191503,21.19487180301954,67.72644956799672,150.81034703583333
07.de 80 anios y mas,2021,33640.39248618265,47503.40764464908,2749.4048051499044,1109.5233563976362,1407.503983547705,558.2196761929338,21731,63482871,-175.50398354770505,metabolic,-3794.392486182656,4966.59235535092,123.59519485009568,24.47664360236365,-175.50398354770505,-49.21967619293375,21731,63482871,1407.503983547705,21731,63482871,-0.00275722573147359,0.00246490178284433,-59.91727237065258,19.639385666989284,-98.41046827795158,-21.424076463353586
07.de 80 anios y mas,2021,33640.39248618265,47503.40764464908,2749.4048051499044,1109.5233563976362,1407.503983547705,558.2196761929338,21731,63482871,-49.21967619293375,anemia,-3794.392486182656,4966.59235535092,123.59519485009568,24.47664360236365,-175.50398354770505,-49.21967619293375,21731,63482871,558.2196761929338,21731,63482871,-9.2688428054843e-4,0.0010529132195623,-20.142122300597933,8.389205986533753,-36.584966034204086,-3.699278566991776
07.de 80 anios y mas,2022,33538.2406077283,47359.159555811326,2741.0560064373785,1106.1541954970448,1403.2299794346304,556.5245952411668,11455,36893399,6085.759392271701,resp,6085.759392271701,7123.840444188677,170.94399356262127,176.8458045029552,140.77002056536952,-13.52459524116685,11455,36893399,33538.2406077283,11455,36893399,0.191381753037098,0.0298673475616506,2192.2779810399575,181.4140797754254,1836.7063846801236,2547.849577399791
07.de 80 anios y mas,2022,33538.2406077283,47359.159555811326,2741.0560064373785,1106.1541954970448,1403.2299794346304,556.5245952411668,11455,36893399,7123.840444188677,circ,6085.759392271701,7123.840444188677,170.94399356262127,176.8458045029552,140.77002056536952,-13.52459524116685,11455,36893399,47359.159555811326,11455,36893399,0.410983051821644,0.0553789106059966,4707.810858616932,336.3711520018621,4048.5234006932824,5367.098316540581
07.de 80 anios y mas,2022,33538.2406077283,47359.159555811326,2741.0560064373785,1106.1541954970448,1403.2299794346304,556.5245952411668,11455,36893399,170.94399356262127,diabetes,6085.759392271701,7123.840444188677,170.94399356262127,176.8458045029552,140.77002056536952,-13.52459524116685,11455,36893399,2741.0560064373785,11455,36893399,0.0334419460569816,0.00200742388132841,383.07749208272423,12.193079931142046,359.17905541768584,406.9759287477626
07.de 80 anios y mas,2022,33538.2406077283,47359.159555811326,2741.0560064373785,1106.1541954970448,1403.2299794346304,556.5245952411668,11455,36893399,176.8458045029552,alzheimer,6085.759392271701,7123.840444188677,170.94399356262127,176.8458045029552,140.77002056536952,-13.52459524116685,11455,36893399,1106.1541954970448,11455,36893399,0.0142087357721921,0.00316345560175919,162.7610682704605,19.214809273537046,125.10004209432789,200.42209444659312
07.de 80 anios y mas,2022,33538.2406077283,47359.159555811326,2741.0560064373785,1106.1541954970448,1403.2299794346304,556.5245952411668,11455,36893399,140.77002056536952,metabolic,6085.759392271701,7123.840444188677,170.94399356262127,176.8458045029552,140.77002056536952,-13.52459524116685,11455,36893399,1403.2299794346304,11455,36893399,0.0120727220545798,0.00502187841766167,138.2930311352116,30.502857677724535,78.50743008687152,198.0786321835517
07.de 80 anios y mas,2022,33538.2406077283,47359.159555811326,2741.0560064373785,1106.1541954970448,1403.2299794346304,556.5245952411668,11455,36893399,-13.52459524116685,anemia,6085.759392271701,7123.840444188677,170.94399356262127,176.8458045029552,140.77002056536952,-13.52459524116685,11455,36893399,556.5245952411668,11455,36893399,0.00424491259192034,0.00206708330711297,48.6254737404475,12.555450905206477,24.0167899662428,73.2341575146522
07.de 80 anios y mas,2023,33436.088729273906,47214.91146697351,2732.7072077248504,1102.785034596452,1398.9559753215544,554.8295142893993,1024,318800,2323.9112707260933,resp,2323.9112707260933,-186.9114669735136,-292.70720772485026,-84.78503459645206,-152.95597532155438,-0.8295142893993344,1024,318800,33436.088729273906,1024,318800,0.777870917852565,0.242744295631969,796.5398198810266,137.05919899124325,527.9037898581898,1065.1758499038633
07.de 80 anios y mas,2023,33436.088729273906,47214.91146697351,2732.7072077248504,1102.785034596452,1398.9559753215544,554.8295142893993,1024,318800,-186.9114669735136,circ,2323.9112707260933,-186.9114669735136,-292.70720772485026,-84.78503459645206,-152.95597532155438,-0.8295142893993344,1024,318800,47214.91146697351,1024,318800,0.527949070896653,0.143359555934583,540.6198485981727,80.94421272796563,381.96919165136,699.2705055449853
07.de 80 anios y mas,2023,33436.088729273906,47214.91146697351,2732.7072077248504,1102.785034596452,1398.9559753215544,554.8295142893993,1024,318800,-292.70720772485026,diabetes,2323.9112707260933,-186.9114669735136,-292.70720772485026,-84.78503459645206,-152.95597532155438,-0.8295142893993344,1024,318800,2732.7072077248504,1024,318800,0.0292596774649891,0.0159395215581824,29.96190972414884,8.999832730901124,12.322237571582637,47.601581876715045
07.de 80 anios y mas,2023,33436.088729273906,47214.91146697351,2732.7072077248504,1102.785034596452,1398.9559753215544,554.8295142893993,1024,318800,-84.78503459645206,alzheimer,2323.9112707260933,-186.9114669735136,-292.70720772485026,-84.78503459645206,-152.95597532155438,-0.8295142893993344,1024,318800,1102.785034596452,1024,318800,0.0433189462404176,0.0136888033891326,44.35860095018762,7.729023756371398,29.209714387699684,59.50748751267556
07.de 80 anios y mas,2023,33436.088729273906,47214.91146697351,2732.7072077248504,1102.785034596452,1398.9559753215544,554.8295142893993,1024,318800,-152.95597532155438,metabolic,2323.9112707260933,-186.9114669735136,-292.70720772485026,-84.78503459645206,-152.95597532155438,-0.8295142893993344,1024,318800,1398.9559753215544,1024,318800,0.0763298495766692,0.0145464744293761,78.16176596650926,8.213285211281068,62.06372695239837,94.25980498062016
07.de 80 anios y mas,2023,33436.088729273906,47214.91146697351,2732.7072077248504,1102.785034596452,1398.9559753215544,554.8295142893993,1024,318800,-0.8295142893993344,anemia,2323.9112707260933,-186.9114669735136,-292.70720772485026,-84.78503459645206,-152.95597532155438,-0.8295142893993344,1024,318800,554.8295142893993,1024,318800,0.0158090531087231,0.00848860242712511,16.188470383332454,4.792866692038829,6.79445166693635,25.58248909972856
07.de 80 anios y mas,2024,33333.93685081952,47070.66337813571,2724.3584090123218,1099.4158736958593,1394.6819712084784,553.1344333376319,389,31287,8214.063149180482,resp,8214.063149180482,3249.336621864292,-147.3584090123219,-1.4158736958593892,8.318028791521598,39.8655666623681,389,31287,33333.93685081952,389,31287,NA,2.68815805481958,NA,475.4849347332473,NA,NA
07.de 80 anios y mas,2024,33333.93685081952,47070.66337813571,2724.3584090123218,1099.4158736958593,1394.6819712084784,553.1344333376319,389,31287,3249.336621864292,circ,8214.063149180482,3249.336621864292,-147.3584090123219,-1.4158736958593892,8.318028791521598,39.8655666623681,389,31287,47070.66337813571,389,31287,NA,2.09122014456577,NA,369.89777151271113,NA,NA
07.de 80 anios y mas,2024,33333.93685081952,47070.66337813571,2724.3584090123218,1099.4158736958593,1394.6819712084784,553.1344333376319,389,31287,-147.3584090123219,diabetes,8214.063149180482,3249.336621864292,-147.3584090123219,-1.4158736958593892,8.318028791521598,39.8655666623681,389,31287,2724.3584090123218,389,31287,NA,0.0914161972436676,NA,16.169817285123997,NA,NA
07.de 80 anios y mas,2024,33333.93685081952,47070.66337813571,2724.3584090123218,1099.4158736958593,1394.6819712084784,553.1344333376319,389,31287,-1.4158736958593892,alzheimer,8214.063149180482,3249.336621864292,-147.3584090123219,-1.4158736958593892,8.318028791521598,39.8655666623681,389,31287,1099.4158736958593,389,31287,NA,0.168037745215196,NA,29.722737535138005,NA,NA
07.de 80 anios y mas,2024,33333.93685081952,47070.66337813571,2724.3584090123218,1099.4158736958593,1394.6819712084784,553.1344333376319,389,31287,8.318028791521598,metabolic,8214.063149180482,3249.336621864292,-147.3584090123219,-1.4158736958593892,8.318028791521598,39.8655666623681,389,31287,1394.6819712084784,389,31287,NA,0.132757602283172,NA,23.482339419656302,NA,NA
07.de 80 anios y mas,2024,33333.93685081952,47070.66337813571,2724.3584090123218,1099.4158736958593,1394.6819712084784,553.1344333376319,389,31287,39.8655666623681,anemia,8214.063149180482,3249.336621864292,-147.3584090123219,-1.4158736958593892,8.318028791521598,39.8655666623681,389,31287,553.1344333376319,389,31287,NA,0.0583330526405419,NA,10.318027125618817,NA,NA
08.sin especificar,2015,359.05522439985555,485.92986199697765,34.25615215122296,4.229154586570737,11.418717383740988,4.440612315899273,0,0,-66.05522439985553,resp,-66.05522439985553,-79.92986199697765,0.7438478487770372,-1.229154586570737,-1.4187173837409879,-1.4406123158992732,0,0,359.05522439985555,0,0,2.818444231995,2.09305245868496,0,0,0,0
08.sin especificar,2015,359.05522439985555,485.92986199697765,34.25615215122296,4.229154586570737,11.418717383740988,4.440612315899273,0,0,-79.92986199697765,circ,-66.05522439985553,-79.92986199697765,0.7438478487770372,-1.229154586570737,-1.4187173837409879,-1.4406123158992732,0,0,485.92986199697765,0,0,-2.27779963848617,3.81836953985361,-0,0,-0,0
08.sin especificar,2015,359.05522439985555,485.92986199697765,34.25615215122296,4.229154586570737,11.418717383740988,4.440612315899273,0,0,0.7438478487770372,diabetes,-66.05522439985553,-79.92986199697765,0.7438478487770372,-1.229154586570737,-1.4187173837409879,-1.4406123158992732,0,0,34.25615215122296,0,0,0.0645656416644812,0.558368199472475,0,0,0,0
08.sin especificar,2015,359.05522439985555,485.92986199697765,34.25615215122296,4.229154586570737,11.418717383740988,4.440612315899273,0,0,-1.229154586570737,alzheimer,-66.05522439985553,-79.92986199697765,0.7438478487770372,-1.229154586570737,-1.4187173837409879,-1.4406123158992732,0,0,4.229154586570737,0,0,-0.049818514566413,0.115484827895745,-0,0,-0,0
08.sin especificar,2015,359.05522439985555,485.92986199697765,34.25615215122296,4.229154586570737,11.418717383740988,4.440612315899273,0,0,-1.4187173837409879,metabolic,-66.05522439985553,-79.92986199697765,0.7438478487770372,-1.229154586570737,-1.4187173837409879,-1.4406123158992732,0,0,11.418717383740988,0,0,0.084741951156287,0.246188471717645,0,0,0,0
08.sin especificar,2015,359.05522439985555,485.92986199697765,34.25615215122296,4.229154586570737,11.418717383740988,4.440612315899273,0,0,-1.4406123158992732,anemia,-66.05522439985553,-79.92986199697765,0.7438478487770372,-1.229154586570737,-1.4187173837409879,-1.4406123158992732,0,0,4.440612315899273,0,0,-0.339290486374571,0.229189657964478,-0,0,-0,0
08.sin especificar,2016,349.32761219992904,472.76493099849057,33.3280760756116,4.114577293285383,11.109358691870534,4.320306157949652,0,0,-2.327612199929053,resp,-2.327612199929053,28.235069001509423,7.671923924388398,1.8854227067146163,-1.1093586918705343,-2.3203061579496524,0,0,349.32761219992904,0,0,NA,2.09305245868496,NA,0,NA,NA
08.sin especificar,2016,349.32761219992904,472.76493099849057,33.3280760756116,4.114577293285383,11.109358691870534,4.320306157949652,0,0,28.235069001509423,circ,-2.327612199929053,28.235069001509423,7.671923924388398,1.8854227067146163,-1.1093586918705343,-2.3203061579496524,0,0,472.76493099849057,0,0,NA,3.81836953985361,NA,0,NA,NA
08.sin especificar,2016,349.32761219992904,472.76493099849057,33.3280760756116,4.114577293285383,11.109358691870534,4.320306157949652,0,0,7.671923924388398,diabetes,-2.327612199929053,28.235069001509423,7.671923924388398,1.8854227067146163,-1.1093586918705343,-2.3203061579496524,0,0,33.3280760756116,0,0,NA,0.558368199472475,NA,0,NA,NA
08.sin especificar,2016,349.32761219992904,472.76493099849057,33.3280760756116,4.114577293285383,11.109358691870534,4.320306157949652,0,0,1.8854227067146163,alzheimer,-2.327612199929053,28.235069001509423,7.671923924388398,1.8854227067146163,-1.1093586918705343,-2.3203061579496524,0,0,4.114577293285383,0,0,NA,0.115484827895745,NA,0,NA,NA
08.sin especificar,2016,349.32761219992904,472.76493099849057,33.3280760756116,4.114577293285383,11.109358691870534,4.320306157949652,0,0,-1.1093586918705343,metabolic,-2.327612199929053,28.235069001509423,7.671923924388398,1.8854227067146163,-1.1093586918705343,-2.3203061579496524,0,0,11.109358691870534,0,0,NA,0.246188471717645,NA,0,NA,NA
08.sin especificar,2016,349.32761219992904,472.76493099849057,33.3280760756116,4.114577293285383,11.109358691870534,4.320306157949652,0,0,-2.3203061579496524,anemia,-2.327612199929053,28.235069001509423,7.671923924388398,1.8854227067146163,-1.1093586918705343,-2.3203061579496524,0,0,4.320306157949652,0,0,NA,0.229189657964478,NA,0,NA,NA
08.sin especificar,2017,339.59999999999786,459.5999999999971,32.39999999999979,3.9999999999999747,10.79999999999993,4.199999999999973,0,0,92.40000000000215,resp,92.40000000000215,63.40000000000289,9.600000000000211,5.000000000000025,1.20000000000007,3.800000000000027,0,0,339.59999999999786,0,0,NA,2.09305245868496,NA,0,NA,NA
08.sin especificar,2017,339.59999999999786,459.5999999999971,32.39999999999979,3.9999999999999747,10.79999999999993,4.199999999999973,0,0,63.40000000000289,circ,92.40000000000215,63.40000000000289,9.600000000000211,5.000000000000025,1.20000000000007,3.800000000000027,0,0,459.5999999999971,0,0,NA,3.81836953985361,NA,0,NA,NA
08.sin especificar,2017,339.59999999999786,459.5999999999971,32.39999999999979,3.9999999999999747,10.79999999999993,4.199999999999973,0,0,9.600000000000211,diabetes,92.40000000000215,63.40000000000289,9.600000000000211,5.000000000000025,1.20000000000007,3.800000000000027,0,0,32.39999999999979,0,0,NA,0.558368199472475,NA,0,NA,NA
08.sin especificar,2017,339.59999999999786,459.5999999999971,32.39999999999979,3.9999999999999747,10.79999999999993,4.199999999999973,0,0,5.000000000000025,alzheimer,92.40000000000215,63.40000000000289,9.600000000000211,5.000000000000025,1.20000000000007,3.800000000000027,0,0,3.9999999999999747,0,0,NA,0.115484827895745,NA,0,NA,NA
08.sin especificar,2017,339.59999999999786,459.5999999999971,32.39999999999979,3.9999999999999747,10.79999999999993,4.199999999999973,0,0,1.20000000000007,metabolic,92.40000000000215,63.40000000000289,9.600000000000211,5.000000000000025,1.20000000000007,3.800000000000027,0,0,10.79999999999993,0,0,NA,0.246188471717645,NA,0,NA,NA
08.sin especificar,2017,339.59999999999786,459.5999999999971,32.39999999999979,3.9999999999999747,10.79999999999993,4.199999999999973,0,0,3.800000000000027,anemia,92.40000000000215,63.40000000000289,9.600000000000211,5.000000000000025,1.20000000000007,3.800000000000027,0,0,4.199999999999973,0,0,NA,0.229189657964478,NA,0,NA,NA
08.sin especificar,2018,329.87238780007135,446.43506900151004,31.47192392438843,3.8854227067146216,10.490641308129478,4.079693842050353,0,0,22.127612199928635,resp,22.127612199928635,17.56493099848996,-11.471923924388431,-3.8854227067146216,-0.49064130812947726,-0.07969384205035249,0,0,329.87238780007135,0,0,NA,2.09305245868496,NA,0,NA,NA
08.sin especificar,2018,329.87238780007135,446.43506900151004,31.47192392438843,3.8854227067146216,10.490641308129478,4.079693842050353,0,0,17.56493099848996,circ,22.127612199928635,17.56493099848996,-11.471923924388431,-3.8854227067146216,-0.49064130812947726,-0.07969384205035249,0,0,446.43506900151004,0,0,NA,3.81836953985361,NA,0,NA,NA
08.sin especificar,2018,329.87238780007135,446.43506900151004,31.47192392438843,3.8854227067146216,10.490641308129478,4.079693842050353,0,0,-11.471923924388431,diabetes,22.127612199928635,17.56493099848996,-11.471923924388431,-3.8854227067146216,-0.49064130812947726,-0.07969384205035249,0,0,31.47192392438843,0,0,NA,0.558368199472475,NA,0,NA,NA
08.sin especificar,2018,329.87238780007135,446.43506900151004,31.47192392438843,3.8854227067146216,10.490641308129478,4.079693842050353,0,0,-3.8854227067146216,alzheimer,22.127612199928635,17.56493099848996,-11.471923924388431,-3.8854227067146216,-0.49064130812947726,-0.07969384205035249,0,0,3.8854227067146216,0,0,NA,0.115484827895745,NA,0,NA,NA
08.sin especificar,2018,329.87238780007135,446.43506900151004,31.47192392438843,3.8854227067146216,10.490641308129478,4.079693842050353,0,0,-0.49064130812947726,metabolic,22.127612199928635,17.56493099848996,-11.471923924388431,-3.8854227067146216,-0.49064130812947726,-0.07969384205035249,0,0,10.490641308129478,0,0,NA,0.246188471717645,NA,0,NA,NA
08.sin especificar,2018,329.87238780007135,446.43506900151004,31.47192392438843,3.8854227067146216,10.490641308129478,4.079693842050353,0,0,-0.07969384205035249,anemia,22.127612199928635,17.56493099848996,-11.471923924388431,-3.8854227067146216,-0.49064130812947726,-0.07969384205035249,0,0,4.079693842050353,0,0,NA,0.229189657964478,NA,0,NA,NA
08.sin especificar,2019,320.14477560014063,433.2701380030172,30.543847848776664,3.7708454134292184,10.181282616258889,3.959387684100679,0,0,-46.14477560014065,resp,-46.14477560014065,-29.270138003017212,-6.543847848776666,-1.7708454134292186,1.8187173837411108,0.04061231589932077,0,0,320.14477560014063,0,0,NA,2.09305245868496,NA,0,NA,NA
08.sin especificar,2019,320.14477560014063,433.2701380030172,30.543847848776664,3.7708454134292184,10.181282616258889,3.959387684100679,0,0,-29.270138003017212,circ,-46.14477560014065,-29.270138003017212,-6.543847848776666,-1.7708454134292186,1.8187173837411108,0.04061231589932077,0,0,433.2701380030172,0,0,NA,3.81836953985361,NA,0,NA,NA
08.sin especificar,2019,320.14477560014063,433.2701380030172,30.543847848776664,3.7708454134292184,10.181282616258889,3.959387684100679,0,0,-6.543847848776666,diabetes,-46.14477560014065,-29.270138003017212,-6.543847848776666,-1.7708454134292186,1.8187173837411108,0.04061231589932077,0,0,30.543847848776664,0,0,NA,0.558368199472475,NA,0,NA,NA
08.sin especificar,2019,320.14477560014063,433.2701380030172,30.543847848776664,3.7708454134292184,10.181282616258889,3.959387684100679,0,0,-1.7708454134292186,alzheimer,-46.14477560014065,-29.270138003017212,-6.543847848776666,-1.7708454134292186,1.8187173837411108,0.04061231589932077,0,0,3.7708454134292184,0,0,NA,0.115484827895745,NA,0,NA,NA
08.sin especificar,2019,320.14477560014063,433.2701380030172,30.543847848776664,3.7708454134292184,10.181282616258889,3.959387684100679,0,0,1.8187173837411108,metabolic,-46.14477560014065,-29.270138003017212,-6.543847848776666,-1.7708454134292186,1.8187173837411108,0.04061231589932077,0,0,10.181282616258889,0,0,NA,0.246188471717645,NA,0,NA,NA
08.sin especificar,2019,320.14477560014063,433.2701380030172,30.543847848776664,3.7708454134292184,10.181282616258889,3.959387684100679,0,0,0.04061231589932077,anemia,-46.14477560014065,-29.270138003017212,-6.543847848776666,-1.7708454134292186,1.8187173837411108,0.04061231589932077,0,0,3.959387684100679,0,0,NA,0.229189657964478,NA,0,NA,NA
08.sin especificar,2020,310.41716340021065,420.10520700452537,29.615771773164973,3.656268120143824,9.871923924388325,3.839081526151015,432,35230,118.58283659978935,resp,118.58283659978935,220.8947929954746,8.38422822683503,1.3437318798561757,2.128076075611676,1.160918473848985,432,35230,310.41716340021065,432,35230,0.284940848346193,0.0765431107761332,123.09444648555537,14.366878862534305,94.93536391498813,151.2535290561226
08.sin especificar,2020,310.41716340021065,420.10520700452537,29.615771773164973,3.656268120143824,9.871923924388325,3.839081526151015,432,35230,220.8947929954746,circ,118.58283659978935,220.8947929954746,8.38422822683503,1.3437318798561757,2.128076075611676,1.160918473848985,432,35230,420.10520700452537,432,35230,0.302113779622603,0.141574642926162,130.5131527969645,26.57307397494659,78.4299278060692,182.5963777878598
08.sin especificar,2020,310.41716340021065,420.10520700452537,29.615771773164973,3.656268120143824,9.871923924388325,3.839081526151015,432,35230,8.38422822683503,diabetes,118.58283659978935,220.8947929954746,8.38422822683503,1.3437318798561757,2.128076075611676,1.160918473848985,432,35230,29.615771773164973,432,35230,0.00157023413565388,0.00982347182066129,0.6783411466024761,1.8438319036932378,-2.93556938463627,4.2922516778412225
08.sin especificar,2020,310.41716340021065,420.10520700452537,29.615771773164973,3.656268120143824,9.871923924388325,3.839081526151015,432,35230,1.3437318798561757,alzheimer,118.58283659978935,220.8947929954746,8.38422822683503,1.3437318798561757,2.128076075611676,1.160918473848985,432,35230,3.656268120143824,432,35230,0.00440654068865519,0.0033185924367191,1.903625577499042,0.6228883964738497,0.6827643204102967,3.1244868345877874
08.sin especificar,2020,310.41716340021065,420.10520700452537,29.615771773164973,3.656268120143824,9.871923924388325,3.839081526151015,432,35230,2.128076075611676,metabolic,118.58283659978935,220.8947929954746,8.38422822683503,1.3437318798561757,2.128076075611676,1.160918473848985,432,35230,9.871923924388325,432,35230,0.00425011015445288,0.00749794113271698,1.836047586723644,1.4073377849407547,-0.9223344717602351,4.594429645207523
08.sin especificar,2020,310.41716340021065,420.10520700452537,29.615771773164973,3.656268120143824,9.871923924388325,3.839081526151015,432,35230,1.160918473848985,anemia,118.58283659978935,220.8947929954746,8.38422822683503,1.3437318798561757,2.128076075611676,1.160918473848985,432,35230,3.839081526151015,432,35230,0.00999993434330304,0.00872208144194577,4.319971636306914,1.6371047143888207,1.1112463961048253,7.528696876509002
08.sin especificar,2021,300.6895512002846,406.94027600603886,28.68769569755365,3.541690826858476,9.562565232517883,3.718775368201399,287,12967,-67.68955120028458,resp,-67.68955120028458,-4.940276006038868,-3.6876956975536492,2.458309173141524,-1.5625652325178834,6.281224631798601,287,12967,300.6895512002846,287,12967,0.0300469083898887,0.0649857234380964,8.623462707898057,7.400102127658123,-5.880737462311863,23.127662878107976
08.sin especificar,2021,300.6895512002846,406.94027600603886,28.68769569755365,3.541690826858476,9.562565232517883,3.718775368201399,287,12967,-4.940276006038868,circ,-67.68955120028458,-4.940276006038868,-3.6876956975536492,2.458309173141524,-1.5625652325178834,6.281224631798601,287,12967,406.94027600603886,287,12967,0.105358348072236,0.0749969409770421,30.23784589673173,8.540106859327699,13.499236452449441,46.97645534101402
08.sin especificar,2021,300.6895512002846,406.94027600603886,28.68769569755365,3.541690826858476,9.562565232517883,3.718775368201399,287,12967,-3.6876956975536492,diabetes,-67.68955120028458,-4.940276006038868,-3.6876956975536492,2.458309173141524,-1.5625652325178834,6.281224631798601,287,12967,28.68769569755365,287,12967,0.0170414750473841,0.015902423123679,4.890903338599236,1.8108524298349156,1.341632576122802,8.440174101075671
08.sin especificar,2021,300.6895512002846,406.94027600603886,28.68769569755365,3.541690826858476,9.562565232517883,3.718775368201399,287,12967,2.458309173141524,alzheimer,-67.68955120028458,-4.940276006038868,-3.6876956975536492,2.458309173141524,-1.5625652325178834,6.281224631798601,287,12967,3.541690826858476,287,12967,0.00912138434762869,0.00510434482111052,2.6178373077694337,0.5812457101748183,1.47859571582679,3.757078899712077
08.sin especificar,2021,300.6895512002846,406.94027600603886,28.68769569755365,3.541690826858476,9.562565232517883,3.718775368201399,287,12967,-1.5625652325178834,metabolic,-67.68955120028458,-4.940276006038868,-3.6876956975536492,2.458309173141524,-1.5625652325178834,6.281224631798601,287,12967,9.562565232517883,287,12967,-6.6415559901285e-4,0.00613657952776746,-0.19061265691668794,0.6987891003973021,-1.5602392936954002,1.1790139798620243
08.sin especificar,2021,300.6895512002846,406.94027600603886,28.68769569755365,3.541690826858476,9.562565232517883,3.718775368201399,287,12967,6.281224631798601,anemia,-67.68955120028458,-4.940276006038868,-3.6876956975536492,2.458309173141524,-1.5625652325178834,6.281224631798601,287,12967,3.718775368201399,287,12967,-1.47071015643707e-6,0.0119092821135496,-4.220938148974391e-4,1.3561425378500145,-2.658461468000926,2.657617280371131
08.sin especificar,2022,290.96193900035365,393.77534500754575,27.759619621941866,3.4271135335730705,9.25320654064729,3.5984692102517237,40,540,-144.96193900035365,resp,-144.96193900035365,-148.77534500754578,-14.759619621941866,-3.4271135335730705,-5.253206540647289,4.401530789748277,40,540,290.96193900035365,40,540,0.601479009707693,0.255692449816258,24.059160388307717,5.941755599336057,12.413319413609045,35.70500136300639
08.sin especificar,2022,290.96193900035365,393.77534500754575,27.759619621941866,3.4271135335730705,9.25320654064729,3.5984692102517237,40,540,-148.77534500754578,circ,-144.96193900035365,-148.77534500754578,-14.759619621941866,-3.4271135335730705,-5.253206540647289,4.401530789748277,40,540,393.77534500754575,40,540,0.345798269097724,0.29437384864771,13.831930763908959,6.8406300802293805,0.42429580665937294,27.239565721158545
08.sin especificar,2022,290.96193900035365,393.77534500754575,27.759619621941866,3.4271135335730705,9.25320654064729,3.5984692102517237,40,540,-14.759619621941866,diabetes,-144.96193900035365,-148.77534500754578,-14.759619621941866,-3.4271135335730705,-5.253206540647289,4.401530789748277,40,540,27.759619621941866,40,540,0.0725737179811604,0.10812769594283,2.902948719246416,2.5126605939021593,-2.021866044801816,7.827763483294648
08.sin especificar,2022,290.96193900035365,393.77534500754575,27.759619621941866,3.4271135335730705,9.25320654064729,3.5984692102517237,40,540,-3.4271135335730705,alzheimer,-144.96193900035365,-148.77534500754578,-14.759619621941866,-3.4271135335730705,-5.253206540647289,4.401530789748277,40,540,3.4271135335730705,40,540,-0.00414193923806022,0.0117428120989469,-0.1656775695224088,0.2728782941811858,-0.7005190261175329,0.36916388707271536
08.sin especificar,2022,290.96193900035365,393.77534500754575,27.759619621941866,3.4271135335730705,9.25320654064729,3.5984692102517237,40,540,-5.253206540647289,metabolic,-144.96193900035365,-148.77534500754578,-14.759619621941866,-3.4271135335730705,-5.253206540647289,4.401530789748277,40,540,9.25320654064729,40,540,-0.0246590185816083,0.0193607872407007,-0.986360743264332,0.4499040393161931,-1.8681726603240705,-0.10454882620459349
08.sin especificar,2022,290.96193900035365,393.77534500754575,27.759619621941866,3.4271135335730705,9.25320654064729,3.5984692102517237,40,540,4.401530789748277,anemia,-144.96193900035365,-148.77534500754578,-14.759619621941866,-3.4271135335730705,-5.253206540647289,4.401530789748277,40,540,3.5984692102517237,40,540,0.0360126941797099,0.0213160650163423,1.440507767188396,0.49534058888980953,0.4696402129643692,2.4113753214124225
08.sin especificar,2023,281.23432680042714,380.6104140090586,26.8315435463305,3.3125362402877165,8.943847848776834,3.478163052302102,3,5,-47.23432680042713,resp,-47.23432680042713,-38.61041400905864,-12.8315435463305,-2.3125362402877165,-3.9438478487768336,-1.478163052302102,3,5,281.23432680042714,3,5,2.25312298358419,2.23718669174474,6.75936895075257,5.002501521099107,-3.0455340306016794,16.56427193210682
08.sin especificar,2023,281.23432680042714,380.6104140090586,26.8315435463305,3.3125362402877165,8.943847848776834,3.478163052302102,3,5,-38.61041400905864,circ,-47.23432680042713,-38.61041400905864,-12.8315435463305,-2.3125362402877165,-3.9438478487768336,-1.478163052302102,3,5,380.6104140090586,3,5,4.57078288756883,2.85458668612169,13.712348662706491,6.383049877833955,1.201570902151941,26.223126423261043
08.sin especificar,2023,281.23432680042714,380.6104140090586,26.8315435463305,3.3125362402877165,8.943847848776834,3.478163052302102,3,5,-12.8315435463305,diabetes,-47.23432680042713,-38.61041400905864,-12.8315435463305,-2.3125362402877165,-3.9438478487768336,-1.478163052302102,3,5,26.8315435463305,3,5,-0.246592559620533,0.37396532711075,-0.7397776788615991,0.836211892647582,-2.37875298845086,0.8991976307276617
08.sin especificar,2023,281.23432680042714,380.6104140090586,26.8315435463305,3.3125362402877165,8.943847848776834,3.478163052302102,3,5,-2.3125362402877165,alzheimer,-47.23432680042713,-38.61041400905864,-12.8315435463305,-2.3125362402877165,-3.9438478487768336,-1.478163052302102,3,5,3.3125362402877165,3,5,-0.162676453140954,0.125769831536356,-0.48802935942286196,0.28122989283398886,-1.03923994937748,0.06318123053175617
08.sin especificar,2023,281.23432680042714,380.6104140090586,26.8315435463305,3.3125362402877165,8.943847848776834,3.478163052302102,3,5,-3.9438478487768336,metabolic,-47.23432680042713,-38.61041400905864,-12.8315435463305,-2.3125362402877165,-3.9438478487768336,-1.478163052302102,3,5,8.943847848776834,3,5,0.63994703883209,0.164837539386977,1.91984111649627,0.36858794331307965,1.197408747602634,2.6422734853899064
08.sin especificar,2023,281.23432680042714,380.6104140090586,26.8315435463305,3.3125362402877165,8.943847848776834,3.478163052302102,3,5,-1.478163052302102,anemia,-47.23432680042713,-38.61041400905864,-12.8315435463305,-2.3125362402877165,-3.9438478487768336,-1.478163052302102,3,5,3.478163052302102,3,5,-0.235865297471196,0.193125264035222,-0.707595892413588,0.4318412185553518,-1.5540046807820775,0.13881289595490154
08.sin especificar,2024,271.506714600496,367.44548301056534,25.903467470718702,3.1979589470023093,8.634489156906234,3.3578568943524245,4,6,-48.506714600496046,resp,-48.506714600496046,-44.445483010565326,-7.9034674707187005,-2.1979589470023093,-0.6344891569062339,5.642143105647576,4,6,271.506714600496,4,6,NA,2.09305245868496,NA,5.1269105286559205,NA,NA
08.sin especificar,2024,271.506714600496,367.44548301056534,25.903467470718702,3.1979589470023093,8.634489156906234,3.3578568943524245,4,6,-44.445483010565326,circ,-48.506714600496046,-44.445483010565326,-7.9034674707187005,-2.1979589470023093,-0.6344891569062339,5.642143105647576,4,6,367.44548301056534,4,6,NA,3.81836953985361,NA,9.35305702202714,NA,NA
08.sin especificar,2024,271.506714600496,367.44548301056534,25.903467470718702,3.1979589470023093,8.634489156906234,3.3578568943524245,4,6,-7.9034674707187005,diabetes,-48.506714600496046,-44.445483010565326,-7.9034674707187005,-2.1979589470023093,-0.6344891569062339,5.642143105647576,4,6,25.903467470718702,4,6,NA,0.558368199472475,NA,1.3677171773041388,NA,NA
08.sin especificar,2024,271.506714600496,367.44548301056534,25.903467470718702,3.1979589470023093,8.634489156906234,3.3578568943524245,4,6,-2.1979589470023093,alzheimer,-48.506714600496046,-44.445483010565326,-7.9034674707187005,-2.1979589470023093,-0.6344891569062339,5.642143105647576,4,6,3.1979589470023093,4,6,NA,0.115484827895745,NA,0.282878901377708,NA,NA
08.sin especificar,2024,271.506714600496,367.44548301056534,25.903467470718702,3.1979589470023093,8.634489156906234,3.3578568943524245,4,6,-0.6344891569062339,metabolic,-48.506714600496046,-44.445483010565326,-7.9034674707187005,-2.1979589470023093,-0.6344891569062339,5.642143105647576,4,6,8.634489156906234,4,6,NA,0.246188471717645,NA,0.6030361362638379,NA,NA
08.sin especificar,2024,271.506714600496,367.44548301056534,25.903467470718702,3.1979589470023093,8.634489156906234,3.3578568943524245,4,6,5.642143105647576,anemia,-48.506714600496046,-44.445483010565326,-7.9034674707187005,-2.1979589470023093,-0.6344891569062339,5.642143105647576,4,6,3.3578568943524245,4,6,NA,0.229189657964478,NA,0.5613977163359737,NA,NA
